INSP_STUDY_ID	INSPECTION_ID	STUDY	SEQ_NO
16400889	65526376	SB	1
16400890	65526381	SB	1
16400896	65526393	SB	1
16400899	65526400	SB	1
16400902	65526405	SB	1
16400918	65526445	SB/DD	1
16400920	65526447	SB	1
16400932	65527459	GAS2019	1
16401079	65529575	2019-02	1
16401080	65529576	2019-02	1
16401081	65529587	2019-02	1
16401088	65530981	3206	1
16401089	65530982	3206	1
16401090	65530983	3206	1
16401091	65530983	UT	2
16401092	65530984	3206	1
16401093	65530984	UT	2
16401094	65530985	3206	1
16401095	65530985	UT	2
16401096	65530986	3206	1
16401097	65530986	UT	2
16401098	65530987	3206	1
16401099	65530987	UT	2
16401100	65531049	3206	1
16401101	65531054	3206	1
16401117	65532654	I	1
16401138	65540645	SB	1
16401145	65540651	SB	1
16401152	65540657	ICE MISSILE	1
16401153	65540658	SPEED	1
16401158	65540667	SB	1
16401163	65540678	SB	1
16401165	65540684	SB	1
16401166	65540685	SB	1
16401168	65540689	SB	1
16401169	65540690	SB	1
16401170	65540691	SB	1
16401172	65540694	SB	1
16401176	65540699	SB	1
16401177	65540700	SB	1
16401183	65540714	CELL PHONE	1
16401184	65540716	SB	1
16401187	65540729	SB	1
16401190	65540735	SB	1
16401191	65540736	SB	1
16401192	65540737	SB	1
16401193	65540738	SB	1
16401195	65540741	SB	1
16401196	65540742	SB	1
16401198	65540746	SB	1
16401645	65542303	MEC CHECK CONFIRMED	7
16401648	65542567	TPK18	3
16401649	65542568	TPK18	3
16401650	65542569	TPK18	3
16401677	65527786	BASIC	10
16401678	65527787	BASIC	10
16401679	65527803	BASIC	10
16401680	65543711	BASIC	10
16401682	65543721	BASIC	10
16401683	65543722	BASIC	10
16401684	65543723	BASIC	10
16401685	65543724	BASIC	10
16401688	65543732	BASIC	10
16401689	65543733	BASIC	10
16401697	65543744	BASIC	10
16401701	65527825	BASIC	10
16401702	65527826	BASIC	10
16401706	65527843	BASIC	10
16401707	65527844	BASIC	10
16401708	65527845	BASIC	1
16401709	65543774	BASIC	1
16401714	65543785	BASIC	1
16401715	65543786	BASIC	1
16401716	65543787	BASIC	1
16401717	65543788	BASIC	10
16401718	65543791	BASIC	10
16401719	65543792	BASIC	10
16401722	65527846	BASIC	10
16401725	65543820	BASIC	10
16401727	65543823	BASIC	10
16401728	65543824	BASIC	10
16401729	65543825	BASIC	10
16401733	65543834	BASIC	10
16401735	65543836	BASIC	10
16401740	65527784	BASIC	10
16401741	65527785	BASIC	10
16401790	65543969	BASIC	10
16401839	65544836	MEC CHECK-NO CONTACT	7
16401840	65544928	YES	1
16401841	65544928	YES	2
16401844	65545202	MEC CHECK-NO CONTACT	7
16401853	65545423	MEC CHECK-NO CONTACT	7
16401854	65545437	YES	1
16401855	65545437	YES	2
16401858	65545496	MEC CHECK-CONFIRMED	7
16401859	65545569	YES	1
16401860	65545569	YES	2
16401867	65545810	YES	1
16401868	65545810	YES	2
16401903	65548857	I	1
16401904	65548858	I	1
16401905	65548859	I	1
16401906	65548864	I	1
16401907	65548865	I	1
16401908	65548882	I	1
16401909	65548883	I	1
16401910	65548891	NEW ENTRANT	2
16401911	65548895	I	1
16401914	65548908	I	1
16401917	65548915	I	1
16401918	65548916	I	1
16401920	65548921	I	1
16401921	65548926	I	1
16401923	65548929	I	1
16401925	65548951	I	1
16401926	65548952	I	1
16401928	65549172	OIL FIELD	6
16401952	65555135	SB	1
16401953	65555141	SB	1
16401956	65555144	SPEED	1
16401957	65555145	SB	1
16401959	65555148	SB	1
16401968	65555159	SB	1
16401977	65555189	MEDICAL CARD CONFIRMED	7
16401978	65555198	MEDICAL CARD CONFIRMED	7
16401980	65555201	MEDICAL CARD CONFIRMED	7
16401981	65555206	MEDICAL CARD CONFIRMED	7
16401985	65555714	T198	1
16401986	65555715	T198	1
16401987	65555716	T198	1
16401988	65555717	T198	1
16401990	65555720	T198	1
16401996	65555913	MEC CHECK - CONFIRMED	7
16401997	65556103	N/A- TERMINAL INSPECTION	7
16402007	65556284	GAS2019	1
16402008	65556285	TPK18	3
16402009	65556294	TPK18	3
16402010	65556295	TPK18	3
16402011	65556296	TPK18	3
16402012	65556297	TPK18	3
16402014	65556307	TPK18	3
16402015	65556308	TPK18	3
16402018	65556315	TPK18	3
16402020	65556325	TPK18	3
16402021	65556326	TPK18	3
16402023	65556332	TPK18	3
16402025	65556347	GAS 2019	1
16402026	65556354	GAS 2019	1
16402027	65556355	GAS 2019	1
16402029	65556365	MEC CHECK - CONFIRMED	7
16402032	65556392	GAS2019	1
16402033	65556408	12700	9
16402034	65556408	HW	10
16402045	65543968	BASIC	10
16402049	65543952	BASIC	10
16402050	65543781	BASIC	10
16402051	65543782	BASIC	10
16402052	65543783	BASIC	10
16402053	65543784	BASIC	10
16402057	65543985	BASIC	10
16402058	65543953	BASIC	10
16402059	65543962	BASIC	10
16402061	65543964	BASIC	10
16402063	65557090	BASIC	10
16402064	65543965	BASIC	10
16402067	65543974	BASIC	10
16402068	65527991	BASIC	10
16402070	65544030	BASIC	1
16402071	65557103	BASIC	10
16402072	65527735	BASIC	10
16402073	65527992	BASIC	10
16402074	65527993	BASIC	10
16402075	65527994	BASIC	10
16402076	65528019	BASIC	10
16402078	65544043	BASIC	10
16402079	65544044	BASIC	10
16402080	65544045	BASIC	10
16402081	65544035	BASIC	10
16402082	65527736	BASIC	10
16402083	65527753	BASIC	10
16402084	65527754	BASIC	10
16402086	65528020	BASIC	10
16402087	65543906	BASIC	10
16402088	65543910	BASIC	10
16402089	65557112	BASIC	10
16402091	65543918	BASIC	10
16402094	65544037	BASIC	10
16402095	65544050	BASIC	10
16402096	65557115	BASIC	10
16402097	65527772	BASIC	10
16402098	65543830	BASIC	10
16402102	65557119	BASIC	10
16402103	65557120	BASIC	10
16402104	65527737	BASIC	10
16402107	65543938	BASIC	10
16402108	65543942	BASIC	10
16402110	65557123	BASIC	10
16402111	65557124	BASIC	10
16402113	65527789	BASIC	10
16402114	65527790	BASIC	10
16402115	65543736	BASIC	10
16402118	65543707	BASIC	10
16402119	65543708	BASIC	10
16402120	65527738	BASIC	10
16402121	65527739	BASIC	10
16402122	65527740	BASIC	10
16402123	65543847	BASIC	10
16402125	65543949	BASIC	10
16402126	65543737	BASIC	10
16402127	65557126	BASIC	10
16402128	65557127	BASIC	10
16402129	65557128	BASIC	10
16402130	65543709	BASIC	10
16402133	65557129	BASIC	10
16402134	65543848	BASIC	10
16402135	65543856	BASIC	10
16402136	65543857	BASIC	10
16402137	65527759	BASIC	10
16402138	65543986	BASIC	10
16402142	65527760	BASIC	10
16402143	65527777	BASIC	10
16402146	65543859	MED CHECK VERIFIED	1
16402147	65543859	BASIC	2
16402148	65543996	BASIC	1
16402149	65543866	BASIC	10
16402151	65543869	BASIC	10
16402152	65543870	BASIC	10
16402153	65557142	MED CHECK VERIFIED	1
16402154	65557142	BASIC	2
16402155	65557143	BASIC	1
16402157	65543871	BASIC	10
16402158	65557145	BASIC	10
16402159	65527796	BASIC	10
16402160	65557146	BASIC	1
16402161	65544022	BASIC	10
16402162	65544031	BASIC	10
16402165	65557151	BASIC	10
16402166	65557153	BASIC	10
16402167	65543979	BASIC	10
16402168	65543980	BASIC	10
16402169	65557154	BASIC	10
16402170	65557155	BASIC	10
16402173	65544047	BASIC	10
16402175	65557156	BASIC	10
16402177	65557158	BASIC	10
16402178	65557159	BASIC	10
16402179	65557165	BASIC	10
16402180	65557166	BASIC	10
16402181	65557167	BASIC	10
16402182	65557168	BASIC	10
16402183	65544049	BASIC	10
16402184	65543919	BASIC	10
16402186	65557170	BASIC	10
16402187	65527884	BASIC	10
16402189	65527886	BASIC	10
16402190	65527904	BASIC	10
16402192	65557176	BASIC	10
16402193	65557177	BASIC	10
16402195	65543930	BASIC	10
16402196	65557179	BASIC	10
16402197	65557180	BASIC	10
16402198	65557182	BASIC	10
16402200	65543739	BASIC	10
16402201	65543749	BASIC	10
16402204	65527998	BASIC	10
16402205	65557187	BASIC	10
16402206	65543940	BASIC	10
16402208	65557189	BASIC	10
16402209	65557191	BASIC	10
16402210	65557192	BASIC	10
16402216	65557304	MEC CHECK-CONFIRMED	7
16402217	65557308	MEC CHECK-NO CONTACT	7
16402218	65557364	YES	1
16402219	65557364	YES	2
16402234	65564427	SB	1
16402235	65564427	NO LICENSE	2
16402236	65564427	MED CARD VIO	3
16402237	65564429	SB DD	1
16402238	65564430	SB DD	1
16402239	65564431	SB DD	1
16402243	65564435	SB	1
16402246	65564438	SB DD	1
16402247	65564439	SB DD	1
16402249	65564441	SB	1
16402252	65564448	SB	1
16402260	65564462	SB	1
16402262	65540677	SB	1
16402264	65540669	SB	1
16402267	65564472	SB	1
16402269	65564474	SB	1
16402271	65540748	SB	1
16402282	65555151	SB	1
16402284	65540711	S/B	1
16402286	65564494	SB	1
16402287	65564495	SB	1
16402289	65564498	SB	1
16402290	65564502	SB	1
16402291	65564503	SB	1
16402292	65564504	SB	1
16402295	65564509	SB	1
16402296	65564510	SB	1
16402297	65564511	SB	1
16402298	65564512	SB	1
16402299	65540693	SB	1
16402301	65564515	SB	1
16402308	65564524	SB	1
16402309	65564527	SB	1
16402310	65564529	SB	1
16402313	65564532	2	1
16402314	65564533	5	1
16402318	65564537	4	1
16402320	65564539	5	1
16402322	65564541	5	1
16402324	65564543	2	1
16402325	65564544	2	1
16402326	65564545	4	1
16402336	65564554	4	1
16402337	65564555	4	1
16402338	65564556	4	1
16402343	65564561	4	1
16402344	65564562	5	1
16402350	65564568	5	1
16402351	65564569	5	1
16402352	65564570	5	1
16402355	65564573	2	1
16402356	65564574	1	1
16402357	65564575	1	1
16402358	65564576	1	1
16402359	65564577	2	1
16402361	65564579	1	1
16402362	65564580	1	1
16402363	65564581	1	1
16402384	65564601	2	1
16402385	65564602	2	1
16402386	65564603	2	1
16402387	65564604	1	1
16402388	65564605	1	1
16402389	65564606	1	1
16402391	65564608	5	1
16402392	65564609	2	1
16402394	65564611	2	1
16402395	65564612	2	1
16402399	65564617	5	1
16402400	65564618	5	1
16402401	65564619	2	1
16402402	65564620	2	1
16402406	65564625	2	1
16402415	65564634	1	1
16402416	65564635	1	1
16402417	65564636	2	1
16402418	65564637	2	1
16402423	65564642	2	1
16402425	65564644	2	1
16402428	65564648	1	1
16402429	65564649	1	1
16402430	65564651	2	1
16402431	65564652	2	1
16402432	65564653	2	1
16402433	65564654	1	1
16402434	65564655	1	1
16402436	65564657	1	1
16402438	65564659	5	1
16402439	65564660	5	1
16402441	65564662	5	1
16402466	65564687	1	1
16402467	65564688	4	1
16402469	65564690	2	1
16402471	65564692	5	1
16402472	65564693	5	1
16402478	65564699	5	1
16402479	65564700	5	1
16402480	65564701	1	1
16402482	65564703	2	1
16402483	65564704	2	1
16402484	65564705	2	1
16402487	65564709	7	1
16402488	65564710	1	1
16402490	65564712	5	1
16402492	65564714	7	1
16402493	65564715	1	1
16402494	65564716	7	1
16402495	65564717	7	1
16402501	65564727	1	1
16402502	65564728	1	1
16402503	65564729	1	1
16402506	65564732	2	1
16402519	65564750	1	1
16402520	65564751	2	1
16402521	65564752	2	1
16402522	65564753	2	1
16402523	65564754	2	1
16402524	65564755	1	1
16402525	65564756	1	1
16402526	65564757	1	1
16402535	65564767	2	1
16402540	65564775	2	1
16402542	65564777	1	1
16402543	65564778	1	1
16402544	65564779	1	1
16402545	65564780	2	1
16402546	65564781	2	1
16402555	65564790	2	1
16402557	65564792	1	1
16402558	65564793	1	1
16402561	65564796	2	1
16402562	65564797	2	1
16402567	65564802	1	1
16402568	65564803	1	1
16402570	65564806	2	1
16402571	65564807	1	1
16402578	65564814	2	1
16402579	65564815	2	1
16402580	65564816	2	1
16402581	65564817	1	1
16402585	65564822	2	1
16402587	65564824	2	1
16402588	65564825	2	1
16402593	65564830	1	1
16402598	65564835	1	1
16402599	65564836	1	1
16402600	65564837	2	1
16402607	65564844	2	1
16402608	65564845	2	1
16402613	65564851	2	1
16402615	65564853	2	1
16402618	65564856	1	1
16402619	65564857	1	1
16402624	65564862	2	1
16402628	65564867	6	1
16402629	65564868	1	1
16402630	65564869	2	1
16402633	65564872	2	1
16402644	65564883	2	1
16402645	65564884	2	1
16402646	65564885	2	1
16402647	65564886	2	1
16402654	65564895	2	1
16402656	65564897	2	1
16402657	65564898	1	1
16402658	65564899	2	1
16402659	65564900	2	1
16402661	65564902	2	1
16402670	65564911	2	1
16402671	65564912	2	1
16402672	65564913	2	1
16402673	65564914	2	1
16402677	65564918	2	1
16402698	65564940	2	1
16402699	65564941	2	1
16402701	65564943	2	1
16402702	65564944	2	1
16402703	65564945	1	1
16402717	65564959	2	1
16402718	65564960	2	1
16402719	65564961	2	1
16402724	65564966	2	1
16402727	65564970	2	1
16402728	65564971	2	1
16402730	65564973	2	1
16402734	65564977	2	1
16402737	65564980	2	1
16402740	65564983	2	1
16402743	65564986	2	1
16402746	65564989	2	1
16402747	65564990	2	1
16402757	65564999	1	1
16402758	65565000	2	1
16402759	65565001	2	1
16402761	65565003	2	1
16402763	65565005	2	1
16402764	65565006	2	1
16402766	65565008	2	1
16402768	65565010	2	1
16402769	65565011	2	1
16402770	65565012	2	1
16402771	65565013	2	1
16402786	65565028	2	1
16402788	65565030	2	1
16402789	65565031	2	1
16402792	65565035	2	1
16402793	65565036	3	1
16402794	65565037	3	1
16402802	65565046	1	1
16402803	65565048	2	1
16402805	65565050	2	1
16402809	65565054	2	1
16402810	65565055	2	1
16402812	65565058	3	1
16402813	65565059	2	1
16402814	65565060	2	1
16402825	65565071	2	1
16402826	65565072	2	1
16402827	65565073	2	1
16402831	65565077	2	1
16402832	65565078	2	1
16402835	65565080	3	1
16402847	65565092	2	1
16402848	65565093	2	1
16402873	65565120	1	1
16402874	65565121	2	1
16402875	65565122	2	1
16402883	65565130	1	1
16402884	65565131	1	1
16402886	65565133	1	1
16402889	65565136	2	1
16402890	65565137	2	1
16402891	65565138	6	1
16402892	65565139	2	1
16402895	65565143	2	1
16402896	65565144	1	1
16402897	65565145	1	1
16402901	65565149	2	1
16402902	65565150	2	1
16402904	65565152	2	1
16402906	65565154	2	1
16402907	65565155	2	1
16402911	65565159	2	1
16402914	65565162	2	1
16402915	65565163	1	1
16402916	65565164	2	1
16402919	65565167	2	1
16402920	65565168	2	1
16402922	65565170	1	1
16402925	65565173	2	1
16402927	65565175	1	1
16402928	65565177	1	1
16402929	65565179	2	1
16402930	65565180	2	1
16402931	65565181	2	1
16402932	65565182	1	1
16402933	65565183	1	1
16402934	65565184	2	1
16402935	65565185	2	1
16402939	65565189	5	1
16402942	65565192	2	1
16402943	65565193	2	1
16402944	65565194	2	1
16402947	65565197	1	1
16402948	65565198	1	1
16402949	65565199	5	1
16402951	65565201	1	1
16402952	65565202	1	1
16402956	65565208	2	1
16402957	65565209	2	1
16402958	65565210	2	1
16402961	65565213	2	1
16402962	65565214	1	1
16402965	65565219	2	1
16402969	65565224	1	1
16402976	65565236	2	1
16402978	65565238	2	1
16402983	65565247	1	1
16402985	65565249	1	1
16402986	65565250	3	1
16402993	65565259	3	1
16402995	65565261	3	1
16403001	65565271	2	1
16403002	65565272	2	1
16403003	65565273	2	1
16403010	65565283	2	1
16403012	65565285	2	1
16403017	65565291	1	1
16403018	65565292	1	1
16403019	65565293	1	1
16403020	65565295	2	1
16403021	65565296	2	1
16403049	65565325	1	1
16403050	65565326	1	1
16403061	65565341	2	1
16403064	65565348	2	1
16403065	65565349	4	1
16403067	65565351	4	1
16403068	65565356	4	1
16403069	65565357	4	1
16403074	65565366	5	1
16403075	65565367	5	1
16403077	65565373	5	1
16403078	65565374	2	1
16403080	65565380	4	1
16403081	65565381	4	1
16403082	65565382	4	1
16403083	65565383	5	1
16403084	65565388	1	1
16403085	65565390	1	1
16403087	65565392	5	1
16403089	65565394	5	1
16403092	65565401	2	1
16403093	65565402	2	1
16403095	65565404	5	1
16403096	65565405	5	1
16403103	65565411	2	1
16403104	65565412	5	1
16403105	65565413	5	1
16403107	65565415	1	1
16403108	65565416	1	1
16403135	65565464	2	1
16403136	65565471	2	1
16403139	65565474	4	1
16403140	65565475	4	1
16403142	65565477	4	1
16403143	65565478	5	1
16403179	65565514	2	1
16403183	65565518	2	1
16403184	65566127	MEC CHECK-CONFIRMED	7
16403185	65566128	MEC CHECK-CONFIRMED	7
16403190	65566202	TM40	1
16403191	65566205	TM40	1
16403192	65566206	TM40	1
16403193	65566207	TM40	1
16403194	65566208	TM40	1
16403198	65566210	TM40	1
16403199	65566211	TM40	1
16403200	65566212	TM40	1
16403201	65566213	TM40	1
16403202	65566226	TM40	1
16403203	65566227	TM40	1
16403204	65566228	TM40	1
16403208	65566234	TM40	1
16403209	65566235	TM40	1
16403210	65566236	TM40	1
16403211	65566237	TM40	1
16403214	65566243	TM40	1
16403216	65566245	TM40	1
16403217	65566253	TM40	1
16403218	65566254	TM40	1
16403220	65566258	TM40	1
16403221	65566259	TM40	1
16403222	65566260	TM40	1
16403223	65566261	TM40	1
16403224	65566262	TM40	1
16403225	65566263	TM40	1
16403226	65566264	TM40	1
16403227	65566265	TM40	1
16403228	65566266	TM40	1
16403232	65566271	T198	1
16403233	65566273	TM40	1
16403234	65566274	TM40	1
16403235	65566275	TM40	1
16403236	65566276	TM40	1
16403237	65566277	TM40	1
16403238	65566278	TM40	1
16403239	65566279	TM40	1
16403243	65566281	TM40	1
16403244	65566282	TM40	1
16403245	65566283	TM40	1
16403246	65566288	TM40	1
16403247	65566289	TM40	1
16403248	65566290	TM40	1
16403249	65566292	TM40	1
16403250	65566293	TM40	1
16403251	65566294	TM40	1
16403252	65566295	TM40	1
16403255	65566303	TM40	1
16403257	65566307	TM40	1
16403258	65566308	TM40	1
16403259	65566310	TM40	1
16403260	65566311	TM40	1
16403261	65566312	TM40	1
16403262	65566313	TM40	1
16403263	65566314	TM40	1
16403264	65566315	TM40	1
16403265	65566316	TM40	1
16403266	65566317	TM40	1
16403267	65566318	TM40	1
16403268	65566319	TM40	1
16403272	65566323	TM40	1
16403273	65566324	TM40	1
16403274	65566325	TM40	1
16403275	65566326	TM40	1
16403276	65566327	TM40	1
16403277	65566328	TM40	1
16403278	65566329	TM40	1
16403280	65566330	TM40	1
16403281	65566331	TM40	1
16403282	65566334	TM40	1
16403283	65566335	TM40	1
16403284	65566339	TM40	1
16403285	65566340	TM40	1
16403286	65566341	TM40	1
16403287	65566342	TM40	1
16403288	65566343	TM40	1
16403289	65566344	TM40	1
16403290	65566345	TM40	1
16403291	65566347	TM40	1
16403292	65566348	TM40	1
16403293	65566349	TM40	1
16403299	65566360	TM40	1
16403300	65566361	TM40	1
16403301	65566362	TM40	1
16403302	65566363	TM40	1
16403307	65566372	TM40	1
16403308	65566377	TM40	1
16403309	65566378	TM40	1
16403310	65566379	TM40	1
16403311	65566380	TM40	1
16403312	65566384	TM40	1
16403313	65566392	TM40	1
16403314	65566393	TM40	1
16403316	65566395	TM40	1
16403319	65566402	TM40	1
16403320	65566403	TM40	1
16403321	65566404	TM40	1
16403322	65566405	TM40	1
16403324	65566413	TM40	1
16403325	65566414	TM40	1
16403326	65566419	TM40	1
16403327	65566422	TM40	1
16403328	65566423	TM40	1
16403329	65566425	TM40	1
16403330	65566426	TM40	1
16403331	65566427	TM40	1
16403332	65566428	TM40	1
16403333	65566429	TM40	1
16403334	65566431	TM40	1
16403336	65566435	TM40	1
16403337	65566436	TM4O	1
16403338	65566437	TM40	1
16403339	65566438	TM40	1
16403341	65566443	TM40	1
16403342	65566444	TM40	1
16403343	65566445	TM40	1
16403344	65566446	TM40	1
16403346	65566448	TM40	1
16403347	65566449	TM40	1
16403348	65566453	TM40	1
16403350	65566455	TM40	1
16403351	65566456	TM40	1
16403352	65566457	TM40	1
16403353	65566462	TM40	1
16403356	65566465	TM40	1
16403357	65566466	TM40	1
16403358	65566467	TM40	1
16403359	65566468	TM40	1
16403360	65566469	TM40	1
16403361	65566470	TM40	1
16403362	65566471	TM40	1
16403363	65566472	TM40	1
16403364	65566473	TM40	1
16403365	65566474	TM40	1
16403366	65566475	TM40	1
16403367	65566477	TM40	1
16403368	65566479	TM40	1
16403369	65566484	TM40	1
16403370	65566485	TM40	1
16403372	65566491	TM40	1
16403373	65566492	TM40	1
16403374	65566493	TM40	1
16403375	65566496	TM40	1
16403376	65566497	TM40	1
16403377	65566498	TM40	1
16403378	65566499	TM40	1
16403379	65566500	TM40	1
16403380	65566501	TM40	1
16403381	65566502	TM40	1
16403383	65566504	TM40	1
16403384	65566505	TM40	1
16403385	65566508	TM40	1
16403390	65566520	TM40	1
16403391	65566521	TM40	1
16403393	65566763	MEC CHECK VERIFIED	7
16403396	65567494	MEC CHECK CONFIRMED	7
16403397	65567498	MED CHECKED - CONFIRMED	7
16403409	65571250	BASIC	10
16403411	65571252	BASIC	10
16403413	65571258	BASIC	10
16403416	65571264	BASIC	10
16403419	65571267	BASIC	10
16403420	65571268	BASIC	10
16403421	65571269	BASIC	10
16403422	65544036	BASIC	10
16403423	65571276	BASIC	10
16403424	65571277	BASIC	10
16403426	65571279	BASIC	10
16403427	65571280	BASIC	10
16403428	65571281	BASIC	10
16403429	65571285	BASIC	10
16403431	65571290	MED CHECK VERIFIED	1
16403432	65571290	BASIC	2
16403433	65571291	BASIC	1
16403434	65571293	MED CHECK VERIFIED	1
16403435	65571293	BASIC	2
16403436	65571294	MED CHECK VERIFIED	1
16403437	65571294	BASIC	2
16403438	65571295	BASIC	1
16403441	65571316	BASIC	10
16403442	65571317	BASIC	10
16403444	65571325	BASIC	10
16403448	65571333	BASIC	10
16403449	65571334	BASIC	10
16403450	65571335	BASIC	10
16403453	65571338	BASIC	10
16403454	65571344	BASIC	10
16403455	65571345	BASIC	10
16403465	65571363	BASIC	10
16403469	65571370	BASIC	10
16403470	65571371	BASIC	10
16403471	65571372	BASIC	10
16403472	65571373	BASIC	10
16403473	65571375	BASIC	10
16403474	65571376	BASIC	10
16403478	65571388	BASIC	10
16403479	65571389	BASIC	10
16403482	65571397	BASIC	10
16403486	65571788	FARM	1
16403490	65572546	MEC CHECK-CONFIRMED	7
16403491	65572673	MEC CHECK-NO CONTACT	7
16403492	65572694	MEC CHECK-CONFIRMED	7
16403493	65572972	FINAL DESTINATION IS SAXONBURG, PA.	1
16403494	65573275	FINAL DESTINATION IS SAN ELIZARIO, TX.	1
16403501	65573554	2019-01	1
16403502	65573564	2019-02	1
16403508	65575592	3206	1
16403509	65575593	3206	1
16403510	65575610	3206	1
16403511	65575617	3200	1
16403512	65575617	UT	2
16403515	65575650	3206	1
16403516	65575651	3206	1
16403517	65575652	3206	1
16403518	65575665	3200	1
16403519	65575665	D	2
16403520	65575666	3206	1
16403521	65575709	3200	1
16403522	65575709	UT	2
16403523	65575713	FARM	3
16403524	65575725	FARM	3
16403525	65575726	FARM	3
16403526	65575729	FARM	3
16403527	65575741	FARM	3
16403528	65575742	FARM	3
16403529	65575743	FARM	3
16403534	65575777	3206	1
16403535	65575778	3206	1
16403536	65575779	3206	1
16403537	65575780	3206	1
16403538	65575792	3200	1
16403539	65575792	UT	2
16403540	65575793	3200	1
16403541	65575793	UT	2
16403542	65575794	3200	1
16403543	65575794	UT	2
16403544	65575795	3206	1
16403547	65575804	3206	1
16403548	65575805	3206	1
16403549	65575806	3206	1
16403550	65575824	3206	1
16403551	65575825	3206	1
16403552	65575826	3206	1
16403553	65575827	3206	1
16403554	65575841	FARM	3
16403555	65575860	3206	1
16403556	65575861	3206	1
16403557	65575862	3206	1
16403558	65575863	3206	1
16403569	65560505	I	1
16403570	65577351	I	1
16403572	65560393	I	1
16403575	65577356	I	1
16403577	65560432	I	1
16403579	65577360	NEW ENTRANT	2
16403580	65560399	I	1
16403581	65577361	I	1
16403582	65577362	I	1
16403583	65560434	I	1
16403584	65560443	I	1
16403585	65560444	I	1
16403586	65560445	I	1
16403587	65560472	I	1
16403588	65577365	I	1
16403591	65560473	I	1
16403592	65560481	I	1
16403593	65560482	I	1
16403594	65577371	I	1
16403595	65577381	I	1
16403598	65560389	I	1
16403600	65577394	I	1
16403601	65577395	I	1
16403602	65560499	I	1
16403603	65560500	I	1
16403604	65560507	I	1
16403605	65560496	I	1
16403612	65582465	SB	1
16403613	65582466	SB	1
16403615	65582475	SB	1
16403619	65582491	SB	1
16403624	65582509	SB	1
16403629	65582581	2	1
16403630	65582582	1	1
16403632	65582588	5	1
16403633	65582589	2	1
16403634	65582590	2	1
16403635	65582591	6	1
16403636	65582592	6	1
16403639	65582595	4	1
16403640	65582596	4	1
16403644	65582599	5	1
16403645	65582600	2	1
16403646	65582601	2	1
16403647	65582602	2	1
16403648	65582603	2	1
16403650	65582605	4	1
16403652	65582608	2	1
16403653	65582609	2	1
16403654	65582610	2	1
16403655	65582611	2	1
16403656	65582612	2	1
16403658	65582614	2	1
16403662	65582621	2	1
16403665	65564823	2	1
16403666	65582624	2	1
16403667	65582625	2	1
16403669	65582627	1	1
16403670	65582628	1	1
16403671	65582629	5	1
16403673	65582631	2	1
16403674	65582632	2	1
16403675	65582634	2	1
16403677	65582643	2	1
16403678	65582644	2	1
16403680	65582647	2	1
16403681	65582648	2	1
16403682	65582649	4	1
16403685	65582652	5	1
16403686	65582653	2	1
16403688	65582655	2	1
16403689	65582656	2	1
16403692	65582659	1	1
16403694	65582661	2	1
16403696	65582663	4	1
16403697	65582664	4	1
16403698	65582665	2	1
16403700	65582667	2	1
16403701	65582668	2	1
16403702	65582669	2	1
16403703	65582670	4	1
16403706	65582673	2	1
16403707	65582674	2	1
16403709	65582676	2	1
16403710	65582677	2	1
16403714	65582682	2	1
16403715	65582683	2	1
16403716	65582685	2	1
16403717	65582686	2	1
16403718	65582687	2	1
16403719	65582688	2	1
16403720	65582689	2	1
16403726	65582698	1	1
16403727	65582699	2	1
16403729	65582701	2	1
16403730	65583299	MEC CHECK-NOT CONFIRMED	7
16403733	65583344	TM40	1
16403734	65583345	TM40	1
16403735	65583346	TM40	1
16403736	65583348	T198	1
16403740	65583359	TM40	1
16403741	65583360	TM40	1
16403742	65583361	TM40	1
16403751	65566511	TM40	1
16403752	65566512	TM40	1
16403753	65566514	TM40	1
16403754	65566515	TM40	1
16403757	65566516	TM40	1
16403758	65566517	TM40	1
16403760	65583455	T198	1
16403761	65583456	T198	1
16403762	65583465	T198	1
16403763	65583466	T198	1
16403770	65583509	TM40	1
16403772	65583513	T198	1
16403832	65584695	9400	9
16403833	65584695	HW	10
16403834	65584696	2000	9
16403835	65584696	HW	10
16403836	65584697	4900	9
16403837	65584697	HW	10
16403838	65584698	3100	9
16403839	65584698	HW	10
16403840	65584813	PORTAL DOWN	1
16403841	65584813	36  PASS	2
16403842	65584814	QC-OK	1
16403843	65584814	DRIVER OK	2
16403844	65584814	CARRIER  -OK	3
16403845	65584814	31 PASS	4
16403846	65584816	DRIVER QC-OK	1
16403847	65584816	CARRIER QC-OK	2
16403851	65584842	DRIVER  QC-OK	1
16403852	65584842	CARRIER  QC  -OK	2
16403853	65584843	DRIVER  QC-OK	1
16403854	65584843	CARRIER  QC -OK	2
16403855	65584859	MED CHECK CONFIRMED 1-8-2019@1011	7
16403856	65584860	MED CHECK CONFIRMED 1-8-2019@1257	7
16403859	65585022	BASIC	10
16403861	65585026	BASIC	10
16403862	65585028	BASIC	10
16403863	65585029	BASIC	10
16403864	65585030	BASIC	10
16403866	65585032	BASIC	10
16403868	65585036	BASIC	10
16403869	65585037	BASIC	10
16403871	65585039	BASIC	10
16403872	65585042	BASIC	10
16403874	65585044	BASIC	10
16403875	65585045	BASIC	10
16403876	65585051	MEC CHECK-CONFIRMED	7
16403878	65585054	BASIC	10
16403879	65585061	BASIC	10
16403880	65585063	BASIC	10
16403882	65585068	BASIC	10
16403883	65585069	BASIC	10
16403884	65585070	BASIC	10
16403886	65585078	BASIC	10
16403892	65585095	BASIC	10
16403896	65585100	BASIC	10
16403899	65585110	BASIC	10
16403901	65585127	BASIC	10
16403902	65585128	BASIC	10
16403903	65585129	BASIC	10
16403904	65585130	BASIC	10
16403908	65585156	BASIC	10
16403910	65585160	BASIC	10
16403914	65585173	BASIC	10
16403916	65585175	BASIC	10
16403917	65585176	BASIC	10
16403918	65585177	BASIC	10
16403919	65585178	BASIC	10
16403920	65585184	BASIC	10
16403921	65585185	BASIC	10
16403922	65585186	BASIC	10
16403923	65585187	BASIC	10
16403924	65585189	BASIC	10
16403926	65585191	BASIC	10
16403928	65585196	BASIC	10
16403929	65585204	BASIC	10
16403930	65585205	BASIC	10
16403931	65585206	BASIC	10
16403933	65585216	BASIC	10
16403934	65585217	BASIC	10
16403936	65585219	BASIC	10
16403939	65585235	BASIC	10
16403941	65585237	BASIC	10
16403942	65585238	BASIC	10
16403943	65585241	MED CHECK VERIFIED	1
16403944	65585241	BASIC	2
16403945	65585247	BASIC	1
16403948	65585255	BASIC	10
16403949	65585263	BASIC	10
16403950	65585264	BASIC	10
16403951	65585265	BASIC	10
16403952	65585266	BASIC	10
16403953	65585267	BASIC	1
16403954	65585268	MED CHECK VERIFIED	1
16403955	65585268	BASIC	2
16403957	65585270	MED CHECK VERIFIED	1
16403958	65585275	BASIC	1
16403959	65585276	BASIC	1
16403960	65585277	BASIC	1
16403964	65585284	BASIC	10
16403965	65585285	BASIC	10
16403967	65585288	BASIC	10
16403969	65585294	BASIC	10
16403970	65585295	BASIC	10
16403971	65585298	MED CHECK VERIFIED	1
16403972	65585298	BASIC	2
16403973	65585302	BASIC	10
16403974	65585303	BASIC	10
16403975	65585304	BASIC	10
16403979	65585308	BASIC	10
16403984	65585320	BASIC	10
16403985	65585325	BASIC	10
16403986	65585326	BASIC	10
16403988	65585328	BASIC	10
16403989	65585333	BASIC	10
16403991	65585335	BASIC	10
16403992	65585337	BASIC	10
16403993	65585338	BASIC	10
16403994	65585339	BASIC	10
16403995	65585340	BASIC	10
16403998	65585612	MEC CHECK - CONFIRMED	7
16403999	65585642	MEC CHECK - CONFIRMED	7
16404000	65585700	MEC CHECK-CONFIRMED	7
16404001	65585746	MEC CHECK-CONFIRMED	7
16404004	65585829	MEC CHECK-NOT CONFIRMED	7
16404007	65585871	MEC CHECK-CONFIRMED	7
16404008	65585938	YES	1
16404009	65585938	YES	2
16404010	65586071	MEC CHECK-NO CONTACT	7
16404011	65586390	2019-02	1
16404012	65586391	2019-02	1
16404014	65586412	2019-02	1
16404015	65586413	2019-02	1
16404017	65586415	2018-02	1
16404023	65586466	2019-02	1
16404024	65586467	2019-02	1
16404025	65586468	2019-02	1
16404026	65586488	2019-02	1
16404027	65586489	2019-02	1
16404030	65529411	FARM TRUCK	1
16404031	65530669	FARM TRUCK	3
16404032	65575894	3206	1
16404033	65575895	3206	1
16404034	65575769	3206	1
16404035	65575770	3206	1
16404036	65588128	3200	1
16404037	65588128	UT	2
16404038	65588129	3200	1
16404039	65588129	UT	2
16404040	65588130	3200	1
16404041	65588130	UT	2
16404042	65588131	3200	1
16404043	65588131	UT	2
16404044	65588132	3200	1
16404045	65588132	UT	2
16404046	65588133	3200	1
16404047	65588133	UT	2
16404048	65588164	FARM	3
16404049	65575771	3206	1
16404050	65575772	3206	1
16404051	65575796	3206	1
16404052	65575797	3206	1
16404053	65575864	3206	1
16404054	65575865	3206	1
16404055	65575866	3206	1
16404056	65575867	3206	1
16404057	65575896	3206	1
16404058	65575897	3206	1
16404059	65575898	3206	1
16404060	65575899	3206	1
16404061	65589403	MEC - UNABLE TO VERIFY	7
16404064	65589430	MEC CHECK - NOT CONFIRMED	7
16404065	65589438	MEC CHECK - NOT CONFIRMED	7
16404066	65589447	MEC CHECK - NOT CONFIRMED	7
16404074	65589560	I	1
16404075	65548953	I	1
16404076	65560397	I	1
16404077	65589572	I	1
16404079	65589579	I	1
16404080	65589580	I	1
16404081	65589581	I	1
16404082	65589582	I	1
16404084	65589590	I	1
16404086	65589622	I	1
16404088	65589624	I	1
16404089	65589639	I	1
16404090	65589640	I	1
16404091	65589641	I	1
16404092	65589657	I	1
16404093	65589658	I	1
16404096	65589674	I	1
16404097	65589675	I	1
16404098	65589676	I	1
16404101	65589679	I	1
16404102	65589683	I	1
16404103	65589689	I	1
16404104	65589690	I	1
16404105	65589691	I	1
16404106	65589732	I	1
16404108	65589746	I	1
16404109	65589748	I	1
16404111	65548945	I	1
16404112	65589977	FARM	3
16404114	65560757	CFV	3
16404115	65577659	OIL FIELD	6
16404118	65590964	YES	5
16404119	65590972	YES	5
16404125	65595602	SB	1
16404127	65595604	SB	1
16404129	65595612	SB	1
16404132	65564497	SB	1
16404133	65595615	SB	1
16404134	65595616	SB	1
16404137	65595620	SB	1
16404138	65595621	SB	1
16404142	65595625	SB	1
16404144	65595629	SB	1
16404145	65595632	SB	1
16404146	65595634	SB	1
16404148	65540697	SB	1
16404149	65564481	SB	1
16404150	65564482	SB	1
16404153	65526442	SB	1
16404154	65582493	SB	1
16404155	65595643	SB	1
16404162	65582506	SB	1
16404163	65595779	MEDICAL CARD CONFIRMED	7
16404164	65595780	MEDICAL CARD CONFIRMED	7
16404165	65595781	MEDICAL CARD CONFIRMED	7
16404168	65595787	MEDICAL CARD CONFIRMED	7
16404170	65595789	MEDICAL CARD CONFIRMED	7
16404173	65595810	4	1
16404175	65595813	4	1
16404176	65595814	2	1
16404178	65595816	2	1
16404179	65595817	2	1
16404180	65595818	1	1
16404181	65595819	1	1
16404185	65595823	1	1
16404187	65595825	1	1
16404188	65595826	1	1
16404189	65595827	1	1
16404190	65595828	1	1
16404191	65595829	2	1
16404192	65595830	1	1
16404193	65595831	1	1
16404194	65595832	1	1
16404196	65595834	2	1
16404197	65595835	2	1
16404198	65595836	2	1
16404199	65595837	2	1
16404203	65595842	2	1
16404204	65595843	1	1
16404206	65595845	5	1
16404207	65595847	2	1
16404208	65595848	2	1
16404209	65595849	2	1
16404210	65595850	2	1
16404211	65595851	2	1
16404212	65595852	2	1
16404213	65595853	2	1
16404218	65595858	5	1
16404219	65595859	5	1
16404222	65595862	1	1
16404226	65595866	2	1
16404227	65595868	2	1
16404228	65595869	2	1
16404229	65595871	1	1
16404230	65595872	2	1
16404231	65595874	2	1
16404233	65595876	2	1
16404234	65595877	2	1
16404235	65595878	2	1
16404236	65595879	2	1
16404238	65595881	1	1
16404239	65595882	1	1
16404240	65595883	1	1
16404241	65595884	1	1
16404242	65595885	1	1
16404244	65595887	1	1
16404245	65595888	1	1
16404246	65595890	2	1
16404247	65595891	2	1
16404248	65595892	2	1
16404250	65595898	1	1
16404251	65595899	1	1
16404253	65595901	1	1
16404254	65595906	1	1
16404256	65595908	2	1
16404257	65595909	2	1
16404258	65595914	2	1
16404259	65595915	2	1
16404260	65595916	2	1
16404263	65595920	5	1
16404264	65595921	5	1
16404265	65595922	2	1
16404266	65595923	2	1
16404268	65595925	2	1
16404269	65595926	5	1
16404270	65595927	4	1
16404271	65595928	4	1
16404273	65595930	5	1
16404276	65595933	5	1
16404279	65595936	2	1
16404281	65595938	4	1
16404283	65596479	T198	1
16404286	65596486	T198	1
16404289	65596514	T999	1
16404294	65596569	T198	1
16404295	65596570	T198	1
16404297	65596577	T198	1
16404302	65584522	GAS2019	3
16404307	65584531	MEC CHECK - CONFIRMED	7
16404308	65584532	MEC CHECK - CONFIRMED	7
16404309	65542580	MEC CHECK-CONFIRMED	7
16404310	65556265	MEC CHECK-CONFIRMEDM	7
16404312	65542594	GAS2019	1
16404313	65584563	MEC CHECK-CONFIRMED	7
16404314	65584565	MEC CHECK-CONFIRMED	7
16404317	65584572	GAS2019	1
16404318	65584574	CODE58	3
16404319	65584574	TPK19	4
16404320	65542564	GAS2019	1
16404321	65584508	GAS2019	1
16404322	65584586	TPK19	1
16404323	65584521	GAS2019	1
16404324	65584597	TPK19	2
16404325	65584597	CODE58	3
16404328	65584543	CODE58	1
16404329	65584544	CODE58	1
16404330	65584545	CODE58	1
16404332	65584528	GAS2019	1
16404333	65584528	MED CHECKED - CONFIRMED	7
16404336	65527466	TPK18	3
16404337	65584554	TPK18	3
16404339	65556327	TPK18	3
16404340	65556333	TPK18	3
16404346	65584550	TPK18	3
16404347	65584551	TPK18	3
16404348	65584552	TPK18	3
16404349	65584553	TPK18	3
16404350	65584556	TPK18	3
16404351	65584557	TPK18	3
16404352	65584558	TPK18	3
16404354	65584566	TPK18	3
16404355	65584567	TPK18	3
16404358	65596776	TPK19	1
16404359	65596776	CODE58	3
16404360	65596777	TPL19	1
16404361	65596777	CODE58	3
16404362	65596778	TPK18	1
16404363	65596778	CODE58	3
16404364	65596779	TPK19	1
16404365	65596779	CODE58	3
16404366	65596788	GAS2019	1
16404367	65596789	MED CHECKED - CONFIRMED	7
16404368	65596790	TPK18	3
16404370	65596792	TPK18	3
16404371	65596793	TPK18	3
16404372	65556391	GAS2018	1
16404374	65596804	GAS2019	1
16404377	65596814	MEC CHECK - CONFIRMED	7
16404378	65596817	GAS2019	1
16404379	65596819	MEC CHECK - CONFIRMED	7
16404383	65596841	TIMBER19	1
16404384	65596842	TIMBER19	1
16404385	65596843	MEC CHECK-CONFIRMED	7
16404386	65596844	MEC CHECK-CONFIRMED	7
16404387	65596845	MEC CHECK-CONFIRMED	7
16404390	65597035	MED CHECK CONFIRMED 1-9-2019@0851	7
16404399	65598604	BASIC	10
16404400	65598605	BASIC	10
16404401	65598606	BASIC	10
16404403	65598608	BASIC	10
16404405	65598610	BASIC	10
16404406	65598611	BASIC	10
16404407	65598616	BASIC	10
16404408	65598617	BASIC	10
16404409	65598618	BASIC	10
16404410	65598626	BASIC	10
16404412	65598628	BASIC	10
16404414	65598630	BASIC	10
16404415	65598631	BASIC	10
16404416	65598632	BASIC	10
16404418	65598634	BASIC	10
16404419	65598636	BASIC	10
16404420	65598639	BASIC	10
16404421	65598641	BASIC	10
16404423	65598643	BASIC	10
16404425	65598650	BASIC	10
16404426	65598651	BASIC	10
16404430	65598655	BASIC	10
16404431	65598656	BASIC	10
16404435	65598660	MEC CHECK-CONFIRMED	7
16404436	65598661	BASIC	10
16404437	65598669	BASIC	10
16404438	65598670	BASIC	10
16404439	65598671	BASIC	10
16404440	65598674	35220 38360  84920	9
16404441	65543839	BASIC	10
16404443	65598679	BASIC	10
16404444	65598680	BASIC	10
16404446	65598682	BASIC	10
16404449	65598685	BASIC	10
16404451	65598687	BASIC	10
16404452	65598691	BASIC	10
16404453	65598692	BASIC	10
16404454	65598723	BASIC	10
16404455	65598724	BASIC	10
16404456	65598729	BASIC	10
16404458	65598745	BASIC	10
16404459	65598746	BASIC	10
16404460	65598747	BASIC	10
16404464	65598751	BASIC	10
16404466	65598754	BASIC	10
16404467	65598755	BASIC	10
16404468	65598756	BASIC	10
16404471	65598771	BASIC	10
16404472	65598772	BASIC	10
16404474	65598785	BASIC	10
16404475	65598793	BASIC	10
16404476	65598794	BASIC	10
16404477	65598795	BASIC	10
16404478	65598815	BASIC	10
16404479	65598816	BASIC	10
16404480	65598817	BASIC	10
16404481	65598818	BASIC	10
16404482	65598819	MED CHECK VERIFIED	1
16404483	65598819	BASIC	2
16404484	65598820	BASIC	1
16404485	65598821	BASIC	10
16404486	65598822	BASIC	10
16404487	65598823	BASIC	10
16404488	65598824	BASIC	10
16404489	65598825	MED CHECK VERIFIED	7
16404490	65598825	BASIC	10
16404491	65598837	BASIC	10
16404492	65598838	BASIC	10
16404493	65598839	BASIC	10
16404494	65598840	BASIC	10
16404496	65598851	BASIC	10
16404500	65598856	BASIC	10
16404501	65598857	BASIC	10
16404502	65598858	BASIC	10
16404503	65598859	BASIC	10
16404504	65598860	BASIC	10
16404505	65598861	BASIC	10
16404507	65598863	BASIC	10
16404508	65598864	BASIC	10
16404509	65598869	BASIC	10
16404511	65598871	BASIC	10
16404512	65598872	BASIC	10
16404513	65598874	BASIC	10
16404514	65598875	BASIC	10
16404515	65598877	BASIC	10
16404518	65598880	BASIC	10
16404521	65598882	BASIC	10
16404522	65598883	BASIC	10
16404523	65598884	BASIC	10
16404525	65598886	BASIC	10
16404526	65598887	BASIC	10
16404527	65598889	BASIC	10
16404531	65598895	BASIC	10
16404534	65598898	BASIC	10
16404535	65598901	BASIC	10
16404537	65598906	BASIC	10
16404538	65545441	YES	1
16404539	65545441	YES	2
16404540	65599511	MEC CHECK - CONFIRMED	7
16404542	65599584	YES	1
16404543	65599584	YES	2
16404546	65599891	MEC CHECK-NO CONTACT	7
16404549	65600051	YES	1
16404550	65600051	YES	2
16404551	65546205	FARM	4
16404552	65601894	ANNUAL	1
16404553	65601894	2484504	2
16404554	65601894	PRIVATE	3
16404555	65601894	C	4
16404556	65601894	P	5
16404557	65601934	3200	1
16404558	65601934	UT	2
16404559	65601935	3200	1
16404560	65601935	UT	2
16404561	65601951	FARM	3
16404562	65601966	3206	1
16404563	65601967	3206	1
16404564	65601979	3206	1
16404565	65601980	3206	1
16404619	65604091	MEDICAL: 04/26/2020	7
16404620	65604092	MEDICAL: 06/14/2020	7
16404623	65604095	MEDICAL: 12/06/2019	7
16404624	65604096	MEDICAL: 05/18/2019	7
16404625	65604097	MEDICAL: 08/08/2019	7
16404626	65604098	MEDICAL: 11/17/2019	7
16404627	65604099	MEDICAL: 12/11/2020	7
16404628	65604100	MEDICAL: 10/19/19	7
16404629	65604101	MEDICAL: 08/08/2019	7
16404630	65604102	MEDICAL: 08/24/2020	7
16404631	65604103	MEDICAL: 06/20/2019	7
16404632	65604104	MEDICAL: 06/30/2020	7
16404633	65604105	MEDICAL: 09/13/2019	7
16404634	65604106	MEDICAL: 03/13/2019	7
16404635	65604107	MEDICAL: 05/31/2020	7
16404636	65604108	MEDICAL: 07/16/2020	7
16404637	65604140	I	1
16404639	65604149	I	1
16404640	65604179	I	1
16404641	65604180	I	1
16404642	65604185	I	1
16404643	65604188	I	1
16404644	65604189	I	1
16404645	65604191	I	1
16404646	65604196	I	1
16404647	65604197	I	1
16404648	65604198	I	1
16404649	65604199	I	1
16404650	65604213	I	1
16404651	65604214	I	1
16404652	65604219	I	1
16404653	65604220	I	1
16404654	65604223	I	1
16404655	65604224	I	1
16404656	65560446	I	1
16404657	65589659	I	1
16404658	65604229	I	1
16404659	65604230	I	1
16404660	65589678	I	1
16404661	65604232	I	1
16404662	65604233	I	1
16404663	65604234	I	1
16404664	65604237	I	1
16404665	65604240	I	1
16404666	65604241	I	1
16404668	65604243	I	1
16404669	65605598	SC4T	1
16404670	65605599	SC4T	1
16404672	65605731	EXP. 26194679	1
16404673	65605731	YES	3
16404674	65605731	NO	4
16404676	65609259	SB	1
16404679	65555143	SB	1
16404683	65555149	SB	1
16404685	65540698	SB	1
16404686	65564476	SB	1
16404687	65582490	SB	1
16404688	65609277	SB	1
16404689	65609278	SB	1
16404691	65609282	SB	1
16404693	65609289	SB	1
16404694	65595669	SB	1
16404696	65526446	SB/DD	1
16404698	65609296	SB	1
16404701	65555153	SB	1
16404702	65540670	SB	1
16404706	65609303	SB	1
16404710	65526394	SB	1
16404711	65609305	SB	1
16404712	65609306	SB	1
16404713	65564478	SB	1
16404718	65609313	SB	1
16404720	65609318	SB	1
16404723	65609321	SB	1
16404727	65564615	4	1
16404730	65609327	4	1
16404731	65609328	5	1
16404735	65609332	2	1
16404736	65609333	2	1
16404737	65609334	2	1
16404739	65609337	1	1
16404741	65609339	2	1
16404742	65609340	5	1
16404744	65609342	2	1
16404746	65609344	2	1
16404747	65609354	2	1
16404748	65609355	2	1
16404749	65609356	2	1
16404750	65609357	1	1
16404751	65609358	1	1
16404752	65609359	2	1
16404753	65609360	2	1
16404754	65609361	2	1
16404756	65609363	1	1
16404758	65609365	2	1
16404761	65609371	1	1
16404762	65609372	1	1
16404766	65609374	5	1
16404768	65609379	1	1
16404770	65609381	2	1
16404771	65609382	2	1
16404774	65609385	4	1
16404776	65609392	2	1
16404777	65609393	2	1
16404779	65609396	1	1
16404780	65609398	1	1
16404783	65609402	4	1
16404785	65609404	1	1
16404786	65609405	1	1
16404787	65609406	1	1
16404791	65609411	4	1
16404795	65609416	2	1
16404796	65609417	2	1
16404798	65609922	T198	1
16404806	65610056	T198	1
16404807	65610065	T198	1
16404810	65610090	MEC CHECK: CONFIRMED	7
16404811	65610208	MED CHECKED - CONFIRMED	7
16404812	65610211	MED CHECKED - CONFIRMED	7
16404813	65610213	PRIORITYBUS18	1
16404814	65610228	TPK18	3
16404815	65610229	TPK18	3
16404818	65610232	TPK18	3
16404819	65556276	MEC CHECK-CONFIRMED	7
16404820	65610249	MEC CHECK-CONFIRMED	7
16404821	65610250	MEC CHECK-CONFIRMED	7
16404822	65610251	MEC CHECK-CONFIRMED	7
16404823	65610253	GAS2019	1
16404824	65610254	GAS2019	1
16404825	65610255	GAS2019	1
16404826	65610256	CODE58	3
16404827	65610257	CODE58	3
16404831	65543710	BASIC	10
16404832	65611123	BASIC	10
16404833	65611124	BASIC	10
16404834	65611125	BASIC	10
16404835	65611129	BASIC	10
16404836	65544032	BASIC	10
16404841	65611141	BASIC	10
16404842	65611143	BASIC	10
16404843	65611149	BASIC	10
16404844	65611150	BASIC	10
16404847	65611163	BASIC	10
16404848	65611164	BASIC	10
16404849	65611165	BASIC	10
16404852	65611181	BASIC	10
16404853	65611182	BASIC	10
16404854	65611183	BASIC	10
16404855	65611184	BASIC	10
16404856	65611185	BASIC	10
16404857	65611187	BASIC	10
16404858	65557157	BASIC	10
16404859	65611190	BASIC	10
16404860	65611191	BASIC	10
16404861	65611198	MED CHECK VERIFIED	7
16404862	65611198	BASIC	10
16404863	65611200	MED CHECK VERIFIED	7
16404864	65611200	BASIC	10
16404865	65611201	BASIC	10
16404867	65611204	BASIC	10
16404868	65611205	BASIC	10
16404869	65611206	BASIC	10
16404875	65611225	BASIC	10
16404876	65611226	BASIC	10
16404878	65611229	BASIC	10
16404879	65611230	BASIC	10
16404883	65611234	BASIC	10
16404884	65611238	BASIC	10
16404885	65611239	BASIC	10
16404886	65611247	BASIC	10
16404887	65611251	BASIC	10
16404889	65611253	BASIC	10
16404890	65611254	BASIC	10
16404892	65611263	BASIC	10
16404895	65557114	BASIC	10
16404898	65611270	BASIC	10
16404899	65585031	BASIC	10
16404900	65543734	BASIC	10
16404902	65611275	BASIC	10
16404903	65611276	BASIC	10
16404905	65611278	BASIC	10
16404906	65611279	BASIC	10
16404907	65611280	BASIC	10
16404908	65611281	BASIC	10
16404910	65611284	BASIC	10
16404912	65611286	BASIC	10
16404917	65543738	BASIC	10
16404921	65611301	BASIC	10
16404922	65611302	BASIC	10
16404923	65611303	BASIC	10
16404925	65611305	BASIC	10
16404926	65611308	BASIC	10
16404928	65611310	BASIC	10
16404929	65611311	BASIC	10
16404930	65611312	BASIC	10
16404932	65611314	BASIC	10
16404934	65611319	MEC CHECK-CONFIRMED	7
16404936	65611332	BASIC	10
16404937	65611333	BASIC	10
16404938	65611334	MEC CHECK-CONFIRMED	7
16404939	65611335	MEC CHECK-CONFIRMED	7
16404940	65611337	BASIC	10
16404943	65585083	BASIC	10
16404944	65611345	BASIC	10
16404945	65611347	BASIC	10
16404947	65611349	BASIC	10
16404948	65611352	BASIC	10
16404949	65611362	BASIC	10
16404951	65585283	BASIC	10
16404952	65611367	BASIC	10
16404953	65611368	BASIC	10
16404954	65611380	BASIC	1
16404955	65611381	BASIC	10
16404957	65611383	BASIC	10
16404958	65611384	BASIC	10
16404959	65611394	BASIC	1
16404961	65611396	BASIC	1
16404962	65611397	BASIC	10
16404963	65611814	YES	1
16404964	65611814	YES	2
16404965	65611946	YES	1
16404966	65611946	YES	2
16404967	65611948	YES	1
16404968	65611948	YES	2
16404969	65612043	MEC CHECK- CONFIRMED	7
16404971	65612193	FARM	4
16404972	65612194	2019-02	1
16404973	65612196	2019-02	1
16404977	65612358	2019-02	1
16404988	65590961	YES	5
16404990	65617433	MEC CHECK CONFIRMED CDLIS	7
16404991	65617449	MEC CONFIRMED CDLIS	7
16404992	65617450	MEC CHECK CONFIRMED CDLIS	7
16404995	65595601	SB	1
16404999	65621074	SB	1
16405003	65621085	SB	1
16405005	65621092	SB	1
16405008	65564458	SB/DD	1
16405010	65621097	SB	1
16405011	65621098	SB	1
16405013	65621100	SB	1
16405014	65621101	SB	1
16405015	65564521	SB	1
16405016	65582520	SB	1
16405018	65621102	SB	1
16405019	65621103	SB	1
16405030	65621132	2	1
16405083	65621135	2	1
16405084	65621136	2	1
16405101	65621137	1	1
16405116	65621138	2	1
16405131	65621139	1	1
16405132	65621140	6	1
16405133	65621141	1	1
16405153	65621142	1	1
16405167	65621145	5	1
16405269	65621146	1	1
16405294	65621147	1	1
16405295	65621148	1	1
16405297	65621150	2	1
16405317	65621151	3	1
16405326	65621152	2	1
16405327	65621153	2	1
16405328	65621154	2	1
16405345	65621155	3	1
16405346	65621156	3	1
16405347	65621157	3	1
16405354	65621159	1	1
16405379	65621161	1	1
16405382	65621163	5	1
16405394	65621164	3	1
16405409	65621165	5	1
16405411	65621167	4	1
16405412	65621169	1	1
16405413	65621170	1	1
16405414	65621171	1	1
16405415	65621172	1	1
16405421	65621174	3	1
16405422	65621175	3	1
16405461	65621180	4	1
16405474	65621182	4	1
16405476	65621184	2	1
16405528	65621197	5	1
16405539	65621200	1	1
16405541	65621202	1	1
16405570	65621205	5	1
16405571	65621206	5	1
16405640	65621761	MEC CHECK-CONFIRMED	7
16405642	65621763	MEC CHECK-CONFIRMED	7
16405645	65566321	TM40	1
16405646	65621793	T627	1
16405648	65621851	T198	1
16405649	65621852	T198	1
16405650	65621853	T198	1
16405651	65621858	T198	1
16405652	65621859	T198	1
16405653	65621860	T198	1
16405654	65583468	T198	1
16405655	65621884	VERIFIED	7
16405656	65621885	VERIFIED	7
16405657	65621944	INTRASTATE EXEMPT	7
16405659	65622743	MEC CHECK - NO CONTACT	7
16405660	65622810	MEC VERIFIED VIA CDLIS	7
16405661	65544042	BASIC	10
16405662	65623624	BASIC	10
16405663	65623625	BASIC	10
16405664	65623626	BASIC	10
16405666	65623628	BASIC	10
16405669	65557088	BASIC	10
16405670	65623631	BASIC	10
16405671	65571391	BASIC	10
16405672	65623632	BASIC	10
16405673	65571398	BASIC	10
16405674	65585218	BASIC	10
16405675	65623639	BASIC	10
16405678	65623642	BASIC	10
16405680	65623659	BASIC	10
16405682	65623661	BASIC	10
16405685	65571355	BASIC	10
16405686	65623670	32000	9
16405687	65623675	BASIC	10
16405690	65623678	BASIC	10
16405692	65623683	BASIC	10
16405693	65623684	BASIC	10
16405694	65623685	BASIC	10
16405695	65585157	BASIC	10
16405698	65623698	BASIC	10
16405699	65623699	BASIC	10
16405700	65623700	BASIC	10
16405702	65543936	BASIC	10
16405704	65598766	BASIC	10
16405705	65571259	BASIC	10
16405706	65571278	BASIC	10
16405707	65623715	BASIC	10
16405709	65557122	BASIC	10
16405710	65598897	BASIC	10
16405712	65623718	BASIC	10
16405713	65623719	BASIC	10
16405718	65623730	BASIC	10
16405719	65623731	BASIC	10
16405720	65623732	BASIC	10
16405721	65623733	BASIC	10
16405723	65623735	BASIC	10
16405724	65623736	BASIC	10
16405725	65623737	BASIC	10
16405727	65598686	BASIC	10
16405728	65571289	BASIC	1
16405729	65585269	BASIC	1
16405730	65623743	BASIC	10
16405731	65623744	BASIC	10
16405734	65623747	BASIC	10
16405735	65623748	BASIC	10
16405737	65623756	BASIC	10
16405738	65623757	MED CHECK VERIFIED	7
16405739	65623757	BASIC	10
16405740	65623758	BASIC	10
16405744	65623763	BASIC	10
16405745	65585033	BASIC	10
16405746	65623773	MED CHECK VERIFIED	7
16405747	65623773	BASIC	10
16405748	65623776	MED CHECK VERIFIED	7
16405749	65623776	BASIC	10
16405751	65623781	BASIC	10
16405753	65623787	BASIC	10
16405754	65623788	BASIC	10
16405756	65585079	BASIC	10
16405757	65623794	BASIC	10
16405758	65623795	BASIC	10
16405759	65623796	BASIC	10
16405760	65623797	BASIC	10
16405761	65623803	BASIC	10
16405762	65623804	BASIC	10
16405763	65623805	BASIC	10
16405764	65623806	BASIC	10
16405765	65585174	BASIC	10
16405766	65623816	BASIC	10
16405767	65623817	BASIC	10
16405768	65623818	BASIC	10
16405769	65623819	BASIC	10
16405770	65623820	BASIC	10
16405771	65598609	BASIC	10
16405772	65598627	BASIC	10
16405773	65623828	BASIC	10
16405774	65623829	BASIC	10
16405775	65623830	BASIC	10
16405776	65623835	BASIC	10
16405777	65611287	BASIC	10
16405781	65527885	BASIC	10
16405782	65623844	BASIC	10
16405783	65623845	BASIC	10
16405784	65623849	BASIC	10
16405785	65585309	BASIC	10
16405786	65544046	BASIC	10
16405787	65623854	BASIC	10
16405788	65623855	BASIC	10
16405792	65623863	BASIC	10
16405793	65623864	BASIC	10
16405794	65623865	BASIC	10
16405795	65623866	BASIC	10
16405796	65544048	BASIC	10
16405797	65571315	BASIC	10
16405798	65571318	BASIC	10
16405799	65598881	BASIC	10
16405800	65611348	BASIC	10
16405802	65623875	MEC CHECK-CONFIRMED	7
16405804	65623877	MEC CHECK-CONFIRMED	7
16405805	65585236	BASIC	10
16405806	65611277	BASIC	10
16405807	65623879	BASIC	10
16405808	65623885	BASIC	10
16405809	65623886	BASIC	10
16405812	65623889	BASIC	10
16405813	65623890	BASIC	10
16405814	65623891	BASIC	10
16405815	65623892	BASIC	10
16405817	65623896	MEC CHECK-CONFIRMED	7
16405819	65623898	BASIC	10
16405820	65623899	BASIC	10
16405821	65623900	BASIC	10
16405826	65623962	MEC CHECK-CONFIRMED	7
16405827	65624023	MEC CHECK-NO CONTACT	7
16405828	65624038	YES	1
16405829	65624038	YES	2
16405830	65624048	YES	1
16405831	65624048	YES	2
16405832	65624085	YES	1
16405833	65624085	YES	2
16405836	65624281	YES	1
16405837	65624281	YES	2
16405838	65625462	3206	1
16405839	65625500	3206	1
16405840	65625504	3206	1
16405841	65625505	3206	1
16405842	65625506	3206	1
16405843	65547189	FARM	3
16405845	65626789	MEC CHECK - NOT CONFIRMED	7
16405846	65589456	MEC NOT VERIFIED BY LIVE CONTACT.	7
16405848	65626798	MEC - UNABLE TO VERIFY	7
16405849	65626802	MEC UNABLE TO VERIFY	7
16405850	65589409	MED CERT - NOT CONFIRMED	7
16405851	65626828	MED CERT - NOT CONFIRMED	7
16405852	65626832	MED CERT - NOT CONFIRMED	7
16405853	65616266	I	1
16405854	65626970	I	1
16405855	65626972	I	1
16405856	65626973	I	1
16405857	65626983	I	1
16405858	65616329	I	1
16405859	65616330	I	1
16405861	65616338	I	1
16405862	65626993	I	1
16405863	65627000	I	1
16405864	65627001	I	1
16405866	65616253	I	1
16405867	65616255	I	1
16405868	65627008	I	1
16405869	65577366	I	1
16405871	65616346	I	1
16405872	65548907	I	1
16405873	65616284	I	1
16405875	65616258	I	1
16405876	65616260	I	1
16405877	65616349	I	1
16405878	65616358	I	1
16405879	65627013	I	1
16405881	65616293	I	1
16405882	65616294	I	1
16405883	65616295	I	1
16405884	65616296	I	1
16405886	65627016	I	1
16405887	65627017	I	1
16405888	65627018	I	1
16405889	65627019	I	1
16405890	65627020	I	1
16405891	65627021	I	1
16405892	65627022	I	1
16405893	65616301	I	1
16405894	65627023	I	1
16405896	65627025	I	1
16405898	65627032	I	1
16405899	65627033	I	1
16405900	65627034	I	1
16405901	65627035	I	1
16405902	65589758	I	1
16405903	65616276	I	1
16405904	65616277	I	1
16405905	65616278	I	1
16405906	65616289	I	1
16405907	65627045	I	1
16405909	65627056	I	1
16405910	65616290	I	1
16405911	65616291	I	1
16405912	65616292	I	1
16405913	65616297	I	1
16405914	65616298	I	1
16405915	65616299	I	1
16405916	65616300	I	1
16405917	65616305	I	1
16405918	65616306	I	1
16405921	65627073	I	1
16405922	65616307	I	1
16405923	65616308	I	1
16405924	65616313	I	1
16405925	65616314	I	1
16405927	65616316	I	1
16405928	65627415	NQV	8
16405929	65627890	YES	5
16405930	65627891	YES	5
16405931	65627892	YES	5
16405932	65627894	YES	5
16405933	65617451	MEC CHECK CONFIRMED CDLIS	7
16405934	65628040	MEC CHECK CONFIRMED CDLIS	7
16405938	65633007	SB	1
16405940	65540650	SB	1
16405941	65540740	SB	1
16405942	65633025	SB	1
16405943	65564480	SB	1
16405944	65540747	SB	1
16405946	65526387	SB	1
16405948	65633045	SB	1
16405950	65526443	SB	1
16405951	65540653	SB	1
16405952	65633049	SB	1
16405953	65633051	SB/DD	1
16405954	65564463	SB	1
16405956	65564523	SB	1
16405957	65633059	CELL PJONE	1
16405958	65633062	CELL PHONE	1
16405959	65633064	SB	1
16405960	65633065	SB	1
16405963	65633070	SB	1
16405970	65633077	SB	1
16405971	65633078	SB	1
16405977	65633122	MEDICAL CARD CONFIRMED	7
16405978	65633124	MEDICAL CARD CONFIRMED	7
16405985	65633137	MEDICAL CARD CONFIRMED	7
16405986	65633138	MEDICAL CARD CONFIRMED	7
16405987	65633139	MEDICAL CARD CONFIRMED	7
16405988	65633147	MEDICAL CARD CONFIRMED	7
16405990	65633149	MEDICAL CARD CONFIRMED	7
16405993	65633605	MEC CHECK-NO ANSWER	7
16405996	65633615	MEC CHECK-NOT CONFIRMED	7
16406001	65633640	TM40	1
16406002	65633650	TM40	1
16406003	65633651	TM40	1
16406004	65633652	TM40	1
16406005	65633653	TM40	1
16406006	65633656	TM40	1
16406007	65633657	TM40	1
16406009	65633667	TM40	1
16406010	65633668	TM40	1
16406011	65633669	TM40	1
16406013	65633675	TM40	1
16406014	65633676	TM40	1
16406016	65633679	TM40	1
16406017	65633680	TM40	1
16406019	65633686	TM40	1
16406020	65633687	TM40	1
16406022	65633692	TM40	1
16406023	65633693	TM40	1
16406024	65633694	TM40	1
16406025	65633708	TM40	1
16406026	65633709	TM40	1
16406027	65633710	TM40	1
16406028	65583350	T198	1
16406030	65633721	TM40	1
16406032	65633723	TM40	1
16406034	65633725	T198	1
16406035	65633726	T198	1
16406038	65633732	TM40	1
16406039	65633733	TM40	1
16406040	65633734	TM40	1
16406041	65633735	TM40	1
16406044	65633742	TM40	1
16406045	65633743	TM40	1
16406046	65633744	T198	1
16406047	65633745	T198	1
16406049	65633747	T198	1
16406050	65633755	TM40	1
16406052	65633762	TM040	1
16406054	65633764	TM40	1
16406055	65633775	T198	1
16406056	65633783	T198	1
16406058	65633785	T198	1
16406059	65633786	T198	1
16406060	65633793	TM40	1
16406064	65633800	T198	1
16406065	65633801	T198	1
16406066	65633806	TM40	1
16406069	65633812	T198	1
16406070	65633813	T198	1
16406071	65633814	T198	1
16406073	65633815	T198	1
16406074	65633816	T198	1
16406075	65633817	T198	1
16406076	65633818	T198	1
16406077	65633824	T198	1
16406081	65633828	TM40	1
16406084	65633831	TM40	1
16406085	65633832	TM40	1
16406087	65633835	TM40	1
16406088	65633836	TM40	1
16406089	65633841	TM40	1
16406090	65633842	TM40	1
16406091	65633843	TM40	1
16406092	65633844	TM40	1
16406094	65633846	TM40	1
16406095	65633847	TM40	1
16406096	65633856	TM40	1
16406097	65633857	TM40	1
16406098	65633858	TM40	1
16406099	65633859	TM40	1
16406101	65633862	TM40	1
16406102	65633863	TM40	1
16406103	65633864	TM40	1
16406104	65633865	TM40	1
16406105	65633866	TM40	1
16406106	65633867	TM40	1
16406108	65633868	TM40	1
16406109	65633869	TM40	1
16406110	65633870	TM40	1
16406112	65633872	TM40	1
16406113	65633873	TM40	1
16406114	65633874	TM40	1
16406117	65633880	TM40	1
16406118	65633881	TM40	1
16406119	65633882	TM40	1
16406124	65633904	TM40	1
16406125	65633905	TM40	1
16406126	65633906	TM40	1
16406127	65633907	TM40	1
16406128	65633908	TM40	1
16406129	65633909	TM40	1
16406130	65633910	TM40	1
16406131	65633918	TM40	1
16406132	65633924	TM40	1
16406133	65633925	TM40	1
16406134	65633930	TM40	1
16406135	65633931	TM40	1
16406136	65633935	TM40	1
16406137	65633939	TM40	1
16406138	65633940	TM40	1
16406142	65633944	TM40	1
16406143	65633945	TM40	1
16406144	65633946	TM40	1
16406145	65633947	TM40	1
16406148	65633949	TM40	1
16406150	65633958	TM40	1
16406151	65633959	TM40	1
16406152	65633960	TM40	1
16406153	65633961	TM40	1
16406154	65633962	TM40	1
16406159	65633979	TM40	1
16406160	65633980	TM40	1
16406161	65633981	TM40	1
16406162	65633982	TM40	1
16406164	65633984	TM40	1
16406165	65566519	TM40	1
16406168	65634003	TM40	1
16406169	65634004	TM40	1
16406170	65634005	TM40	1
16406171	65634006	TM40	1
16406174	65634009	TM40	1
16406175	65634010	TM40	1
16406178	65634013	TM40	1
16406179	65634014	TM40	1
16406180	65634537	VERIFIED	7
16406181	65634566	NOT VERIFIED	7
16406182	65634567	NOT VERIFIED	7
16406183	65634568	VERIFIED	7
16406184	65634569	INTRASTATE EXEMPT	7
16406185	65634594	NOT VERIFIED	7
16406186	65634595	VERIFIED	7
16406187	65634596	NOT VERIFIED	7
16406250	65610286	MED CHECK CONFIRMED 1-10-2019@0926	7
16406251	65596909	DRIVER  QC-OK	1
16406252	65596909	CARRIER QC-OK	2
16406253	65635392	MX	10
16406256	65635397	MX	10
16406257	65635411	MX	10
16406258	65635412	MX	10
16406259	65635413	MX	10
16406260	65635477	MX	10
16406270	65571251	BASIC	10
16406271	65571265	BASIC	10
16406272	65636407	BASIC	10
16406273	65636408	MED CHECK VERIFIED	7
16406274	65636408	BASIC	10
16406277	65598642	BASIC	10
16406278	65543975	BASIC	10
16406280	65636415	BASIC	10
16406281	65636417	BASIC	10
16406282	65636418	BASIC	10
16406283	65585098	BASIC	10
16406284	65598629	BASIC	10
16406285	65598633	BASIC	10
16406286	65623842	BASIC	10
16406287	65585131	BASIC	10
16406288	65636422	BASIC	10
16406289	65585254	BASIC	10
16406290	65636423	BASIC	10
16406293	65636426	BASIC	10
16406294	65636427	BASIC	10
16406295	65636428	BASIC	10
16406298	65636440	BASIC	10
16406300	65623676	BASIC	10
16406301	65636454	BASIC	10
16406305	65623717	BASIC	10
16406306	65636459	BASIC	10
16406309	65585154	BASIC	10
16406311	65636470	BASIC	10
16406313	65636472	BASIC	10
16406314	65636473	BASIC	10
16406315	65636474	BASIC	10
16406316	65623780	BASIC	10
16406317	65636476	BASIC	10
16406318	65611365	BASIC	10
16406319	65636479	BASIC	10
16406320	65598879	BASIC	10
16406321	65611395	BASIC	1
16406322	65611151	BASIC	10
16406323	65623627	BASIC	10
16406324	65636480	BASIC	10
16406326	65623643	BASIC	10
16406327	65623663	BASIC	10
16406328	65623686	BASIC	10
16406332	65637942	YES	1
16406333	65637942	YES	2
16406334	65637959	YES	1
16406335	65637959	YES	2
16406336	65638013	CONFIRMED	7
16406337	65586414	2019-02	1
16406338	65612205	2019-02	1
16406340	65640267	COVERED FARM VEHICLE	5
16406344	65642561	FARM	3
16406345	65642578	3206	1
16406346	65643256	MEC CHECK CONFIRMED	7
16406347	65643259	MEC CHECK - REFUSED	7
16406348	65643312	FARM	3
16406352	65644213	MEC CHECK - NOT CONFIRMED	7
16406353	65589466	MEC NOT VERIFIED BY LIVE CONTACT.	7
16406355	65589677	I	1
16406357	65644321	I	1
16406359	65644327	I	1
16406360	65644328	I	1
16406361	65644329	I	1
16406363	65644337	I	1
16406364	65644338	I	1
16406365	65644339	I	1
16406366	65644340	I	1
16406367	65644345	I	1
16406368	65644378	I	1
16406369	65644412	I	1
16406370	65616336	I	1
16406371	65644424	I	1
16406372	65644425	I	1
16406373	65644426	I	1
16406375	65644434	I	1
16406376	65644435	I	1
16406378	65644440	I	1
16406379	65644441	I	1
16406380	65644472	I	1
16406381	65644492	I	1
16406382	65644494	I	1
16406384	65644496	I	1
16406385	65644505	I	1
16406386	65644539	I	1
16406388	65644548	I	1
16406391	65628618	YES	2
16406392	65628618	NO	3
16406393	65645229	YES	2
16406394	65645229	NO	3
16406395	65645382	26585728 OCT	1
16406396	65645382	YES	3
16406397	65645382	NO	4
16406399	65609258	SB	1
16406400	65654571	SB	1
16406401	65654572	SB	1
16406404	65609295	SB	1
16406407	65654588	SB	1
16406409	65654593	SB	1
16406410	65633024	CELL TEXT	1
16406411	65654596	SB	1
16406412	65654598	SB	1
16406416	65564446	SB	1
16406417	65654605	SB	1
16406427	65654610	SB	1
16406428	65564449	SB	1
16406429	65609302	SB	1
16406433	65595613	SB	1
16406435	65595626	SB	1
16406438	65654619	SB	1
16406439	65654621	SB	1
16406441	65540731	SB/DD	1
16406442	65582513	SB/DD	1
16406443	65654625	SB/DD	1
16406444	65540702	SB	1
16406447	65609299	SB	1
16406448	65654631	SB	1
16406449	65564489	SB	1
16406450	65621081	SB	1
16406451	65654633	SB	1
16406455	65582521	SB	1
16406457	65654645	SB	1
16406458	65621762	MEC CHECK-CONFIRMED	7
16406459	65655212	TM40	1
16406462	65655222	TM40	1
16406463	65655223	TM40	1
16406464	65655224	TM40	1
16406468	65655236	TM40	1
16406469	65655237	TM40	1
16406470	65655245	TM40	1
16406471	65655246	TM40	1
16406472	65583349	T198	1
16406473	65655260	TM40	1
16406474	65655261	TM40	1
16406475	65655262	TM40	1
16406476	65655263	TM40	1
16406477	65655270	TM40	1
16406478	65655273	TM40	1
16406483	65655282	TM40	1
16406484	65655283	TM40	1
16406488	65655288	TM40	1
16406489	65655289	TM40	1
16406490	65655290	TM40	1
16406491	65655291	TM40	1
16406492	65655293	TM40	1
16406494	65655298	TM40	1
16406495	65655299	TM40	1
16406497	65655303	TM40	1
16406498	65655304	TM40	1
16406499	65655307	TM40	1
16406500	65655308	TM40	1
16406502	65655312	TM40	1
16406503	65634008	TM40	1
16406505	65655323	TM40	1
16406506	65655328	TM40	1
16406507	65655329	TM40	1
16406509	65655336	TM40	1
16406510	65655337	TM40	1
16406511	65655338	TM40	1
16406512	65655339	TM40	1
16406513	65655347	TM40	1
16406514	65655348	TM40	1
16406515	65655349	TM40	1
16406516	65655350	TM40	1
16406517	65655359	TM40	1
16406519	65655361	TM40	1
16406520	65655369	T198	1
16406521	65655376	TM40	1
16406522	65655432	NYS NOT REQUIRED	7
16406523	65655433	NO MEDICAL CARD	7
16406524	65655434	VERIFIED	7
16406525	65655529	MEC CHECK - DRIVER DOES NOT HAVE	7
16406526	65655934	DRIVER  QC OK	1
16406527	65655934	CARRIER  QC    OK	2
16406528	65655934	64 INSPECT	3
16406529	65655948	MED CHECK CONFIRMED 1-15-2019@1017	7
16406530	65656244	5600	9
16406531	65656244	HW	10
16406534	65656287	MX	10
16406535	65543842	BASIC	10
16406536	65658286	BASIC	10
16406540	65543793	BASIC	10
16406542	65658306	BASIC	10
16406543	65658307	BASIC	10
16406544	65658308	BASIC	10
16406545	65658309	BASIC	10
16406546	65585305	BASIC	10
16406547	65658321	BASIC	10
16406548	65658322	BASIC	10
16406549	65658328	BASIC	10
16406550	65658329	BASIC	10
16406551	65658330	BASIC	10
16406552	65658331	BASIC	10
16406554	65658344	BASIC	10
16406555	65658345	BASIC	10
16406556	65658346	BASIC	10
16406557	65658347	BASIC	10
16406558	65658348	BASIC	10
16406559	65658349	BASIC	10
16406560	65658350	BASIC	10
16406561	65543973	BASIC	10
16406566	65658358	BASIC	10
16406570	65658362	BASIC	10
16406571	65658367	BASIC	10
16406572	65658368	BASIC	10
16406573	65658369	BASIC	10
16406574	65658370	BASIC	10
16406578	65658374	BASIC	10
16406579	65658375	BASIC	10
16406580	65658376	BASIC	10
16406581	65658378	BASIC	10
16406582	65658379	BASIC	10
16406583	65658380	BASIC	10
16406587	65585109	BASIC	10
16406588	65658393	BASIC	10
16406590	65658395	BASIC	10
16406591	65658397	BASIC	10
16406593	65658399	BASIC	10
16406594	65658400	BASIC	10
16406595	65658402	BASIC	10
16406598	65658419	BASIC	10
16406599	65543745	BASIC	10
16406600	65658423	BASIC	10
16406601	65658424	BASIC	10
16406602	65658426	BASIC	10
16406603	65658427	BASIC	10
16406604	65658433	BASIC	10
16406608	65571257	BASIC	10
16406610	65658442	BASIC	10
16406611	65658443	BASIC	10
16406612	65658444	BASIC	10
16406614	65658446	BASIC	10
16406617	65658449	BASIC	10
16406620	65658452	MED CHECK VERIFIED	7
16406621	65658452	BASIC	10
16406622	65623759	MED CHECK VERIFIED	7
16406623	65623759	BASIC	10
16406624	65658453	BASIC	10
16406626	65658455	BASIC	10
16406629	65658457	BASIC	10
16406630	65658458	BASIC	10
16406631	65658459	BASIC	10
16406633	65658462	BASIC	10
16406634	65658463	BASIC	10
16406635	65658464	BASIC	10
16406636	65658468	MED CHECK VERIFIED	7
16406637	65658469	BASIC	10
16406638	65658470	BASIC	10
16406639	65658471	BASIC	10
16406641	65658473	BASIC	10
16406642	65658474	BASIC	10
16406643	65658475	BASIC	10
16406645	65658482	BASIC	10
16406646	65658483	BASIC	10
16406647	65658486	BASIC	10
16406648	65658487	BASIC	10
16406649	65658488	BASIC	10
16406651	65543945	BASIC	10
16406653	65658492	BASIC	10
16406654	65658493	MEC CHECK-CONFIRMED	7
16406657	65571266	BASIC	10
16406658	65658502	BASIC	10
16406660	65658506	MEC CHECK-CONFIRMED	7
16406662	65658515	BASIC	10
16406665	65658531	BASIC	10
16406666	65658532	BASIC	10
16406667	65658533	BASIC	10
16406668	65544033	BASIC	10
16406669	65557178	BASIC	10
16406670	65658547	BASIC	10
16406671	65658548	BASIC	10
16406673	65658558	BASIC	10
16406674	65658559	BASIC	10
16406675	65658560	BASIC	10
16406676	65658561	BASIC	10
16406679	65658789	YES	1
16406680	65658789	YES	2
16406681	65658843	YES	1
16406682	65658843	YES	2
16406683	65658843	MEC CHECK - CONFIRMED	7
16406684	65658872	YES	1
16406685	65658872	YES	2
16406686	65658901	YES	1
16406687	65658901	YES	2
16406688	65659046	YES	1
16406689	65659046	YES	2
16406690	65660830	3206	1
16406692	65661890	MEC: 06/30/2020	7
16406693	65661891	MEC: 05/17/2019	7
16406694	65661892	MEC: 12/01/2018	7
16406695	65661893	MEC: 06/14/2019	7
16406696	65661894	MEC: 09/27/2019	7
16406697	65661895	MEC: 11/15/2020	7
16406698	65661896	MEC: 04/24/2020	7
16406699	65661897	MEC: 04/30/2019	7
16406700	65661898	MEC: 10/22/2020	7
16406701	65661899	MEC: 11/16/2019	7
16406702	65661900	MEC: 04/08/2019	7
16406703	65661901	MEC: 08/17/2020	7
16406704	65661902	MEDICAL: 05/04/2019	7
16406705	65661903	MEDICAL: 07/19/2020	7
16406706	65661904	MEDICAL: 05/15/2019	7
16406708	65661906	MEDICAL: 09/20/2020	7
16406709	65661907	MEC: 10/12/2019	7
16406710	65661908	MEC: 08/01/2019	7
16406711	65661909	MEC: 09/17/2019	7
16406712	65661910	MEC: 04/07/2019	7
16406713	65661911	MEC: 06/26/2019	7
16406714	65661912	MEC: 06/15/2020	7
16406715	65661913	MEC: 09/15/2019	7
16406717	65661915	MEC: 05/17/2019	7
16406718	65661916	MEC: 10/11/2019	7
16406719	65661917	MEC: EXPIRED - 01/03/2019	7
16406720	65661918	MEC: 04/13/2020	7
16406721	65661919	MEC: 06/27/2019	7
16406722	65661920	MEC: 12/27/2020	7
16406723	65661921	MEC: 07/12/2019	7
16406724	65661922	MEC: 02/13/2019	7
16406725	65661923	MEC: 11/15/2020	7
16406726	65661924	MEC: 05/16/2019	7
16406727	65661925	MEC: 08/16/2019	7
16406728	65661926	MEC: 03/21/2019	7
16406729	65661927	MEC: 09/15/2019	7
16406730	65661928	MEC: 04/25/2020	7
16406731	65661929	MEC: 02/08/2020	7
16406733	65661931	MEDICAL: 10/12/2019	7
16406734	65661932	MEDICAL: 09/06/2020	7
16406735	65661933	MEDICAL: 01/09/2020	7
16406736	65661934	MEDICAL: 02/19/2019	7
16406737	65661935	MEC: 06/15/2020	7
16406738	65661936	MEC: 01/23/2019	7
16406739	65661937	MEC: 03/13/2019	7
16406740	65661938	MEC: 07/02/2020	7
16406741	65661939	MEC: 04/07/2020	7
16406742	65661973	I	1
16406743	65661975	I	1
16406745	65661982	I	1
16406746	65661998	I	1
16406747	65662006	I	1
16406750	65662023	I	1
16406751	65662028	I	1
16406752	65548910	I	1
16406753	65627024	I	1
16406754	65627015	I	1
16406755	65644322	I	1
16406756	65662038	I	1
16406757	65662039	I	1
16406758	65662040	I	1
16406759	65662044	I	1
16406760	65662045	I	1
16406761	65662047	I	1
16406762	65662048	I	1
16406763	65548927	I	1
16406764	65627046	I	1
16406765	65616315	I	1
16406766	65662060	I	1
16406767	65662061	I	1
16406768	65662062	I	1
16406769	65662068	I	1
16406770	65662069	I	1
16406771	65662070	I	1
16406772	65662294	OILFIELD	6
16406774	65663524	YES	5
16406775	65617383	FARM	3
16406786	65621099	SB	1
16406787	65526375	SB	1
16406788	65669496	SB/DD	1
16406789	65540665	SB	1
16406790	65540666	SB	1
16406791	65564519	SB	1
16406792	65582522	SB	1
16406802	65564447	SB	1
16406810	65669528	SB	1
16406813	65669537	SB	1
16406815	65609304	SB	1
16406816	65564457	SB/DD	1
16406819	65669557	SB DD	1
16406821	65669559	SB DD	1
16406823	65621104	SB/DD	1
16406825	65669564	SB DD	1
16406826	65633081	SB/DD	1
16406827	65654587	SB	1
16406829	65669567	SB DD	1
16406830	65669568	SB DD	1
16406832	65669570	SB DD	1
16406835	65669573	SB DD	1
16406836	65595614	CELL PHONE	1
16406837	65669574	SB DD	1
16406839	65609319	SB	1
16406842	65669578	5	1
16406843	65669579	5	1
16406844	65669580	5	1
16406845	65669584	5	1
16406850	65669587	2	1
16406852	65669589	1	1
16406853	65669590	1	1
16406854	65669591	4	1
16406855	65669592	4	1
16406857	65669594	4	1
16406858	65669595	4	1
16406861	65669596	1	1
16406862	65669597	1	1
16406863	65669598	1	1
16406869	65669600	1	1
16406870	65669601	1	1
16406871	65669602	1	1
16406872	65669603	1	1
16406880	65669604	2	1
16406881	65669609	1	1
16406884	65669610	2	1
16406886	65669613	1	1
16406887	65669614	1	1
16406888	65669617	2	1
16406890	65669619	2	1
16406891	65669620	2	1
16406910	65669626	2	1
16406911	65669627	2	1
16406912	65669628	2	1
16406917	65669629	1	1
16406920	65669632	2	1
16406930	65669633	2	1
16406948	65669637	2	1
16406964	65669641	1	1
16406967	65669643	2	1
16406968	65669644	2	1
16406970	65669646	2	1
16406971	65669647	1	1
16406974	65669650	2	1
16406975	65669651	2	1
16406976	65669652	2	1
16406981	65669653	1	1
16406983	65669655	1	1
16406984	65669656	5	1
16406994	65669662	1	1
16406995	65669663	1	1
16406998	65669666	2	1
16407002	65669672	2	1
16407011	65669682	2	1
16407012	65669683	2	1
16407014	65669685	5	1
16407015	65669686	5	1
16407018	65669688	2	1
16407021	65669691	2	1
16407041	65564805	1	1
16407044	65669709	2	1
16407045	65669710	2	1
16407047	65669712	2	1
16407049	65669714	2	1
16407050	65669715	2	1
16407051	65669716	1	1
16407052	65669717	1	1
16407058	65669718	4	1
16407060	65669720	4	1
16407061	65669721	5	1
16407070	65669725	5	1
16407084	65669733	1	1
16407085	65669734	1	1
16407086	65669735	1	1
16407092	65669737	1	1
16407097	65669741	4	1
16407099	65669743	1	1
16407100	65669744	1	1
16407105	65669752	2	1
16407109	65669753	4	1
16407112	65669757	5	1
16407113	65669758	5	1
16407114	65669759	5	1
16407115	65669760	1	1
16407116	65669765	2	1
16407117	65669766	2	1
16407122	65669771	5	1
16407124	65669774	1	1
16407126	65669776	1	1
16407133	65669783	2	1
16407135	65669788	1	1
16407136	65669789	5	1
16407138	65669791	5	1
16407145	65669796	2	1
16407147	65669798	1	1
16407158	65669828	1	1
16407160	65669830	6	1
16407161	65669831	1	1
16407162	65669832	1	1
16407164	65669835	2	1
16407185	65669840	2	1
16407186	65669841	4	1
16407200	65669847	1	1
16407202	65669849	2	1
16407203	65669850	2	1
16407204	65669858	1	1
16407205	65669859	1	1
16407212	65669861	5	1
16407214	65669863	5	1
16407217	65669864	2	1
16407218	65669865	2	1
16407225	65669868	5	1
16407226	65669869	2	1
16407227	65669870	2	1
16407265	65669896	4	1
16407267	65669898	4	1
16407270	65669901	4	1
16407274	65669906	2	1
16407275	65669907	2	1
16407277	65669909	4	1
16407278	65669910	4	1
16407279	65669911	4	1
16407280	65669912	4	1
16407282	65669914	5	1
16407283	65669915	5	1
16407292	65633606	MEC CHECK-CONFIRMED	7
16407293	65670601	TM40	1
16407295	65670607	TM40	1
16407296	65670609	TM40	1
16407297	65670610	TM40	1
16407298	65670611	TM40	1
16407299	65670612	TM40	1
16407300	65670613	TM40	1
16407301	65670614	TM40	1
16407302	65670638	TM40	1
16407303	65670639	T198	1
16407304	65670641	TM40	1
16407305	65670644	T198	1
16407306	65670645	T198	1
16407307	65670664	T627	1
16407308	65670665	T734	1
16407309	65670703	TM40	1
16407310	65670704	TM40	1
16407311	65670705	TM40	1
16407312	65670714	TM40	1
16407313	65670715	TM40	1
16407315	65670717	TM40	1
16407319	65584523	GAS2019	3
16407322	65635057	GAS2019	1
16407323	65584562	TPK18	3
16407324	65596826	TPK18	3
16407325	65635098	TPK18	3
16407332	65635120	TPK18	3
16407333	65635121	TPK18	3
16407335	65635082	MEC CHECK-CONFIRMED	7
16407336	65635084	MEC CHECK-CONFIRMED	7
16407337	65635161	GAS2019	1
16407338	65635161	MED CHECKED - CONFIRMED	7
16407339	65635162	GAS2019	1
16407340	65635163	GAS2019	1
16407344	65635103	GAS2019	1
16407345	65635107	MEC CHECK - CONFIRMED	7
16407346	65635113	GAS2019	1
16407348	65635115	TIMBER19	3
16407349	65635115	MEC CHECK CONFIRMED	7
16407350	65596791	TPK18	3
16407353	65635117	GAS2019	1
16407354	65635117	MEC CHECK - CONFIRMED	7
16407355	65635124	MEC CHECK CONFIRMED	7
16407356	65635125	MEC CHECK CONFIRMED	7
16407357	65635045	TPK18	3
16407358	65635046	TPK18	3
16407360	65635135	MEC CHECK CONFIRMED	7
16407361	65635053	TPK18	3
16407362	65635054	TPK18	3
16407364	65635056	TPK18	3
16407365	65635052	TIMBER19	1
16407368	65635061	TIMBER19	1
16407371	65542581	MEC CHECK-CONFIRMED	7
16407372	65584555	MEC CHECK-CONFIRMED	7
16407373	65584525	GAS2019	1
16407377	65635081	MEC CHECK-CONFIRMED	7
16407378	65596825	TPK18	3
16407379	65596827	TPK18	3
16407380	65610231	TPK18	3
16407381	65671333	TPK18	3
16407382	65671338	MEC CHECK-CONFIRMED	7
16407383	65671347	GAS2019	1
16407384	65671348	GAS2019	1
16407386	65671350	TPK18	3
16407389	65671360	GAS2019	1
16407391	65671371	GAS2019	3
16407392	65671388	TIMBER19	1
16407394	65556277	MEC CHECK-CONFIRMED	7
16407395	65671410	GASD2019	1
16407396	65671410	MED CHECKED - CONFIRMED	7
16407397	65671422	MEC CHECK-CONFIRMED	7
16407398	65671423	MEC CHECK-CONFIRMED	7
16407399	65671424	MEC CHECK-CONFIRMED	7
16407400	65671441	TPK18	3
16407401	65671444	MED CHECKED - CONFIRMED	7
16407402	65671445	MED CHECKED - CONFIRMED	7
16407403	65671446	GAS2019	1
16407404	65671446	MED CHECKED - CONFIRMED	7
16407405	65584540	TPK18	3
16407407	65671453	MEC CHECK-CONFIRMED	7
16407408	65671456	TPK18	3
16407411	65671473	TPK18	3
16407412	65671474	TPK18	3
16407413	65671475	TPK18	3
16407416	65671479	TPK18	3
16407417	65584841	CARRIER   QC-OK	1
16407418	65584841	DRIVER QC-OK	2
16407419	65584841	21-PASS	3
16407422	65671836	MX	10
16407423	65671837	MX	10
16407424	65671838	MX	10
16407425	65671866	MX	10
16407426	65671875	MX	10
16407427	65671884	MX	10
16407433	65543640	N	1
16407435	65672603	BASIC	10
16407436	65672605	BASIC	10
16407437	65672609	BASIC	10
16407438	65672610	BASIC	10
16407439	65636414	BASIC	10
16407441	65672617	BASIC	10
16407443	65611289	BASIC	10
16407444	65611304	BASIC	10
16407447	65611290	BASIC	10
16407448	65611309	BASIC	10
16407449	65672622	BASIC	10
16407450	65672625	BASIC	10
16407451	65672626	BASIC	10
16407452	65672630	BASIC	10
16407455	65672633	BASIC	10
16407456	65672634	BASIC	10
16407460	65672640	BASIC	10
16407461	65672641	BASIC	10
16407462	65672642	BASIC	10
16407463	65672643	BASIC	10
16407464	65672644	BASIC	10
16407465	65672645	BASIC	10
16407467	65672654	BASIC	10
16407468	65672655	BASIC	10
16407469	65672656	BASIC	10
16407471	65672658	BASIC	10
16407472	65672659	BASIC	10
16407473	65672660	BASIC	10
16407474	65672661	BASIC	10
16407477	65672667	BASIC	10
16407478	65658404	BASIC	10
16407481	65672672	BASIC	10
16407482	65672673	BASIC	10
16407483	65672674	BASIC	10
16407484	65672675	BASIC	10
16407486	65672677	BASIC	10
16407487	65672679	BASIC	10
16407488	65672680	BASIC	10
16407489	65672681	BASIC	10
16407493	65672685	BASIC	10
16407494	65658441	BASIC	10
16407495	65658460	BASIC	10
16407496	65672688	BASIC	10
16407497	65672689	BASIC	10
16407498	65672690	BASIC	10
16407499	65672691	BASIC	10
16407500	65672692	BASIC	10
16407501	65672693	BASIC	10
16407502	65672694	BASIC	10
16407503	65672695	BASIC	10
16407504	65672696	BASIC	10
16407505	65672697	BASIC	10
16407506	65672698	BASIC	10
16407508	65658479	BASIC	10
16407509	65672700	BASIC	10
16407510	65672701	BASIC	10
16407512	65672703	BASIC	10
16407513	65672704	BASIC	10
16407514	65672709	BASIC	10
16407516	65672711	BASIC	10
16407517	65672712	BASIC	10
16407519	65672714	BASIC	10
16407520	65672717	BASIC	10
16407521	65672720	BASIC	10
16407522	65672721	BASIC	10
16407523	65672722	BASIC	10
16407524	65672723	19000	9
16407528	65672727	BASIC	10
16407529	65672728	BASIC	10
16407531	65672730	BASIC	10
16407532	65672731	BASIC	10
16407533	65672732	BASIC	10
16407536	65623682	BASIC	10
16407538	65672763	MED CHECK VERIFIED	7
16407539	65672763	BASIC	10
16407540	65672764	BASIC	10
16407541	65672765	BASIC	10
16407543	65672767	BASIC	10
16407545	65672779	MED CHECK VERIFIED	7
16407546	65672779	BASIC	10
16407547	65672781	MED CHECK VERIFIED	7
16407548	65672782	BASIC	10
16407551	65672785	BASIC	10
16407552	65543937	BASIC	10
16407553	65585038	BASIC	10
16407554	65658352	BASIC	10
16407555	65658355	BASIC	10
16407556	65672786	BASIC	10
16407557	65672789	BASIC	10
16407558	65585081	BASIC	10
16407559	65672795	BASIC	10
16407564	65672800	BASIC	10
16407567	65672805	BASIC	10
16407569	65658434	BASIC	10
16407570	65672806	BASIC	10
16407571	65672807	BASIC	10
16407572	65672812	BASIC	10
16407573	65672816	BASIC	10
16407574	65672817	BASIC	10
16407575	65672818	BASIC	10
16407576	65672819	BASIC	10
16407579	65672822	BASIC	10
16407580	65672823	BASIC	10
16407581	65672824	BASIC	10
16407583	65672827	BASIC	10
16407584	65672828	BASIC	10
16407585	65672829	BASIC	10
16407586	65672830	BASIC	10
16407587	65658651	FARM	1
16407588	65572129	A	1
16407591	65673355	YES	1
16407592	65673355	YES	2
16407597	65673538	YES	1
16407598	65673538	YES	2
16407599	65673589	YES	1
16407600	65673589	YES	2
16407601	65673699	YES	1
16407602	65673699	YES	2
16407605	65612127	2019-02	1
16407608	65675977	3206	1
16407609	65675978	3206	1
16407610	65675979	3200	1
16407611	65675979	D	2
16407612	65675980	3200	1
16407613	65675980	UT	2
16407614	65675981	3200	1
16407615	65675981	UT	2
16407616	65676000	3200	1
16407617	65676000	UT	2
16407618	65676001	3200	1
16407619	65676001	UT	2
16407620	65614910	FARM	3
16407621	65676903	FARM	3
16407622	65677046	FARM	3
16407623	65677825	I	1
16407624	65677826	I	1
16407625	65677829	I	1
16407627	65677831	I	1
16407628	65677832	I	1
16407629	65677856	I	1
16407630	65677893	I	1
16407631	65677894	I	1
16407632	65677895	I	1
16407633	65677896	I	1
16407634	65548896	I	1
16407635	65677897	I	1
16407636	65677900	I	1
16407637	65677901	I	1
16407638	65677902	I	1
16407639	65677904	I	1
16407640	65677905	I	1
16407641	65677907	I	1
16407642	65677908	I	1
16407643	65677909	I	1
16407644	65677910	I	1
16407646	65677917	I	1
16407649	65595609	SB	1
16407650	65683151	SB	1
16407651	65669558	SB DD	1
16407666	65683173	SB	1
16407668	65609292	SB	1
16407671	65609322	SB	1
16407672	65683189	SB	1
16407673	65633080	SB/DD	1
16407675	65595624	SB	1
16407677	65609324	SB	1
16407678	65654589	SB	1
16407679	65683197	SB	1
16407682	65683319	2	1
16407683	65683320	2	1
16407684	65683331	1	1
16407685	65683332	1	1
16407686	65683333	1	1
16407691	65683362	2	1
16407692	65683363	1	1
16407693	65683375	1	1
16407694	65683376	2	1
16407697	65683379	1	1
16407698	65683380	1	1
16407699	65683381	1	1
16407700	65683382	2	1
16407701	65683383	2	1
16407702	65683384	2	1
16407705	65683397	2	1
16407706	65683398	4	1
16407709	65683402	2	1
16407710	65683407	2	1
16407712	65683409	2	1
16407713	65683410	2	1
16407715	65683416	2	1
16407716	65683417	2	1
16407719	65683424	2	1
16407722	65683428	1	1
16407723	65683429	1	1
16407724	65683430	1	1
16407725	65683431	2	1
16407726	65683433	2	1
16407727	65683434	2	1
16407729	65683442	5	1
16407732	65683451	1	1
16407735	65655285	TM40	1
16407736	65684199	T198	1
16407737	65684200	T198	1
16407738	65684206	T198	1
16407740	65684208	T198	1
16407741	65684222	T198	1
16407742	65684223	T198	1
16407743	65684224	T198	1
16407744	65684291	TM40	1
16407745	65684292	TM40	1
16407748	65684338	TM40	1
16407750	65684340	TM40	1
16407752	65684354	TM40	1
16407753	65684416	NOT VERIFIED	7
16407754	65684417	VERIFIED	7
16407755	65684418	VERIFIED	7
16407756	65684479	MEC CHECK - CONFIRMED	7
16407757	65684480	MEC CHECK - NO CONTACT	7
16407758	65684538	7	1
16407759	65685082	GAS2019	1
16407760	65584560	TPK18	3
16407762	65685085	TPK18	3
16407763	65685086	TPK18	3
16407764	65685096	TPK18	3
16407765	65685097	TPK18	3
16407767	65685101	MED CHECKED - CONFIRMED	7
16407768	65685102	TPK18	3
16407769	65685103	TPK18	3
16407770	65685105	MED CHECKED - CONFIRMED	7
16407771	65685106	MED CHECKED - CONFIRMED	7
16407773	65685108	TPK18	3
16407775	65685134	MEC CHECK-CONFIRMED	7
16407776	65685135	MEC CHECK-CONFIRMED	7
16407777	65685136	MEC CHECK-CONFIRMED	7
16407778	65685161	MX	10
16407779	65685164	MX	10
16407780	65685213	MX	10
16407781	65685214	MX	10
16407782	65685215	MX	10
16407783	65685226	MX	10
16407784	65685724	BASIC	10
16407785	65598607	BASIC	10
16407786	65658354	BASIC	10
16407787	65685725	BASIC	10
16407788	65685726	BASIC	10
16407789	65685727	BASIC	10
16407790	65685728	BASIC	10
16407791	65685729	BASIC	10
16407792	65685730	BASIC	10
16407794	65685732	BASIC	10
16407795	65685733	BASIC	10
16407796	65685737	BASIC	10
16407797	65685746	BASIC	10
16407798	65685747	BASIC	10
16407801	65685750	BASIC	10
16407802	65685751	BASIC	10
16407803	65685752	BASIC	10
16407805	65685757	BASIC	10
16407806	65685758	BASIC	10
16407807	65685759	BASIC	10
16407808	65685760	BASIC	10
16407809	65685761	BASIC	10
16407810	65685762	BASIC	10
16407814	65685765	BASIC	10
16407815	65685766	BASIC	10
16407817	65685771	BASIC	10
16407823	65685790	BASIC	10
16407824	65685791	BASIC	10
16407825	65685798	BASIC	10
16407826	65685799	BASIC	10
16407827	65685810	BASIC	10
16407828	65685811	BASIC	10
16407829	65685812	BASIC	10
16407830	65685813	MEC CHECK-CONFIRMED	7
16407832	65685816	BASIC	10
16407833	65685817	BASIC	10
16407834	65685818	BASIC	10
16407835	65685823	BASIC	10
16407838	65557169	BASIC	10
16407839	65685826	BASIC	10
16407840	65685828	BASIC	10
16407841	65685830	MEC CHECK-CONFIRMED	7
16407842	65685831	MEC CHECK-CONFIRMED	7
16407848	65685842	BASIC	10
16407852	65685855	BASIC	10
16407853	65685856	BASIC	10
16407854	65685857	BASIC	10
16407855	65685858	BASIC	10
16407856	65685859	BASIC	10
16407860	65685865	BASIC	10
16407861	65685866	BASIC	10
16407862	65685869	BASIC	10
16407864	65623677	BASIC	10
16407865	65685884	BASIC	10
16407866	65685885	BASIC	10
16407869	65685894	BASIC	10
16407870	65685895	BASIC	10
16407871	65598684	BASIC	10
16407873	65685900	BASIC	10
16407875	65685902	BASIC	10
16407878	65685911	BASIC	10
16407879	65685912	BASIC	10
16407880	65685913	BASIC	10
16407881	65611140	BASIC	10
16407882	65685914	BASIC	10
16407888	65685926	BASIC	10
16407891	65685934	MED CHECK VERIFIED	7
16407892	65685934	BASIC	10
16407893	65685935	MED CHECK VERIFIED	7
16407894	65685935	BASIC	10
16407901	65598903	BASIC	10
16407902	65685949	MED CHECK VERIFIED	7
16407903	65685949	BASIC	10
16407904	65685950	BASIC	10
16407905	65685951	MED CHECK VERIFIED	7
16407906	65685951	BASIC	10
16407907	65685952	MED CHECK VERIFIED	7
16407912	65685967	MED CHECK VERIFIED	7
16407913	65685968	MED CHECK VERIFIED	7
16407914	65685968	BASIC	10
16407915	65685969	BASIC	10
16407920	65685984	FARM	3
16407921	65686221	FARM	4
16407922	65686222	FARM	4
16407923	65686240	FARM	3
16407925	65686436	YES	1
16407926	65686436	YES	2
16407927	65686461	YES	1
16407928	65686461	YES	2
16407929	65686724	YES	1
16407930	65686724	YES	2
16407931	65686729	YES	1
16407932	65686729	YES	2
16407933	65688021	C	1
16407934	65688022	C	1
16407935	65688044	C	1
16407936	65688045	C	1
16407937	65688171	C	10
16407938	65688172	C	10
16407939	65688173	C	10
16407940	65688175	C	10
16407943	65688181	C	10
16407949	65689211	3200	1
16407950	65689211	UT	2
16407951	65689237	3200	1
16407952	65689237	UT	2
16407953	65689251	3206	1
16407954	65689279	3206	1
16407956	65689282	FARM	3
16407957	65689290	3206	1
16407958	65689291	3206	1
16407959	65689292	3206	1
16407960	65689293	3206	1
16407961	65689300	ANNUAL	1
16407962	65689300	2484664	2
16407963	65689300	PRIVATE	3
16407964	65689300	A	4
16407965	65689300	P	5
16407966	65689302	3200	1
16407967	65689302	UT	2
16407968	65689303	3200	1
16407969	65689303	D	2
16407970	65690140	FARM	3
16407971	65690247	FARM	3
16407972	65690248	FARM	3
16407973	65690249	FARM	3
16407974	65589660	I	1
16407975	65677830	I	1
16407976	65690869	I	1
16407978	65690894	I	1
16407979	65644436	I	1
16407980	65690913	I	1
16407981	65690915	I	1
16407983	65690918	I	1
16407984	65690920	I	1
16407985	65690931	I	1
16407986	65690932	I	1
16407987	65690933	I	1
16407989	65690935	I	1
16407990	65690937	I	1
16407991	65690938	I	1
16407992	65690939	I	1
16407993	65690940	I	1
16407994	65690941	I	1
16407996	65691182	NQV	8
16407997	65691215	OIL	6
16407998	65628041	MEC CHECK CONFIRMED CDLIS	7
16407999	65691990	26215397 SEP	1
16408000	65691990	YES	3
16408001	65691990	NO	4
16408002	65691993	26553437 DEC	1
16408003	65691993	YES	3
16408004	65691993	NO	4
16408005	65692129	YES	3
16408006	65692129	YES	4
16408007	65564465	SB/DD	1
16408008	65697072	SB/DD	1
16408011	65526439	SB	1
16408016	65609323	SB	1
16408017	65669554	SB	1
16408026	65669534	CELL PHONE	1
16408031	65609314	SB	1
16408033	65564473	SB	1
16408034	65609279	SB	1
16408035	65609320	SB	1
16408040	65697112	SB	1
16408042	65526384	SB	1
16408043	65564452	SB	1
16408044	65697127	SB	1
16408046	65697129	SB	1
16408048	65526389	SB	1
16408050	65697134	SB	1
16408052	65555187	MEDICAL CARD CONFIRMED	7
16408053	65555200	MEDICAL CARD CONFIRMED	7
16408054	65595782	MEDICAL CARD CONFIRMED	7
16408055	65595790	MEDICAL CARD CONFIRMED	7
16408056	65595791	MEDICAL CARD CONFIRMED	7
16408057	65633128	MEDICAL CARD CONFIRMED	7
16408058	65633129	MEDICAL CARD CONFIRMED	7
16408059	65633130	MEDICAL CARD CONFIRMED	7
16408060	65633131	MEDICAL CARD CONFIRMED	7
16408061	65633148	MEDICAL CARD CONFIRMED	7
16408062	65697186	MEDICAL CARD CONFIRMED	7
16408063	65697187	MEDICAL CARD CONFIRMED	7
16408064	65697202	MEDICAL CARD CONFIRMED	7
16408065	65697204	MEDICAL CARD CONFIRMED	7
16408066	65697210	MEDICAL CARD CONFIRMED	7
16408069	65697222	MEDICAL CARD CONFIRMED	7
16408071	65697280	1	1
16408073	65697285	1	1
16408074	65669913	5	1
16408075	65697286	4	1
16408084	65697311	2	1
16408085	65697312	2	1
16408088	65683408	2	1
16408089	65683423	2	1
16408091	65697794	TM40	1
16408092	65697795	TM40	1
16408093	65697807	TM40	1
16408094	65697808	TM40	1
16408096	65697821	TM40	1
16408100	65633722	TM40	1
16408113	65633957	TM40	1
16408116	65697917	TM40	1
16408117	65697918	TM40	1
16408118	65655287	TM40	1
16408119	65698051	MEC CHECK VERIFIED	7
16408120	65635050	GAS2019	1
16408121	65698864	TPK18	3
16408122	65584546	TIMBER 19	1
16408123	65635102	GAS2019	1
16408124	65635114	TIMBER19	1
16408127	65635078	MEC CHECK-CONFIRMED	7
16408128	65635079	MEC CHECK-CONFIRMED	7
16408129	65671452	MEC CHECK-CONFIRMED	7
16408132	65698887	GAS2019	1
16408134	65698915	GAS2019	1
16408135	65584561	TPK18	3
16408136	65635099	TPK18	3
16408137	65635111	TPK18	3
16408138	65635122	TPK18	3
16408139	65671351	TPK18	3
16408140	65698922	MEC CHECK-CONFIRMED	7
16408141	65698923	MEC CHECK-CONFIRMED	7
16408142	65698925	MEC CHECK-CONFIRMED	7
16408143	65635040	TPK18	3
16408144	65635055	TPK18	3
16408145	65635064	TPK18	3
16408146	65698944	MED CHECK CONFIRMED 1-17-2019@1342	7
16408147	65698973	MED CHECKS CONFIRMED 1-18-2019@1300	7
16408150	65699013	7200	9
16408151	65699013	HW	10
16408154	65699029	6400	9
16408155	65699029	HW	10
16408172	65699268	RADAR	1
16408173	65699269	RADAR	1
16408174	65699270	RADAR	1
16408175	65699318	RADAR	1
16408177	65699726	BASIC	10
16408178	65699727	BASIC	10
16408179	65699728	BASIC	10
16408180	65543835	BASIC	10
16408182	65543720	BASIC	10
16408183	65699734	BASIC	10
16408184	65611232	BASIC	10
16408185	65672799	BASIC	10
16408186	65598748	BASIC	10
16408187	65598678	BASIC	10
16408188	65571336	BASIC	10
16408189	65685873	BASIC	10
16408191	65699743	BASIC	10
16408192	65699744	BASIC	10
16408193	65699745	BASIC	10
16408195	65699751	BASIC	10
16408196	65699754	BASIC	10
16408198	65672619	BASIC	10
16408200	65585190	BASIC	10
16408201	65585220	BASIC	10
16408203	65685925	BASIC	10
16408204	65685940	BASIC	10
16408207	65699773	BASIC	10
16408208	65699774	BASIC	10
16408209	65699776	MED CHECK VERIFIED	7
16408210	65699777	MED CHECK VERIFIED	7
16408212	65699788	BASIC	10
16408213	65699789	BASIC	10
16408214	65699790	BASIC	10
16408215	65699791	BASIC	10
16408216	65685825	BASIC	10
16408217	65571305	BASIC	10
16408218	65623887	BASIC	10
16408219	65672618	BASIC	10
16408220	65699795	BASIC	10
16408221	65543984	BASIC	10
16408223	65585334	BASIC	10
16408224	65685840	BASIC	10
16408225	65699797	BASIC	10
16408226	65699798	BASIC	10
16408228	65658454	BASIC	10
16408231	65685954	BASIC	10
16408232	65685955	BASIC	10
16408234	65685936	BASIC	10
16408235	65685937	BASIC	10
16408237	65685956	BASIC	10
16408239	65699801	BASIC	10
16408240	65699802	BASIC	10
16408241	65699803	BASIC	10
16408242	65623716	BASIC	10
16408245	65699805	BASIC	10
16408247	65685841	BASIC	10
16408250	65685862	BASIC	10
16408252	65699811	BASIC	10
16408254	65699813	BASIC	10
16408255	65685890	BASIC	10
16408257	65685910	BASIC	10
16408260	65685924	BASIC	10
16408261	65699820	BASIC	10
16408263	65585279	BASIC	10
16408264	65699822	BASIC	10
16408265	65699855	MEC CHECK - CONFIRMED	7
16408272	65612356	2019-02	1
16408278	65701776	3206	1
16408279	65701777	3200	1
16408280	65701777	D	2
16408281	65702697	FY17 HP TACT	1
16408283	65702699	FY17 HP TACT	1
16408285	65702701	FY17 HP TACT	1
16408286	65702702	FY17 HP TACT	1
16408290	65560433	I	1
16408291	65644540	I	1
16408292	65627014	I	1
16408293	65690943	I	1
16408295	65577355	I	1
16408297	65707467	RADAR	1
16408298	65707469	RADAR	1
16408325	65709067	MEC CHECK-CONFIRMED	7
16408326	65709069	MEC CHECK-CONFIRMED	7
16408327	65709079	MEC CHECK-NOT CONFIRMED	7
16408328	65709081	MEC CHECK-NOT CONFIRMED	7
16408329	65709082	MEC CHECK-CONFIRMED	7
16408330	65709088	MEC CHECK-CONFIRMED	7
16408331	65709089	MEC CHECK-CONFIRMED	7
16408333	65709098	MEC CHECK-CONFIRMED	7
16408334	65709099	MEC CHECK-NOT CONFIRMED	7
16408337	65709178	TM40	1
16408338	65709187	TM40	1
16408339	65709189	TM40	1
16408341	65709196	TM40	1
16408342	65709197	TM40	1
16408344	65709207	TM40	1
16408345	65709208	TM40	1
16408346	65709209	TM40	1
16408347	65709210	TM40	1
16408348	65655280	TM40	1
16408349	65709217	TM40	1
16408350	65709222	TM40	1
16408352	65709224	TM40	1
16408353	65709225	TM40	1
16408355	65709227	TM40	1
16408356	65709228	TM40	1
16408359	65709233	TM40	1
16408360	65709238	TM40	1
16408361	65709239	TM40	1
16408362	65709240	TM40	1
16408365	65709243	TM40	1
16408366	65709246	TM40	1
16408367	65709247	TM40	1
16408368	65709248	TM40	1
16408369	65709253	TM40	1
16408370	65709254	TM40	1
16408371	65709255	TM40	1
16408372	65709256	TM40	1
16408373	65709257	TM40	1
16408374	65709266	TM40	1
16408375	65709267	TM40	1
16408376	65709268	T198	1
16408377	65709269	T198	1
16408378	65709270	T198	1
16408379	65709275	TM40	1
16408380	65709276	TM40	1
16408381	65709277	TM40	1
16408382	65709278	TM40	1
16408383	65709279	T198	1
16408384	65709280	T198	1
16408386	65709284	TM40	1
16408387	65709285	TM40	1
16408388	65709286	TM40	1
16408389	65709287	TM40	1
16408390	65709288	TM40	1
16408393	65709296	TM40	1
16408394	65709297	TM40	1
16408395	65709298	TM40	1
16408396	65709299	TM40	1
16408397	65709300	TM40	1
16408398	65709301	TM40	1
16408399	65709302	TM40	1
16408400	65709307	TM40	1
16408401	65709310	TM40	1
16408402	65709311	TM40	1
16408403	65709314	T627	1
16408404	65709315	T627	1
16408405	65566244	TM40	1
16408406	65709321	TM40	1
16408407	65709322	TM40	1
16408408	65709323	TM40	1
16408409	65709326	TM40	1
16408411	65709328	TM40	1
16408412	65709329	TM40	1
16408413	65709341	TM40	1
16408414	65709342	TM40	1
16408415	65709343	TM40	1
16408416	65709344	TM40	1
16408417	65709345	TM40	1
16408419	65709347	TM40	1
16408420	65709348	TM40	1
16408421	65709349	TM40	1
16408422	65709350	TM40	1
16408423	65709351	TM40	1
16408425	65709353	TM40	1
16408426	65709354	TM40	1
16408429	65709364	TM40	1
16408430	65709365	TM40	1
16408431	65709370	TM40	1
16408432	65709371	TM40	1
16408433	65709372	TM40	1
16408434	65709380	TM40	1
16408435	65709382	TM40	1
16408436	65709383	TM40	1
16408437	65709384	TM40	1
16408438	65709385	TM40	1
16408439	65709386	TM40	1
16408440	65709387	TM40	1
16408441	65709388	TM40	1
16408443	65709390	TM40	1
16408444	65709391	TM40	1
16408445	65709392	TM40	1
16408447	65709408	TM40	1
16408448	65709423	TM40	1
16408449	65709424	TM40	1
16408450	65709425	TM40	1
16408451	65709426	TM40	1
16408454	65709436	TM40	1
16408455	65709437	TM40	1
16408457	65709453	TM40	1
16408458	65709454	TM40	1
16408460	65709463	TM40	1
16408461	65709464	TM40	1
16408463	65709466	TM40	1
16408465	65709469	TM40	1
16408466	65709470	TM40	1
16408468	65709483	TM40	1
16408470	65709485	TM40	1
16408471	65709487	TM40	1
16408473	65709489	TM40	1
16408474	65709498	TM40	1
16408475	65709499	TM40	1
16408476	65709500	TM40	1
16408477	65709501	TM40	1
16408479	65709521	TM40	1
16408480	65709522	TM40	1
16408481	65709523	TM40	1
16408482	65709524	TM40	1
16408483	65709536	TM40	1
16408484	65709537	TM40	1
16408485	65709538	TM40	1
16408486	65709539	TM40	1
16408487	65709540	TM40	1
16408488	65709541	TM40	1
16408489	65709542	TM40	1
16408490	65709543	TM40	1
16408492	65709545	TM40	1
16408493	65709546	TM40	1
16408495	65709548	TM40	1
16408496	65709557	TM40	1
16408498	65709561	TM40	1
16408499	65709562	TM40	1
16408500	65709565	TM40	1
16408501	65709566	TM40	1
16408502	65709569	TM40	1
16408505	65709572	TM40	1
16408509	65709580	TM40	1
16408510	65709590	TM40	1
16408511	65709591	TM40	1
16408512	65709592	TM40	1
16408513	65709593	TM40	1
16408515	65709599	TM40	1
16408516	65709600	TM40	1
16408517	65709601	TM40	1
16408519	65709734	MEC CHECK - CONFIRMED	7
16408520	65635049	GAS2019	1
16408522	65710643	MEC CHECK CONFIRMED	7
16408523	65710645	GAS2019	1
16408524	65710664	GAS2019	1
16408525	65710665	GAS2019	1
16408526	65710666	GAS2019	1
16408528	65610230	TPK18	3
16408529	65671369	TPK18	3
16408530	65710671	TPK18	3
16408531	65710672	TPK18	3
16408532	65635065	TPK18	3
16408533	65685107	TPK18	3
16408534	65685098	TPK18	3
16408535	65685132	GAS2019	1
16408536	65710700	TPK18	3
16408537	65710703	MEC CHECK-CONFIRMED	7
16408539	65710706	MEC CHECK - CONFIRMED	7
16408540	65710707	GAS2019	1
16408541	65710716	GAS2019	1
16408542	65699173	MX	10
16408543	65699199	MX	10
16408544	65699202	MX	10
16408545	65699203	MX	10
16408546	65710835	MX	10
16408547	65710924	MX	10
16408548	65710931	MX	10
16408549	65710951	MX	10
16408550	65635393	MX	10
16408551	65710996	MX	10
16408552	65710997	MX	10
16408553	65711026	MX	10
16408554	65636425	BASIC	10
16408555	65711338	BASIC	10
16408556	65623629	BASIC	10
16408557	65585318	BASIC	10
16408560	65711339	BASIC	10
16408561	65711343	BASIC	10
16408562	65711344	BASIC	10
16408563	65711347	BASIC	10
16408564	65711348	BASIC	10
16408566	65711355	BASIC	10
16408573	65623789	BASIC	10
16408575	65711377	BASIC	10
16408576	65711378	BASIC	10
16408577	65711380	BASIC	10
16408580	65711382	BASIC	10
16408584	65711388	BASIC	10
16408585	65585043	BASIC	10
16408586	65685731	BASIC	10
16408587	65711392	34080  39380  85780	9
16408588	65711397	BASIC	10
16408589	65711398	BASIC	10
16408590	65711404	BASIC	10
16408591	65711405	BASIC	10
16408592	65711407	BASIC	10
16408593	65711413	BASIC	10
16408596	65711416	BASIC	10
16408597	65711417	BASIC	10
16408598	65711418	BASIC	10
16408600	65711420	BASIC	10
16408601	65711421	BASIC	10
16408602	65685845	BASIC	10
16408604	65711430	BASIC	10
16408609	65711446	BASIC	10
16408610	65711447	GROSS WEIGHT WAS 79,260 LBS.	7
16408611	65711447	BASIC	10
16408612	65711448	BASIC	10
16408613	65711449	BASIC	10
16408614	65711454	BASIC	10
16408615	65585023	BASIC	10
16408616	65585099	BASIC	10
16408617	65611271	BASIC	10
16408618	65611288	BASIC	10
16408619	65658305	BASIC	10
16408622	65711477	BASIC	10
16408624	65711481	BASIC	10
16408625	65711482	BASIC	10
16408627	65711484	BASIC	10
16408629	65711486	BASIC	10
16408630	65711487	BASIC	10
16408631	65711488	BASIC	10
16408632	65711493	BASIC	10
16408634	65711498	BASIC	10
16408635	65711499	BASIC	10
16408636	65711500	BASIC	10
16408639	65711501	BASIC	10
16408640	65711502	BASIC	10
16408642	65672635	BASIC	10
16408643	65711506	BASIC	10
16408644	65711507	BASIC	10
16408645	65711508	BASIC	10
16408646	65711509	BASIC	10
16408650	65711512	MEC CHECK-CONFIRMED	7
16408651	65711513	BASIC	10
16408652	65711514	BASIC	10
16408654	65672713	BASIC	10
16408656	65711528	76220	9
16408658	65585194	BASIC	10
16408662	65711539	BASIC	10
16408663	65711540	BASIC	10
16408667	65636471	BASIC	10
16408668	65672766	BASIC	10
16408671	65685824	BASIC	10
16408673	65611135	BASIC	10
16408674	65636481	BASIC	10
16408675	65636455	BASIC	10
16408676	65672729	BASIC	10
16408691	65598852	BASIC	10
16408695	65585124	BASIC	10
16408697	65623745	BASIC	10
16408698	65623761	BASIC	10
16408699	65685972	BASIC	10
16408703	65598850	BASIC	10
16408714	65611267	BASIC	10
16408716	65623660	BASIC	10
16408717	65623662	BASIC	10
16408719	65571358	BASIC	10
16408722	65598892	BASIC	10
16408723	65598894	BASIC	10
16408724	65598896	BASIC	10
16408726	65685941	BASIC	10
16408734	65685784	BASIC	10
16408735	65699809	BASIC	10
16408743	65585278	BASIC	1
16408744	65585306	BASIC	1
16408745	65598878	BASIC	10
16408747	65713067	MEC CHECK-NO CONTACT	7
16408748	65713097	MEC CHECK-NO CONTACT	7
16408749	65713111	YES	1
16408750	65713111	YES	2
16408751	65713323	YES	1
16408752	65713323	YES	2
16408753	65713344	YES	1
16408754	65713344	YES	2
16408755	65713461	MEC CHECK-NO CONTACT	7
16408756	65713525	MEC CHECK-NO CONTACT	7
16408759	65713552	YES	1
16408760	65713552	YES	2
16408761	65713590	YES	1
16408762	65713590	YES	2
16408767	65713681	YES	1
16408768	65713681	YES	2
16408769	65713758	YES	1
16408770	65713758	YES	2
16408771	65714047	S DOT NUMBER:	1
16408773	65714933	C	1
16408774	65714934	C	1
16408775	65714935	C	1
16408776	65714936	C	1
16408777	65714937	C	1
16408778	65714938	C	1
16408779	65714939	C	1
16408780	65714940	C	1
16408781	65714941	C	1
16408782	65714942	C	1
16408783	65714943	C	1
16408784	65714944	C	1
16408786	65714993	C	10
16408787	65714994	C	10
16408788	65714995	C	10
16408789	65714996	C	10
16408790	65715001	C	10
16408794	65715010	C	10
16408797	65715017	C	10
16408800	65715020	C	10
16408801	65715024	C	10
16408803	65715166	C	10
16408804	65715167	C	10
16408805	65715168	C	10
16408806	65715173	C	10
16408807	65715174	C	10
16408808	65715175	C	10
16408809	65715176	C	10
16408810	65715181	C	10
16408811	65689280	3206	1
16408812	65715317	3206	1
16408813	65715322	3206	1
16408814	65715346	FARM	3
16408815	65715388	FARM	3
16408816	65715393	FARM	3
16408817	65531883	FARM	3
16408818	65531883	FARM	4
16408819	65716192	TACT	1
16408820	65716214	FY17 HP TACT	1
16408821	65716215	FY17 HP TACT	1
16408826	65716256	FY17 HP TACT	1
16408827	65716257	FY17 HP TACT	1
16408828	65716258	FY17 HP TACT	1
16408830	65716294	FY7 HP TACT	1
16408831	65716320	FY17 HP TACT	1
16408832	65716321	FY17 HP TACT	1
16408833	65716340	FY17 HP TACT I40	1
16408834	65716464	FY17 HP TACT	1
16408835	65716465	FY17 HP TACT	1
16408836	65716481	FY17 HP TACT	1
16408837	65716485	FY17 HP TACT	1
16408838	65717062	MED CERT - NOT CONFIRMED	7
16408839	65717070	MED CERT - NOT CONFIRMED	7
16408840	65717085	MEC CHECK - NOT CONFIRMED	7
16408842	65717092	MEC NOT VERIFIED BY LIVE CONTACT.	7
16408843	65717098	MED CERT - NOT CONFIRMED	7
16408845	65717102	MED CERT - NOT CONFIRMED	7
16408848	65717241	I	1
16408850	65717254	I	1
16408851	65717255	I	1
16408852	65717270	I	1
16408853	65717271	I	1
16408854	65717272	I	1
16408855	65703116	I	1
16408856	65703117	I	1
16408857	65703118	I	1
16408858	65703086	I	1
16408859	65703099	I	1
16408860	65703100	I	1
16408861	65717292	I	1
16408862	65717297	I	1
16408863	65717304	I	1
16408864	65717305	I	1
16408865	65717306	I	1
16408866	65717307	I	1
16408867	65703080	I	1
16408868	65703081	I	1
16408869	65703051	I	1
16408870	65604242	I	1
16408872	65717349	I	1
16408873	65703102	I	1
16408874	65717360	I	1
16408875	65589578	I	1
16408876	65703121	I	1
16408877	65690934	I	1
16408879	65703123	I	1
16408881	65717400	I	1
16408882	65703063	I	1
16408884	65703065	I	1
16408885	65644550	I	1
16408886	65703112	I	1
16408887	65703098	I	1
16408888	65717418	I	1
16408890	65717420	I	1
16408891	65718619	YES	5
16408894	65726068	SB DD	1
16408895	65726069	SB DD	1
16408896	65669497	SB	1
16408897	65633075	SB	1
16408898	65582508	SB	1
16408900	65555142	SB	1
16408901	65609311	SB	1
16408902	65654574	SB	1
16408904	65633614	MEC CHECK-NOT CONFIRMED	7
16408905	65726727	T198	1
16408907	65726737	T198	1
16408910	65726811	TM40	1
16408911	65726812	TM40	1
16408912	65726813	TM40	1
16408913	65726820	TM40	1
16408914	65726821	TM40	1
16408915	65726824	TM40	1
16408916	65726825	TM40	1
16408919	65726835	TM40	1
16408920	65726848	TM40	1
16408922	65726850	TM40	1
16408923	65726851	TM40	1
16408924	65726992	YES	1
16408925	65726992	YES	2
16408940	65556264	TIMBER19	1
16408942	65727836	MEC CHECK-CONFIRMED	7
16408943	65727837	MEC CHECK-CONFIRMED	7
16408944	65698876	REGRIND2019	1
16408945	65698876	MED CHECKED - CONFIRMED	7
16408946	65635047	TPK18	3
16408947	65671478	TPK18	3
16408948	65698872	TPK18	3
16408950	65727839	TPK18	3
16408951	65727840	TPK18	3
16408952	65635100	TPK18	3
16408953	65635112	TPK18	3
16408954	65727852	TPK18	3
16408956	65727854	TPK18	3
16408957	65727921	MX	10
16408958	65727942	MX	10
16408959	65727947	MX	10
16408960	65727952	MX	10
16408961	65727953	MX	10
16408965	65728373	BASIC	10
16408966	65728374	BASIC	10
16408967	65598681	BASIC	10
16408968	65611382	BASIC	10
16408969	65728375	BASIC	10
16408970	65728376	BASIC	10
16408972	65728378	BASIC	10
16408978	65711574	BASIC	10
16408979	65711575	BASIC	10
16408980	65728390	BASIC	10
16408981	65728391	BASIC	10
16408982	65728392	BASIC	10
16408983	65728393	BASIC	10
16408984	65611166	BASIC	10
16408985	65711592	BASIC	10
16408986	65711593	BASIC	10
16408987	65711594	BASIC	10
16408989	65728409	BASIC	10
16408990	65728414	BASIC	10
16408991	65711630	BASIC	10
16408992	65711653	BASIC	10
16408993	65711654	BASIC	10
16408994	65711655	BASIC	10
16408996	65728424	BASIC	10
16408999	65728427	BASIC	10
16409001	65728429	BASIC	10
16409002	65543917	BASIC	10
16409003	65598870	BASIC	10
16409004	65658489	BASIC	10
16409005	65711547	BASIC	10
16409006	65728435	BASIC	10
16409008	65728443	MED CHECK VERIFIED	7
16409010	65711548	BASIC	10
16409011	65711568	BASIC	10
16409013	65711570	BASIC	10
16409016	65728453	BASIC	10
16409017	65728454	MED CHECK VERIFIED	7
16409018	65728454	BASIC	10
16409019	65711571	BASIC	10
16409020	65711589	BASIC	10
16409025	65728464	BASIC	10
16409026	65728465	BASIC	10
16409028	65728470	BASIC	10
16409031	65711660	BASIC	10
16409033	65728479	BASIC	10
16409034	65636411	BASIC	10
16409037	65728484	BASIC	10
16409038	65728485	BASIC	10
16409039	65728486	BASIC	10
16409040	65728487	BASIC	10
16409042	65728489	BASIC	10
16409043	65623746	BASIC	10
16409044	65685749	BASIC	10
16409046	65711663	BASIC	10
16409047	65711664	BASIC	10
16409049	65728492	BASIC	10
16409050	65728493	BASIC	10
16409051	65728494	BASIC	10
16409052	65728495	BASIC	10
16409054	65711634	BASIC	10
16409055	65711635	BASIC	10
16409056	65711657	BASIC	10
16409059	65728496	BASIC	10
16409060	65728497	BASIC	10
16409062	65728507	BASIC	10
16409063	65728508	BASIC	10
16409064	65728511	BASIC	10
16409065	65728512	BASIC	10
16409067	65728514	BASIC	10
16409068	65611252	BASIC	10
16409069	65672801	BASIC	10
16409072	65728517	BASIC	10
16409074	65728519	BASIC	10
16409076	65728523	BASIC	10
16409078	65711672	BASIC	10
16409079	65711673	BASIC	10
16409080	65728527	BASIC	10
16409082	65728532	BASIC	10
16409083	65728533	BASIC	10
16409084	65728534	MEC CHECK-CONFIRMED	7
16409085	65728535	MEC CHECK-CONFIRMED	7
16409086	65728536	MEC CHECK-CONFIRMED	7
16409087	65728537	BASIC	10
16409090	65728541	BASIC	10
16409091	65728542	BASIC	10
16409095	65728552	BASIC	10
16409099	65728563	BASIC	10
16409100	65728564	BASIC	10
16409102	65728566	BASIC	10
16409103	65728567	BASIC	10
16409104	65672725	75950	9
16409105	65711686	BASIC	10
16409106	65711687	BASIC	10
16409107	65711680	BASIC	10
16409109	65728586	BASIC	10
16409110	65728588	BASIC	10
16409111	65711682	BASIC	10
16409112	65711683	BASIC	10
16409114	65728591	BASIC	10
16409115	65585223	BASIC	10
16409116	65728595	BASIC	10
16409117	65685899	BASIC	10
16409118	65728596	BASIC	10
16409119	65728597	BASIC	10
16409120	65728598	BASIC	10
16409121	65711656	BASIC	10
16409122	65711544	BASIC	10
16409123	65711545	BASIC	10
16409124	65711546	BASIC	10
16409127	65729310	YES	1
16409128	65729310	YES	2
16409129	65729413	MEC CHECK-CONFIRMED	7
16409132	65729550	YES	1
16409133	65729550	YES	2
16409134	65729590	MEC CHECK-REFUSED	7
16409135	65729628	YES	1
16409136	65729628	YES	2
16409138	65730164	FARM VEHICLE	3
16409139	65730587	C	1
16409141	65730853	C	10
16409142	65731348	FARM	4
16409143	65731405	FARM	3
16409144	65733027	FY17 HP TACT I40	1
16409145	65733028	FY17 HP TACT I40	1
16409146	65733029	FY17 HP TACT I40	1
16409147	65733030	FY17 HP TACT I40	1
16409148	65716293	FY17 HP TACT	1
16409149	65733138	FY17 HP TACT	1
16409150	65733160	MED CHECK CONDUCTED GOOD	7
16409151	65733161	MED CHECK CONDUCTED GOOD	7
16409152	65733162	MED CHECK CONDUCTED GOOD	7
16409153	65733170	FY17 HP TACT	1
16409157	65733190	FY17 HP TACT	1
16409158	65733191	FY17 HP TACT	1
16409159	65733209	FY17 HP TACT	1
16409160	65733210	FY17 HP TACT	1
16409161	65733211	FY17 HP TACT	1
16409162	65733212	FY17 HP  TACT	1
16409166	65733229	FY17 HP TACT	1
16409167	65733230	FY17 HP TACT	1
16409170	65703064	I	1
16409171	65717240	I	1
16409172	65738920	467	1
16409173	65564522	SB	1
16409175	65595668	SB	1
16409177	65669527	SB	1
16409178	65621094	SB/DD	1
16409180	65683184	SB	1
16409181	65555155	SB	1
16409182	65654644	SB	1
16409184	65633073	SB	1
16409186	65609298	SB	1
16409190	65621056	SB	1
16409191	65654623	SB	1
16409192	65540661	SB/DD	1
16409194	65654573	SB	1
16409195	65621067	SB	1
16409198	65564432	SB DD	1
16409199	65582467	SB	1
16409200	65697109	SB	1
16409201	65669562	SB DD	1
16409202	65564484	SB	1
16409203	65633082	SB	1
16409205	65697101	SB	1
16409207	65654608	SB	1
16409208	65595617	SB	1
16409212	65540730	SB/DD	1
16409218	65740598	1	1
16409220	65740600	4	1
16409224	65740604	2	1
16409231	65740615	2	1
16409237	65740623	2	1
16409250	65740637	2	1
16409251	65740638	2	1
16409252	65740639	2	1
16409258	65740644	1	1
16409259	65740645	1	1
16409260	65740646	2	1
16409263	65669642	1	1
16409270	65740662	2	1
16409274	65740674	1	1
16409286	65740687	1	1
16409287	65740688	1	1
16409291	65740699	1	1
16409297	65740704	2	1
16409298	65740705	5	1
16409299	65740706	5	1
16409301	65740708	5	1
16409306	65740718	2	1
16409307	65740719	2	1
16409309	65740721	1	1
16409316	65740729	2	1
16409322	65740750	2	1
16409324	65740752	2	1
16409325	65740753	2	1
16409328	65740758	1	1
16409329	65740759	2	1
16409330	65740767	2	1
16409335	65740769	2	1
16409342	65565188	5	1
16409351	65740785	4	1
16409352	65740786	4	1
16409353	65740787	4	1
16409354	65740788	4	1
16409356	65740790	5	1
16409357	65740791	5	1
16409358	65740792	5	1
16409368	65740797	5	1
16409375	65740803	2	1
16409381	65740809	4	1
16409382	65740810	4	1
16409383	65740811	4	1
16409399	65740814	5	1
16409418	65740820	1	1
16409434	65740830	2	1
16409440	65740849	1	1
16409441	65740853	2	1
16409477	65740896	2	1
16409478	65740898	1	1
16409480	65740900	1	1
16409500	65740917	1	1
16409501	65740918	2	1
16409520	65740942	4	1
16409525	65740945	2	1
16409528	65741304	MEC CHECK-CONFIRMED	7
16409530	65709090	MEC CHECK-NOT CONFIRMED	7
16409531	65741330	T198	1
16409534	65741359	T198	1
16409536	65741398	T198	1
16409539	65741451	TM40	1
16409540	65741453	TM40	1
16409542	65741455	TM40	1
16409543	65741456	TM40	1
16409546	65741471	TM40	1
16409549	65741556	GAS2019	1
16409550	65741557	GAS2019	1
16409551	65741558	GAS2019	1
16409552	65741575	MEC CHECK-CONFIRMED	7
16409553	65741576	MEC CHECK-CONFIRMED	7
16409555	65741578	MEC CHECK-CONFIRMED	7
16409556	65741579	GAS2019	1
16409557	65741580	GAS2019	1
16409558	65671457	TPK18	3
16409559	65741588	TPK18	3
16409561	65741591	TPK18	3
16409563	65741694	MED CHECK CONFIRMED 1-24-2018@1344	7
16409564	65741818	10900	9
16409565	65741818	HW	10
16409568	65745906	BASIC	10
16409571	65745915	BASIC	10
16409578	65745942	BASIC	10
16409581	65745952	MED CHECK VERIFIED	7
16409582	65745952	BASIC	10
16409583	65745953	MED CHECK VERIFIED	7
16409584	65745953	BASIC	10
16409585	65745955	MED CHECK VERIFIED	7
16409586	65745959	BASIC	10
16409587	65745960	BASIC	10
16409590	65745963	BASIC	10
16409591	65745964	BASIC	10
16409592	65745983	BASIC	10
16409597	65745989	BASIC	10
16409598	65745995	BASIC	10
16409599	65745996	BASIC	10
16409602	65672616	BASIC	10
16409603	65685843	BASIC	10
16409604	65746010	BASIC	10
16409605	65658447	BASIC	10
16409606	65746016	BASIC	10
16409610	65746031	BASIC	10
16409611	65746032	BASIC	10
16409612	65746033	BASIC	10
16409614	65746038	BASIC	10
16409616	65746039	MEC CHECK-CONFIRMED	7
16409617	65746040	MEC CHECK-CONFIRMED	7
16409618	65728483	BASIC	10
16409619	65746049	BASIC	10
16409620	65746050	BASIC	10
16409621	65623640	BASIC	10
16409622	65636469	BASIC	10
16409623	65672784	BASIC	10
16409624	65746051	BASIC	10
16409628	65746055	BASIC	10
16409629	65746056	BASIC	10
16409630	65746057	BASIC	10
16409631	65746058	BASIC	10
16409633	65746070	BASIC	10
16409634	65746071	BASIC	10
16409638	65746075	BASIC	10
16409639	65746076	BASIC	10
16409640	65746077	BASIC	10
16409641	65746078	BASIC	10
16409642	65746080	BASIC	10
16409643	65746081	BASIC	10
16409644	65746082	BASIC	10
16409645	65746083	BASIC	10
16409646	65746084	BASIC	10
16409650	65746093	BASIC	10
16409651	65746094	BASIC	10
16409652	65746095	BASIC	10
16409653	65746096	BASIC	10
16409663	65746114	BASIC	10
16409665	65746116	BASIC	10
16409667	65746118	BASIC	10
16409668	65746120	BASIC	10
16409676	65685973	BASIC	10
16409677	65746131	BASIC	10
16409679	65746137	BASIC	10
16409683	65746145	BASIC	10
16409684	65746146	BASIC	10
16409685	65746147	BASIC	10
16409689	65746153	BASIC	10
16409690	65746154	BASIC	10
16409691	65746155	BASIC	10
16409692	65746156	BASIC	10
16409693	65746157	BASIC	10
16409695	65746162	BASIC	10
16409697	65746165	BASIC	10
16409702	65746181	BASIC	10
16409703	65746182	BASIC	10
16409707	65636460	BASIC	10
16409708	65711666	BASIC	10
16409709	65746190	BASIC	10
16409710	65728515	BASIC	10
16409712	65746207	BASIC	10
16409713	65746208	BASIC	10
16409722	65746216	BASIC	10
16409723	65746217	BASIC	10
16409725	65746227	BASIC	10
16409726	65746228	BASIC	10
16409731	65746238	BASIC	10
16409733	65746274	FARM	3
16409734	65746354	MEC CHECK-CONFIRMED	7
16409737	65746496	MEC CHECK-CONFIRMED	7
16409738	65746532	YES	1
16409739	65746532	YES	2
16409740	65746540	MEC CHECK-CONFIRMED	7
16409741	65612357	2019-02	1
16409742	65747442	C	10
16409743	65747443	C	10
16409744	65747444	C	10
16409745	65747445	C	10
16409746	65747492	C	10
16409747	65747493	C	10
16409748	65747494	C	10
16409749	65747501	C	10
16409750	65747522	C	10
16409751	65747523	C	10
16409752	65747524	C	10
16409754	65747526	C	1
16409755	65747527	C	1
16409756	65747528	C	1
16409757	65747529	C	10
16409758	65747530	C	10
16409759	65747531	C	10
16409760	65747532	C	10
16409761	65747556	C	1
16409762	65747557	C	1
16409763	65747560	C	10
16409766	65747564	C	10
16409767	65747565	C	10
16409768	65747566	C	10
16409769	65747567	C	10
16409770	65747592	C	10
16409771	65747593	C	10
16409772	65747594	C	10
16409773	65747595	C	10
16409774	65747596	C	10
16409775	65747621	C	10
16409776	65747622	C	10
16409777	65747623	C	10
16409778	65747624	C	10
16409779	65747625	C	10
16409780	65747626	C	10
16409781	65747650	C	10
16409782	65747651	C	10
16409783	65747652	C	10
16409784	65747653	C	10
16409785	65747654	C	10
16409786	65747663	C	10
16409787	65747664	C	10
16409789	65747666	C	10
16409790	65747676	C	10
16409791	65747677	C	10
16409792	65747678	C	10
16409793	65747679	C	10
16409794	65747696	C	10
16409795	65747723	C	10
16409796	65747724	C	10
16409797	65747725	C	10
16409798	65747751	C	10
16409799	65747752	C	10
16409800	65747753	C	10
16409801	65747754	C	10
16409802	65747756	C	1
16409803	65747757	C	1
16409804	65747758	C	1
16409805	65747783	C	10
16409806	65747784	C	10
16409807	65747785	C	10
16409808	65747786	C	10
16409809	65747787	C	1
16409810	65747788	C	1
16409811	65747789	C	1
16409812	65747790	C	1
16409813	65747811	C	10
16409814	65747812	C	10
16409815	65747813	C	10
16409816	65747814	C	10
16409818	65747816	C	1
16409819	65747817	C	1
16409820	65747818	C	1
16409826	65750248	MED CERT - NOT CONFIRMED	7
16409827	65750252	MED CERT - NOT CONFIRMED	7
16409828	65750262	MEC CHECK - NOT CONFIRMED	7
16409829	65626791	MEC NOT VERIFIED BY LIVE CONTACT.	7
16409830	65589489	MEC - UNABLE TO VERIFY	7
16409831	65750301	I	1
16409832	65750302	I	1
16409833	65750303	I	1
16409834	65750304	I	1
16409835	65750307	I	1
16409836	65750308	I	1
16409837	65750309	I	1
16409838	65750310	I	1
16409839	65644330	I	1
16409840	65733634	I	1
16409841	65733635	I	1
16409842	65733636	I	1
16409843	65750313	I	1
16409844	65750314	I	1
16409845	65733657	I	1
16409846	65733658	I	1
16409847	65733659	I	1
16409848	65750334	I	1
16409849	65750338	I	1
16409850	65750339	I	1
16409851	65733621	I	1
16409852	65733622	I	1
16409853	65733623	I	1
16409854	65733624	I	1
16409857	65750341	I	1
16409858	65750342	I	1
16409859	65750343	I	1
16409860	65733670	I	1
16409861	65750351	I	1
16409862	65750352	I	1
16409863	65750354	I	1
16409865	65750357	I	1
16409866	65750363	I	1
16409867	65644549	I	1
16409869	65750366	I	1
16409870	65750367	I	1
16409871	65750378	I	1
16409872	65750379	I	1
16409873	65755766	518	1
16409874	65755788	518	1
16409875	65756687	518	1
16409876	65595603	SB	1
16409877	65609312	SB	1
16409878	65540704	SB	1
16409879	65633076	SB	1
16409880	65633079	SB/DD	1
16409882	65633068	SB	1
16409883	65697089	SB	1
16409884	65595651	S/B	1
16409886	65654613	SB	1
16409907	65758807	MEC CHECK-CONFIRMED	7
16409908	65758808	MEC CHECK-NOT CONFIRMED	7
16409909	65758809	MEC CHECK-CONFIRMED	7
16409910	65709488	TM40	1
16409911	65758817	TM40	1
16409912	65758818	TM40	1
16409917	65758874	T198	1
16409918	65758875	T198	1
16409919	65758876	T198	1
16409920	65758937	TM40	1
16409921	65758938	TM40	1
16409922	65758939	TM40	1
16409923	65758940	TM40	1
16409924	65758949	TM40	1
16409925	65758950	TM40	1
16409926	65758951	TM40	1
16409927	65758952	TM40	1
16409928	65758955	TM40	1
16409929	65758956	TM40	1
16409930	65727835	MEC CHECK-CONFIRMED	7
16409931	65759092	MEC CHECK-CONFIRMED	7
16409932	65759093	MEC CHECK-CONFIRMED	7
16409933	65584559	TPK18	3
16409934	65727838	TPK18	3
16409935	65759096	MEC CHECK - CONFIRMED	7
16409936	65759097	MEC CHECK - CONFIRMED	7
16409938	65635110	TPK18	3
16409939	65671352	TPK18	3
16409940	65759110	TPK18	3
16409941	65759115	GAS2019	1
16409943	65759118	TPK18	3
16409944	65759119	TPK18	3
16409946	65759151	MED CHECKED - CONFIRMED	7
16409947	65671723	MED CHECK CONFIRMED 1-15-2019@1304	7
16409948	65656278	MX	10
16409949	65759259	MX	10
16409950	65759260	MX	10
16409951	65759261	MX	10
16409952	65759262	MX	10
16409954	65759846	BASIC	10
16409955	65759847	BASIC	10
16409956	65759858	BASIC	10
16409957	65746211	BASIC	10
16409958	65759859	BASIC	10
16409959	65759863	BASIC	10
16409960	65759864	BASIC	10
16409963	65746214	BASIC	10
16409965	65745912	BASIC	10
16409966	65745913	BASIC	10
16409967	65759868	BASIC	10
16409969	65759870	BASIC	10
16409970	65759871	BASIC	10
16409971	65759872	BASIC	10
16409972	65759875	BASIC	10
16409974	65759879	BASIC	10
16409975	65745987	BASIC	10
16409976	65746111	BASIC	10
16409978	65759880	BASIC	10
16409979	65746113	BASIC	10
16409980	65759881	BASIC	10
16409982	65759890	MEC CHECK-CONFIRMED	7
16409983	65759891	MEC CHECK-CONFIRMED	7
16409984	65746143	BASIC	10
16409990	65746170	BASIC	10
16409991	65759896	MEC CHECK-CONFIRMED	7
16409996	65759898	MEC CHECK-CONFIRMED	7
16409997	65746088	MEC CHECK-CONFIRMED	7
16409998	65746115	MEC CHECK-CONFIRMED	7
16409999	65759899	MEC CHECK-CONFIRMED	7
16410001	65759900	BASIC	10
16410002	65746097	BASIC	10
16410003	65746098	BASIC	10
16410005	65759903	BASIC	10
16410008	65759912	BASIC	10
16410012	65759922	BASIC	10
16410013	65759923	BASIC	10
16410014	65658456	BASIC	10
16410015	65658472	BASIC	10
16410017	65746103	BASIC	10
16410023	65759946	BASIC	10
16410024	65759947	BASIC	10
16410026	65759949	BASIC	10
16410028	65746122	BASIC	10
16410030	65746124	BASIC	10
16410032	65746184	BASIC	10
16410033	65746185	BASIC	10
16410035	65746206	BASIC	10
16410036	65746072	BASIC	10
16410038	65759959	BASIC	10
16410039	65759960	BASIC	10
16410040	65759961	BASIC	10
16410042	65759963	BASIC	10
16410043	65746188	BASIC	10
16410044	65623749	BASIC	10
16410046	65759968	BASIC	10
16410047	65759969	BASIC	10
16410048	65759970	BASIC	10
16410049	65745984	BASIC	10
16410051	65745986	BASIC	10
16410052	65658549	BASIC	10
16410053	65759972	BASIC	10
16410056	65746230	BASIC	10
16410058	65759974	BASIC	10
16410059	65746231	BASIC	10
16410060	65759975	BASIC	10
16410062	65759977	BASIC	10
16410066	65746054	BASIC	10
16410070	65760005	MEC CHECK-NO CONTACT	7
16410071	65746466	YES	1
16410072	65746466	YES	2
16410073	65760227	MEC CHECK-CONFIRMED	7
16410074	65760244	MEC CHECK-CONFIRMED	7
16410077	65639021	FARM VEHICLE	4
16410078	65762697	FARM	3
16410080	65589425	MED CERT - CONFIRMED	7
16410081	65763716	MEC - UNABLE TO VERIFY	7
16410083	65763723	MEC - UNABLE TO VERIFY	7
16410084	65763757	I	1
16410085	65763758	I	1
16410087	65763762	I	1
16410088	65763763	I	1
16410089	65763765	I	1
16410090	65616380	I	1
16410091	65763772	I	1
16410093	65703066	I	1
16410094	65763773	I	1
16410095	65763777	I	1
16410096	65763778	I	1
16410097	65763779	I	1
16410098	65763782	I	1
16410099	65763785	I	1
16410100	65763786	I	1
16410101	65763787	I	1
16410102	65763788	I	1
16410103	65763789	I	1
16410104	65763799	I	1
16410106	65763801	I	1
16410107	65604148	I	1
16410109	65763827	I	1
16410110	65764463	YES	5
16410111	65669561	SB	1
16410112	65564477	SB	1
16410113	65697133	SB	1
16410114	65654586	S/B	1
16410116	65540695	SB	1
16410117	65697110	SB	1
16410118	65697111	SB	1
16410119	65582492	SB	1
16410121	65621764	MEC CHECK-NOT CONFIRMED	7
16410122	65770018	T198	1
16410123	65770019	T198	1
16410124	65770020	T198	1
16410126	65770025	T198	1
16410127	65770037	TM40	1
16410128	65770038	TM40	1
16410129	65770039	TM40	1
16410130	65770040	TM40	1
16410131	65770041	TM40	1
16410132	65770042	TM40	1
16410134	65770130	TM40	1
16410135	65770131	TM40	1
16410136	65770132	TM40	1
16410137	65770133	TM40	1
16410138	65770554	VERIFIED	7
16410139	65770555	MEC CHECK VERIFIED	7
16410140	65770569	MEC CHECK VERIFIED	7
16410141	65770686	\	1
16410164	65771612	MX	10
16410165	65771619	MX	10
16410166	65771625	MX	10
16410167	65771626	MX	10
16410168	65771703	MX	10
16410171	65623856	BASIC	10
16410175	65672710	BASIC	10
16410176	65685927	BASIC	10
16410179	65772049	BASIC	10
16410180	65772050	BASIC	10
16410181	65685928	BASIC	10
16410182	65772055	BASIC	10
16410184	65772057	BASIC	10
16410188	65746171	BASIC	10
16410189	65772065	BASIC	10
16410190	65772066	BASIC	10
16410191	65772067	BASIC	10
16410192	65772068	BASIC	10
16410195	65772077	BASIC	10
16410196	65772078	BASIC	10
16410201	65772087	BASIC	10
16410202	65772098	BASIC	10
16410203	65772101	BASIC	10
16410206	65746018	BASIC	10
16410207	65772104	BASIC	10
16410208	65772105	BASIC	10
16410209	65772106	BASIC	10
16410212	65772116	BASIC	10
16410213	65611231	BASIC	10
16410214	65658353	BASIC	10
16410222	65658398	BASIC	10
16410223	65746212	BASIC	10
16410225	65759869	BASIC	10
16410226	65658448	BASIC	10
16410227	65672825	BASIC	10
16410228	65728550	BASIC	10
16410229	65623840	BASIC	10
16410235	65623841	BASIC	10
16410236	65672620	BASIC	10
16410237	65711503	BASIC	10
16410238	65728553	BASIC	10
16410239	65745962	BASIC	10
16410243	65585289	BASIC	10
16410244	65598652	BASIC	10
16410245	65711483	BASIC	10
16410246	65711374	BASIC	10
16410247	65772160	BASIC	10
16410253	65772166	BASIC	10
16410254	65772167	BASIC	10
16410255	65772168	BASIC	10
16410259	65611266	BASIC	10
16410261	65623701	BASIC	10
16410262	65685939	BASIC	10
16410263	65728469	BASIC	10
16410264	65728472	BASIC	10
16410265	65672699	BASIC	10
16410270	65728488	BASIC	10
16410271	65746130	BASIC	10
16410272	65772188	BASIC	10
16410273	65772189	BASIC	10
16410274	65772190	BASIC	10
16410278	65772195	BASIC	10
16410279	65772196	BASIC	10
16410283	65672797	BASIC	10
16410284	65772204	BASIC	10
16410288	65759962	BASIC	10
16410289	65772213	BASIC	10
16410290	65772214	BASIC	10
16410295	65772219	BASIC	10
16410301	65623888	BASIC	10
16410302	65685860	BASIC	10
16410303	65728423	BASIC	10
16410304	65746053	BASIC	10
16410305	65772230	BASIC	10
16410306	65772231	BASIC	10
16410307	65772232	BASIC	10
16410308	65772233	BASIC	10
16410313	65611167	BASIC	10
16410314	65728456	BASIC	10
16410315	65571357	BASIC	10
16410317	65773835	C	10
16410318	65773836	C	10
16410319	65773845	C	10
16410320	65773846	C	10
16410321	65773847	C	10
16410322	65773848	C	10
16410323	65773857	C	10
16410324	65773858	C	10
16410325	65773859	C	10
16410326	65773860	C	10
16410328	65773904	C	10
16410329	65773905	C	10
16410330	65773910	C	10
16410331	65773911	C	10
16410332	65773912	C	10
16410334	65773942	C	10
16410335	65773943	C	10
16410336	65773944	C	10
16410337	65773945	C	10
16410338	65773954	C	10
16410340	65773956	C	10
16410341	65773957	C	10
16410342	65773970	C	10
16410344	65774128	C	10
16410345	65774129	C	10
16410346	65774130	C	10
16410347	65774137	C	1
16410349	65774225	C	10
16410350	65774226	C	10
16410351	65774227	C	10
16410352	65774244	C	10
16410353	65774254	C	10
16410354	65774255	C	10
16410355	65774281	C	10
16410356	65774286	C	10
16410357	65774287	C	10
16410358	65774288	C	10
16410359	65774290	C	10
16410360	65774291	C	10
16410362	65774303	C	10
16410364	65774305	C	10
16410365	65774306	C	10
16410366	65774410	C	10
16410367	65774411	C	10
16410368	65774412	C	10
16410369	65774417	C	10
16410371	65774438	COVERED FARM VEHICLE	5
16410372	65775396	FARM	6
16410373	65763700	MEC CHECK CONFIRMED VALID - SPILLMAN	7
16410374	65775468	NO MEDICAL CHECL	7
16410375	65775533	I	1
16410376	65775534	I	1
16410377	65775535	I	1
16410378	65775536	I	1
16410379	65775537	I	1
16410381	65717419	I	1
16410382	65616339	I	1
16410383	65677915	I	1
16410384	65627026	I	1
16410385	65775596	I	1
16410387	65776064	N/A	1
16410388	65776064	YES	2
16410389	65776064	NO	3
16410390	65776092	26554628, NOV.	1
16410391	65776092	YES.	2
16410392	65776092	NO.	3
16410393	65555147	SB	1
16410394	65582476	SB	1
16410395	65609272	SB	1
16410396	65778438	SB	1
16410397	65564520	SB	1
16410398	65633074	SB	1
16410399	65654629	SB/DD	1
16410405	65778472	5	1
16410407	65778477	5	1
16410409	65778479	5	1
16410413	65582604	2	1
16410419	65595861	2	1
16410420	65740943	1	1
16410421	65740944	1	1
16410427	65565009	2	1
16410429	65778529	2	1
16410432	65778532	2	1
16410437	65778537	2	1
16410439	65669669	1	1
16410449	65778555	2	1
16410451	65778557	2	1
16410453	65778559	4	1
16410454	65778560	4	1
16410455	65778561	4	1
16410473	65778575	2	1
16410474	65778576	1	1
16410475	65778577	1	1
16410477	65778579	1	1
16410480	65778582	2	1
16410481	65778583	1	1
16410482	65778584	1	1
16410483	65778585	1	1
16410484	65778586	1	1
16410488	65565393	5	1
16410489	65669775	1	1
16410490	65565476	4	1
16410491	65565479	5	1
16410492	65565480	5	1
16410494	65778599	2	1
16410495	65778600	2	1
16410496	65778601	3	1
16410500	65778610	2	1
16410502	65778612	2	1
16410503	65778613	2	1
16410505	65778615	2	1
16410512	65669790	5	1
16410513	65683378	1	1
16410514	65778635	1	1
16410515	65778636	1	1
16410516	65669908	4	1
16410519	65778639	4	1
16410520	65778640	3	1
16410521	65778641	3	1
16410522	65778642	3	1
16410524	65778648	2	1
16410526	65778650	2	1
16410527	65778651	2	1
16410528	65778652	1	1
16410529	65778654	1	1
16410533	65565029	2	1
16410542	65778675	1	1
16410545	65778678	5	1
16410547	65778680	4	1
16410548	65778681	2	1
16410558	65564901	2	1
16410564	65565235	2	1
16410565	65565237	2	1
16410566	65778703	5	1
16410567	65778704	5	1
16410568	65778705	1	1
16410569	65778706	1	1
16410575	65778712	2	1
16410576	65778713	2	1
16410583	65778726	2	1
16410585	65778728	2	1
16410586	65565282	1	1
16410589	65778736	5	1
16410595	65778742	2	1
16410603	65778759	2	1
16410604	65778760	1	1
16410606	65778768	1	1
16410607	65778770	5	1
16410610	65778773	1	1
16410613	65778776	4	1
16410614	65778777	4	1
16410617	65595824	1	1
16410618	65669829	1	1
16410622	65565191	2	1
16410623	65595839	5	1
16410624	65778796	1	1
16410627	65778803	5	1
16410628	65582598	5	1
16410629	65669842	1	1
16410630	65683443	4	1
16410631	65778809	4	1
16410632	65778810	4	1
16410633	65778811	4	1
16410635	65778813	1	1
16410639	65778819	5	1
16410640	65778820	5	1
16410641	65778821	5	1
16410647	65565129	1	1
16410649	65595857	1	1
16410650	65778822	1	1
16410657	65564968	2	1
16410680	65565375	2	1
16410686	65565463	2	1
16410687	65778859	2	1
16410691	65669639	1	1
16410693	65669630	1	1
16410695	65633594	MEC CHECK-CONFIRMED	7
16410696	65726610	MEC CHECK-CONFIRMED	7
16410697	65741303	MEC CHECK-CONFIRMED	7
16410698	65741309	MEC CHECK-CONFIRMED	7
16410699	65779646	MEC VERIFIED VIA CDLIS	7
16410700	65779918	VERIFIED	7
16410701	65779919	VERIFIED	7
16410702	65779920	VERIFIED	7
16410703	65671349	TPK18	3
16410704	65771423	TPK18	3
16410705	65771424	TPK18	3
16410706	65771393	MEC CHECK - CONFIRMED	7
16410707	65771394	GAS2019	1
16410708	65771394	MEC CHECK - CONFIRMED	7
16410709	65771397	GAS2019	1
16410711	65710704	MEC CHECK-CONFIRMED	7
16410712	65771435	MEC CHECK-CONFIRMED	7
16410713	65771436	MEC CHECK-CONFIRMED	7
16410714	65771437	MEC CHECK-CONFIRMED	7
16410715	65771438	MEC CHECK-CONFIRMED	7
16410716	65771443	MED CHECKED - CONFIRMED	7
16410717	65771385	TPK18	3
16410718	65771391	GAS2019	1
16410719	65771391	MEC CHECK - CONFIRMED	7
16410720	65771392	GAS2019	1
16410721	65771392	MEC CHECK - CONFIRMED	7
16410722	65596774	TIMBER19	1
16410723	65596774	MEC CHECK-CONFIRMED	7
16410724	65710639	GAS2019	1
16410725	65780124	GAS2019	1
16410726	65741577	MEC CHECK-CONFIRMED	7
16410727	65780125	MEC CHECK-CONFIRMED	7
16410728	65780126	MEC CHECK-CONFIRMED	7
16410729	65780127	MEC CHECK-CONFIRMED	7
16410730	65780130	GAS2019	1
16410731	65780132	GAS2019	1
16410733	65780148	TPK18	3
16410735	65780150	TPK18	3
16410736	65780155	MED CHECKED - CONFIRMED	7
16410737	65780156	TPK18	3
16410738	65780167	MED CHECKED - CONFIRMED	7
16410739	65780183	TPK18	3
16410740	65780461	MX	10
16410741	65772035	BASIC	10
16410742	65780504	BASIC	10
16410743	65780505	BASIC	10
16410744	65780506	BASIC	10
16410746	65772192	BASIC	10
16410747	65772198	BASIC	10
16410748	65772199	BASIC	10
16410749	65780511	BASIC	10
16410750	65772129	BASIC	10
16410752	65772131	BASIC	10
16410753	65780518	BASIC	10
16410754	65780519	BASIC	10
16410755	65780521	BASIC	10
16410756	65780522	BASIC	10
16410761	65780542	BASIC	10
16410762	65772182	BASIC	10
16410763	65772186	MED CHECK VERIFIED	7
16410764	65772186	BASIC	10
16410765	65772187	BASIC	10
16410766	65780545	BASIC	10
16410767	65772157	BASIC	10
16410768	65772158	BASIC	10
16410769	65772159	BASIC	10
16410770	65772085	BASIC	10
16410771	65772086	BASIC	10
16410772	65780552	BASIC	10
16410773	65780553	BASIC	10
16410774	65772161	BASIC	10
16410775	65772169	BASIC	10
16410776	65772170	BASIC	10
16410777	65780556	MED CHECKVERIFIED	7
16410778	65780557	BASIC	10
16410780	65780559	BASIC	10
16410781	65780560	BASIC	10
16410782	65780561	BASIC	10
16410784	65780563	BASIC	10
16410786	65780565	BASIC	10
16410787	65780566	BASIC	10
16410788	65780570	BASIC	10
16410789	65772206	BASIC	10
16410790	65772207	BASIC	10
16410791	65780571	BASIC	10
16410792	65780572	BASIC	10
16410793	65780573	BASIC	10
16410794	65780575	BASIC	10
16410795	65780576	BASIC	10
16410796	65780577	BASIC	10
16410797	65780578	BASIC	10
16410798	65772208	BASIC	10
16410799	65780583	BASIC	10
16410800	65780584	BASIC	10
16410801	65780585	BASIC	10
16410802	65585307	BASIC	10
16410807	65772163	BASIC	10
16410810	65780587	BASIC	10
16410811	65780588	BASIC	10
16410813	65780593	BASIC	10
16410816	65780596	BASIC	10
16410818	65780599	BASIC	10
16410819	65780600	BASIC	10
16410820	65780601	BASIC	10
16410821	65780602	BASIC	10
16410827	65772031	BASIC	10
16410828	65780605	BASIC	10
16410829	65780606	BASIC	10
16410830	65780607	BASIC	10
16410833	65772240	BASIC	10
16410834	65772241	BASIC	10
16410835	65772120	BASIC	10
16410837	65780617	BASIC	10
16410838	65772040	MEC CHECK-CONFIRMED	7
16410839	65772149	BASIC	10
16410840	65772150	BASIC	10
16410841	65772075	BASIC	10
16410842	65772084	BASIC	10
16410844	65772217	BASIC	10
16410845	65780622	BASIC	10
16410846	65780623	BASIC	10
16410848	65780625	BASIC	10
16410849	65780626	BASIC	10
16410850	65780627	BASIC	10
16410851	65772047	MEC CHECK-CONFIRMED	7
16410852	65772048	MEC CHECK-CONFIRMED	7
16410853	65780630	MEC CHECK-CONFIRMED	7
16410855	65772151	BASIC	10
16410856	65772152	BASIC	10
16410857	65780631	BASIC	10
16410858	65780632	BASIC	10
16410860	65780634	BASIC	10
16410861	65780635	BASIC	10
16410863	65780638	BASIC	10
16410865	65772059	BASIC	10
16410866	65772060	BASIC	10
16410868	65759895	BASIC	10
16410869	65685892	BASIC	10
16410870	65772191	BASIC	10
16410873	65782136	MEC CHECK-CONFIRMED	7
16410874	65782172	MEC CHECK-NO CONTACT	7
16410875	65782209	YES	1
16410876	65782209	YES	2
16410881	65782281	YES	1
16410882	65782281	YES	2
16410883	65782354	YES	1
16410884	65782354	YES	2
16410885	65782358	MEC CHECK-NO CONTACT	7
16410886	65782361	MEC CHECK-NO CONTACT	7
16410887	65782431	YES	1
16410888	65782431	YES	2
16410889	65782444	YES	1
16410890	65782444	YES	2
16410891	65782470	YES	1
16410892	65782470	YES	2
16410893	65700034	YES	1
16410894	65700034	YES	2
16410897	65783272	MCSAP OT 2019	1
16410898	65784294	FARM	3
16410899	65784308	ANNUAL	1
16410900	65784308	2485156	2
16410901	65784308	PRIVATE	3
16410902	65784308	C	4
16410903	65784308	P	5
16410905	65785670	I	1
16410906	65785671	I	1
16410908	65785673	I	1
16410909	65785682	I	1
16410910	65785686	I	1
16410911	65785687	I	1
16410912	65785688	I	1
16410913	65785689	I	1
16410915	65785701	I	1
16410916	65763826	I	1
16410921	65785732	I	1
16410922	65785742	I	1
16410924	65785744	I	1
16410925	65785745	I	1
16410926	65785748	I	1
16410927	65785757	I	1
16410928	65785758	I	1
16410929	65785759	I	1
16410930	65785760	I	1
16410931	65785773	I	1
16410932	65785774	I	1
16410933	65785775	I	1
16410934	65785776	I	1
16410935	65785787	I	1
16410936	65785788	I	1
16410937	65785806	I	1
16410938	65785820	I	1
16410940	65785822	I	1
16410941	65785823	I	1
16410942	65785826	I	1
16410943	65548909	I	1
16410944	65785835	I	1
16410945	65785836	I	1
16410946	65785837	I	1
16410947	65785876	I	1
16410948	65785877	I	1
16410950	65785886	I	1
16410951	65785887	I	1
16410952	65785888	I	1
16410953	65785889	I	1
16410957	65697135	SB	1
16410958	65633069	SB	1
16410962	65791179	5	1
16410964	65791183	4	1
16410968	65669719	4	1
16410969	65565156	2	1
16410970	65669843	5	1
16410972	65595860	5	1
16410973	65791203	2	1
16410977	65778580	2	1
16410978	65791209	1	1
16410982	65791219	2	1
16410983	65791220	2	1
16410984	65791221	2	1
16410985	65791222	1	1
16410992	65740730	2	1
16410994	65791257	5	1
16410995	65791258	5	1
16410997	65740807	4	1
16410998	65778637	4	1
16411004	65791265	4	1
16411005	65791266	4	1
16411006	65740819	2	1
16411007	65740829	2	1
16411008	65791783	TM40	1
16411009	65791784	TM40	1
16411010	65791785	TM40	1
16411011	65791786	TM40	1
16411012	65791787	TM40	1
16411013	65791788	TM40	1
16411014	65791789	TM40	1
16411016	65791791	TM40	1
16411017	65791792	TM40	1
16411019	65791794	TM40	1
16411020	65791796	TM40	1
16411022	65791798	TM40	1
16411023	65791799	T643	1
16411024	65791800	T643	1
16411025	65791801	T643	1
16411026	65791803	TM40	1
16411031	65791808	TM40	1
16411032	65791809	TM40	1
16411033	65791810	TM40	1
16411034	65791811	TM40	1
16411035	65791815	TM40	1
16411036	65791816	TM40	1
16411037	65791819	TM40	1
16411038	65791820	TM40	1
16411039	65791821	TM40	1
16411041	65791825	TM40	1
16411042	65791826	TM40	1
16411043	65791831	TM40	1
16411044	65791832	TM40	1
16411045	65791833	TM40	1
16411046	65791834	TM40	1
16411047	65791837	TM40	1
16411049	65791847	TM40	1
16411050	65791848	TM40	1
16411053	65791853	TM40	1
16411054	65791854	TM40	1
16411055	65791855	TM40	1
16411056	65791856	TM40	1
16411057	65791857	TM40	1
16411058	65791858	TM40	1
16411059	65791859	TM40	1
16411061	65791865	TM40	1
16411063	65791867	TM40	1
16411064	65791868	TM40	1
16411065	65791873	TM40	1
16411067	65791875	TM40	1
16411068	65791876	TM40	1
16411069	65791877	TM40	1
16411072	65791881	TM40	1
16411073	65791888	TM40	1
16411074	65791889	TM40	1
16411075	65791891	T915	1
16411076	65670719	TM40	1
16411077	65791894	TM40	1
16411080	65791898	TM40	1
16411081	65791899	TM40	1
16411082	65791909	TM40	1
16411083	65791910	TM40	1
16411084	65791911	TM40	1
16411085	65791916	TM40	1
16411086	65791917	TM40	1
16411087	65791918	TM40	1
16411090	65791930	T643	1
16411091	65791931	T643	1
16411092	65791936	TM40	1
16411093	65791937	TM40	1
16411094	65791938	TM40	1
16411095	65791939	T643	1
16411098	65791948	TM40	1
16411099	65791949	TM40	1
16411100	65791950	TM40	1
16411101	65791959	T643	1
16411102	65791960	T643	1
16411103	65791961	T643	1
16411104	65791962	T643	1
16411105	65791971	TM40	1
16411106	65791972	TM40	1
16411107	65791973	TM40	1
16411108	65791999	TM40	1
16411109	65792000	TM40	1
16411110	65792001	TM40	1
16411112	65792012	TM40	1
16411115	65792015	TM40	1
16411118	65792018	TM40	1
16411120	65792020	TM40	1
16411121	65792021	TM40	1
16411122	65792022	TM40	1
16411123	65792023	TM40	1
16411125	65792029	TM40	1
16411126	65792030	TM40	1
16411127	65792031	TM40	1
16411128	65792032	TM40	1
16411129	65792033	TM40	1
16411131	65792035	TM40	1
16411134	65792049	T643	1
16411135	65792050	T643	1
16411136	65792053	TM40	1
16411138	65792063	TM40	1
16411139	65792064	TM40	1
16411140	65792065	TM40	1
16411141	65792066	TM40	1
16411142	65792067	TM40	1
16411143	65792068	TM40	1
16411144	65792069	TM40	1
16411145	65792070	TM40	1
16411146	65792071	TM40	1
16411148	65792073	TM40	1
16411149	65792085	TM40	1
16411150	65792086	TM40	1
16411151	65792087	TM40	1
16411152	65792088	TM40	1
16411153	65792089	TM40	1
16411156	65792092	TM40	1
16411157	65792093	TM40	1
16411158	65792094	TM40	1
16411159	65792095	TM40	1
16411160	65792096	TM40	1
16411162	65792098	TM40	1
16411163	65792104	TM40	1
16411166	65792107	TM40	1
16411167	65792108	TM40	1
16411168	65792125	TM40	1
16411169	65792126	TM40	1
16411170	65792127	TM40	1
16411171	65792128	TM40	1
16411172	65792129	TM40	1
16411173	65655321	TM40	1
16411174	65792130	TM40	1
16411176	65792132	TM40	1
16411179	65792161	TM40	1
16411180	65792162	TM40	1
16411181	65792163	TM40	1
16411182	65792164	T643	1
16411183	65792165	TM40	1
16411184	65792166	TM40	1
16411185	65792167	TM40	1
16411186	65792177	TM40	1
16411187	65792178	TM40	1
16411188	65792179	TM40	1
16411189	65792180	TM40	1
16411192	65771383	2143	5
16411193	65635017	CFV	1
16411194	65759145	TPK18	3
16411195	65792425	TIMBER19	1
16411196	65792427	MEC CHECK-CONFIRMED	7
16411197	65792428	MEC CHECK-CONFIRMED	7
16411198	65792429	MEC CHECK-CONFIRMED	7
16411199	65792430	MEC CHECK-CONFIRMED	7
16411203	65792433	GAS2019	1
16411204	65741592	TPK18	3
16411205	65792437	TI MBER19	1
16411206	65792681	MX	10
16411207	65792682	MX	10
16411209	65792715	MX	10
16411210	65792736	MX	10
16411211	65792738	MX	10
16411213	65745944	BASIC	10
16411214	65746123	BASIC	10
16411217	65792822	BASIC	10
16411220	65711659	BASIC	10
16411221	65746134	BASIC	10
16411223	65792828	BASIC	10
16411224	65792829	BASIC	10
16411225	65792830	BASIC	10
16411226	65759956	BASIC	10
16411228	65792836	BASIC	10
16411229	65792837	BASIC	10
16411230	65792839	BASIC	10
16411231	65792841	BASIC	10
16411232	65672736	BASIC	10
16411233	65792845	BASIC	10
16411234	65759948	BASIC	10
16411236	65792847	BASIC	10
16411237	65792849	BASIC	10
16411238	65792852	BASIC	10
16411240	65543963	BASIC	10
16411242	65711384	BASIC	10
16411243	65745998	BASIC	10
16411244	65759919	BASIC	10
16411245	65792858	BASIC	10
16411246	65792859	BASIC	10
16411247	65792860	BASIC	10
16411248	65792861	BASIC	10
16411249	65792862	BASIC	10
16411251	65623734	BASIC	10
16411252	65685909	BASIC	10
16411254	65728513	BASIC	10
16411255	65772162	BASIC	10
16411256	65792872	BASIC	10
16411257	65792873	BASIC	10
16411258	65792874	BASIC	10
16411260	65792879	BASIC	10
16411261	65792880	BASIC	10
16411264	65792883	BASIC	10
16411265	65792884	BASIC	10
16411266	65792885	BASIC	10
16411267	65728452	BASIC	10
16411268	65792886	MED CHECK VERIFIED	7
16411269	65792887	MED CHECK VERIFIED	7
16411270	65792888	MED CHECK VERIFIED	7
16411271	65792890	BASIC	10
16411272	65792892	BASIC	10
16411273	65772185	BASIC	10
16411274	65792893	BASIC	10
16411275	65792894	BASIC	10
16411277	65792903	BASIC	10
16411278	65792904	BASIC	10
16411280	65792906	BASIC	10
16411281	65792907	BASIC	10
16411282	65792908	MED CHECK VERIFIED	7
16411283	65792909	MED CHECK VERIFIED	7
16411284	65772218	BASIC	10
16411285	65792917	BASIC	10
16411286	65792918	BASIC	10
16411287	65792919	BASIC	10
16411288	65792920	BASIC	10
16411289	65598657	BASIC	10
16411291	65711497	BASIC	10
16411292	65792933	BASIC	10
16411293	65772224	BASIC	10
16411294	65772225	BASIC	10
16411295	65792935	BASIC	10
16411297	65792937	BASIC	10
16411298	65792941	BASIC	10
16411299	65792942	BASIC	10
16411300	65792943	BASIC	10
16411301	65792944	BASIC	10
16411302	65792945	BASIC	10
16411303	65792946	BASIC	10
16411304	65792947	BASIC	10
16411306	65792960	BASIC	10
16411308	65792962	BASIC	10
16411309	65685861	BASIC	10
16411311	65792966	BASIC	10
16411312	65792967	BASIC	10
16411314	65792974	BASIC	10
16411315	65658511	BASIC	10
16411317	65759980	BASIC	10
16411318	65772234	BASIC	10
16411319	65792981	BASIC	10
16411320	65792982	BASIC	10
16411321	65711681	BASIC	10
16411324	65672671	BASIC	10
16411325	65792994	BASIC	10
16411327	65792996	BASIC	10
16411328	65792997	BASIC	10
16411329	65792998	BASIC	10
16411332	65793001	BASIC	10
16411333	65793002	BASIC	10
16411334	65793003	BASIC	10
16411335	65793004	BASIC	10
16411337	65759893	BASIC	10
16411338	65793010	BASIC	10
16411339	65793011	BASIC	10
16411340	65793012	BASIC	10
16411341	65543951	BASIC	10
16411342	65685971	BASIC	10
16411343	65711590	BASIC	10
16411344	65746129	BASIC	10
16411345	65759942	BASIC	10
16411346	65793020	BASIC	10
16411349	65793026	BASIC	10
16411352	65772215	BASIC	10
16411353	65793031	BASIC	10
16411354	65793032	BASIC	10
16411355	65793033	BASIC	10
16411356	65793034	BASIC	10
16411358	65793036	BASIC	10
16411361	65711414	BASIC	10
16411362	65711415	BASIC	10
16411363	65728478	BASIC	10
16411364	65793045	BASIC	10
16411365	65793046	BASIC	10
16411366	65793047	BASIC	10
16411367	65793056	BASIC	10
16411368	65793057	BASIC	10
16411369	65793058	BASIC	10
16411371	65793060	BASIC	10
16411373	65793062	BASIC	10
16411374	65793067	BASIC	10
16411376	65793090	FARM	4
16411377	65793091	FARM	4
16411378	65793243	MEC CHECK-CONFIRMED	7
16411379	65793258	MEC CHECK-NO CONTACT	7
16411382	65793288	YES	1
16411383	65793288	YES	2
16411384	65793417	YES	1
16411385	65793417	YES	2
16411386	65793458	YES	1
16411387	65793458	YES	2
16411388	65793497	YES	1
16411389	65793497	YES	2
16411390	65793538	YES	1
16411391	65793538	YES	2
16411394	65793647	MEC CHECK-CONFIRMED	7
16411397	65793652	YES	1
16411398	65793652	YES	2
16411399	65793696	MEC CHECK CONFIRMED	7
16411400	65793966	YES	1
16411401	65793966	YES	2
16411402	65793994	MEC CHECK-NO CONTACT	7
16411403	65794053	MEC CHECK-CONFIRMED	7
16411404	65794096	MEC CHECK-NO CONTACT	7
16411406	65703122	I	1
16411407	65540668	SB	1
16411409	65708351	SB	1
16411410	65582464	SB	1
16411411	65564434	CELL PHONE	1
16411412	65621070	WINDOWS	1
16411414	65697081	SB	1
16411418	65800494	4	1
16411419	65800495	4	1
16411426	65800517	4	1
16411428	65800536	1	1
16411429	65800537	1	1
16411431	65800543	1	1
16411432	65800554	1	1
16411433	65800555	1	1
16411434	65800556	1	1
16411435	65800557	1	1
16411437	65800570	2	1
16411441	65800577	1	1
16411443	65800579	2	1
16411444	65800580	2	1
16411445	65800588	5	1
16411450	65801081	T198	1
16411451	65801082	T198	1
16411452	65801097	T198	1
16411454	65801099	T198	1
16411455	65801100	T198	1
16411456	65801365	TPK18	3
16411457	65801366	TPK18	3
16411461	65801370	MEC CHECK-CONFIRMED	7
16411462	65801393	10750	9
16411463	65801393	HW	10
16411464	65801412	DL CHECKED NCIC VALID	1
16411465	65801412	DOT CHECKED QUERY CENTRAL	2
16411466	65801413	DL UNABLE TO CHECK NCIC DOWN	1
16411467	65801413	DOT CHECKED QUERY CENTRAL	2
16411468	65801451	DL CHECKED NCIC VALID	1
16411469	65801451	DOT CHECKED QUERY CENTRAL	2
16411472	65792687	MX	10
16411473	65801778	MX	10
16411474	65801779	MX	10
16411475	65801780	MX	10
16411479	65711485	BASIC	10
16411480	65759878	BASIC	10
16411481	65780586	BASIC	10
16411482	65802489	BASIC	10
16411484	65802491	BASIC	10
16411485	65802492	BASIC	10
16411486	65780636	BASIC	10
16411489	65802499	BASIC	10
16411490	65802500	BASIC	10
16411491	65802501	BASIC	10
16411492	65802502	BASIC	10
16411493	65802503	BASIC	10
16411494	65802504	BASIC	10
16411495	65802505	BASIC	10
16411496	65557131	BASIC	10
16411497	65557132	BASIC	10
16411498	65802510	BASIC	10
16411499	65802511	BASIC	10
16411500	65802512	BASIC	10
16411501	65802513	BASIC	10
16411502	65802518	BASIC	10
16411503	65802519	BASIC	10
16411504	65802520	BASIC	10
16411506	65802522	BASIC	10
16411507	65802523	BASIC	10
16411508	65802524	BASIC	10
16411509	65802525	BASIC	10
16411511	65802527	BASIC	10
16411512	65802528	BASIC	10
16411513	65802529	BASIC	10
16411514	65802530	BASIC	10
16411516	65802532	BASIC	10
16411517	65543750	BASIC	10
16411519	65802533	BASIC	10
16411520	65802534	BASIC	10
16411521	65802535	BASIC	10
16411522	65802536	BASIC	10
16411523	65802537	BASIC	10
16411524	65802538	BASIC	10
16411525	65802539	BASIC	10
16411526	65802540	BASIC	10
16411527	65802541	BASIC	10
16411528	65802542	BASIC	10
16411532	65759894	BASIC	10
16411533	65802547	BASIC	10
16411534	65802548	BASIC	10
16411535	65802549	BASIC	10
16411536	65802550	BASIC	10
16411537	65746121	BASIC	10
16411538	65802551	BASIC	10
16411539	65802552	BASIC	10
16411540	65802553	BASIC	10
16411541	65802554	BASIC	10
16411542	65802555	BASIC	10
16411543	65802556	BASIC	10
16411544	65802557	BASIC	10
16411545	65685901	BASIC	10
16411546	65802559	BASIC	10
16411547	65802560	BASIC	10
16411548	65802561	BASIC	10
16411549	65802562	BASIC	10
16411550	65802563	BASIC	10
16411554	65802567	BASIC	10
16411557	65802575	BASIC	10
16411560	65802586	BASIC	10
16411561	65672676	BASIC	10
16411563	65772197	BASIC	10
16411565	65802591	BASIC	10
16411566	65802593	BASIC	10
16411567	65802594	BASIC	10
16411569	65802595	BASIC	10
16411570	65802596	BASIC	10
16411571	65802599	BASIC	10
16411572	65802601	BASIC	10
16411576	65802609	BASIC	10
16411577	65802610	BASIC	10
16411578	65802611	BASIC	10
16411579	65728490	BASIC	10
16411580	65802614	BASIC	10
16411581	65802847	MEC CHECK-NO CONTACT	7
16411583	65802926	MEC CHECK-CONFIRMED	7
16411584	65803422	2019-02	3
16411585	65803423	2019-02	3
16411586	65803424	2019-02	3
16411587	65803425	2019-02	3
16411588	65803440	FARM	4
16411589	65803454	2019-02	1
16411592	65803498	2019-02	1
16411593	65803499	2019-02	1
16411596	65803539	2019-02	3
16411597	65803571	FARM	3
16411628	65663522	YES	5
16411629	65806925	YES	5
16411630	65683157	SB	1
16411633	65595639	SB	1
16411635	65810075	1	1
16411636	65810076	1	1
16411638	65810079	2	1
16411643	65810086	2	1
16411646	65810097	5	1
16411650	65810102	2	1
16411651	65810103	2	1
16411652	65810104	2	1
16411653	65810105	4	1
16411655	65810107	4	1
16411656	65810109	2	1
16411657	65810110	2	1
16411658	65810111	2	1
16411659	65810112	4	1
16411661	65726834	TM40	1
16411664	65810597	T198	1
16411666	65810611	T198	1
16411667	65810612	T198	1
16411668	65810651	T198	1
16411669	65810652	T198	1
16411670	65810653	T198	1
16411671	65810654	T198	1
16411672	65810675	T198	1
16411673	65810676	T198	1
16411675	65811129	TERMINAL	7
16411696	65811261	MEC CHECK CONFIRMED	7
16411698	65811359	MX	10
16411699	65811360	MX	10
16411700	65811369	MX	10
16411701	65811370	MX	10
16411702	65814101	BASIC	10
16411703	65814102	BASIC	10
16411705	65814104	BASIC	10
16411706	65814105	BASIC	10
16411707	65814109	BASIC	10
16411708	65814110	BASIC	10
16411711	65814113	BASIC	10
16411713	65814118	BASIC	10
16411714	65802585	BASIC	10
16411715	65814127	BASIC	10
16411716	65814128	BASIC	10
16411717	65814132	BASIC	10
16411718	65814134	BASIC	10
16411719	65814138	BASIC	10
16411720	65814139	BASIC	10
16411721	65814140	BASIC	10
16411724	65814157	BASIC	10
16411725	65814158	BASIC	10
16411726	65814159	BASIC	10
16411727	65672741	BASIC	10
16411729	65814164	BASIC	10
16411730	65814167	BASIC	10
16411731	65814168	BASIC	10
16411732	65814169	BASIC	10
16411733	65814170	BASIC	10
16411736	65814184	MEC CHECK-CONFIRMED	7
16411737	65814185	MEC CHECK-CONFIRMED	7
16411738	65814186	MEC CHECK-CONFIRMED	7
16411739	65814194	BASIC	10
16411740	65814195	BASIC	10
16411741	65711665	BASIC	10
16411743	65814197	MEC CHECK-CONFIRMED	7
16411744	65814198	MEC CHECK-CONFIRMED	7
16411745	65814199	MEC CHECK-CONFIRMED	7
16411746	65814200	MEC CHECK-CONFIRMED	7
16411748	65814208	BASIC	10
16411749	65814209	BASIC	10
16411750	65814210	BASIC	10
16411752	65814214	MEC CHECK-CONFIRMED	7
16411753	65814215	MEC CHECK-CONFIRMED	7
16411754	65814217	MEC CHECK-CONFIRMED	7
16411755	65814230	BASIC	10
16411756	65814231	BASIC	10
16411757	65814232	BASIC	10
16411758	65814233	BASIC	10
16411759	65814235	BASIC	10
16411760	65814237	BASIC	10
16411761	65814242	BASIC	10
16411763	65814244	BASIC	10
16411764	65814245	BASIC	10
16411765	65814247	BASIC	10
16411766	65814248	BASIC	10
16411769	65759967	BASIC	10
16411770	65814255	BASIC	10
16411771	65814256	BASIC	10
16411773	65814260	BASIC	10
16411774	65814263	BASIC	10
16411775	65814268	BASIC	10
16411776	65814271	BASIC	10
16411777	65814275	BASIC	10
16411778	65814278	BASIC	10
16411779	65814279	BASIC	10
16411780	65814280	BASIC	10
16411781	65814281	BASIC	10
16411782	65814292	13200	9
16411784	65814302	BASIC	10
16411785	65814303	BASIC	10
16411786	65814304	BASIC	10
16411788	65814312	BASIC	10
16411789	65814313	BASIC	10
16411793	65792995	BASIC	10
16411794	65814330	BASIC	10
16411795	65814331	BASIC	10
16411796	65814332	BASIC	10
16411797	65814333	BASIC	10
16411799	65814338	BASIC	10
16411800	65814339	BASIC	10
16411801	65814340	BASIC	10
16411803	65814343	BASIC	10
16411804	65814345	BASIC	10
16411805	65814346	BASIC	10
16411806	65814353	BASIC	10
16411807	65814354	BASIC	10
16411810	65814358	BASIC	10
16411811	65814361	BASIC	10
16411812	65814362	BASIC	10
16411813	65814377	BASIC	10
16411814	65814379	BASIC	10
16411815	65814381	BASIC	10
16411816	65814382	BASIC	10
16411817	65814383	BASIC	10
16411818	65814384	BASIC	10
16411819	65814385	BASIC	10
16411820	65728372	BASIC	10
16411823	65772108	BASIC	10
16411824	65814399	BASIC	10
16411825	65814404	BASIC	10
16411826	65814405	BASIC	10
16411828	65814407	BASIC	10
16411829	65815920	C	1
16411830	65815921	C	1
16411831	65815922	C	1
16411832	65815923	C	1
16411833	65815924	C	1
16411834	65815925	C	1
16411835	65815926	C	1
16411836	65815947	C	1
16411837	65815948	C	1
16411838	65815949	C	1
16411839	65815950	C	1
16411840	65815951	C	1
16411841	65815952	C	1
16411842	65815953	C	1
16411843	65815954	C	1
16411844	65815955	C	10
16411847	65815971	C	10
16411848	65815972	C	10
16411849	65815973	C	10
16411850	65815974	C	10
16411851	65815975	C	10
16411852	65815980	C	10
16411853	65815981	C	10
16411854	65815982	C	10
16411856	65815984	C	10
16411857	65815985	C	10
16411859	65816031	C	10
16411860	65816032	C	10
16411861	65816033	C	10
16411862	65816034	C	10
16411863	65816035	C	10
16411864	65816047	C	10
16411865	65816048	C	10
16411866	65816049	C	10
16411867	65816055	C	10
16411868	65816056	C	10
16411869	65816057	C	10
16411870	65816058	C	10
16411871	65816059	C	10
16411872	65816060	C	10
16411873	65816061	C	10
16411874	65816062	C	10
16411875	65816063	C	10
16411876	65816064	C	10
16411877	65816065	C	10
16411878	65816066	C	10
16411879	65816081	C	10
16411880	65816082	C	10
16411881	65816104	C	10
16411882	65816105	C	10
16411883	65816106	C	10
16411884	65816107	C	10
16411885	65816108	C	10
16411886	65816109	C	10
16411887	65816110	C	10
16411888	65816111	C	10
16411889	65816112	C	10
16411890	65816113	C	10
16411891	65816114	C	10
16411892	65816115	C	10
16411893	65816116	C	10
16411895	65816118	C	10
16411896	65816119	C	10
16411897	65816136	C	10
16411898	65816137	C	10
16411899	65816138	C	10
16411900	65816146	C	10
16411901	65816147	C	10
16411902	65816148	C	10
16411903	65816149	C	10
16411904	65816150	C	10
16411905	65816151	C	10
16411906	65816152	C	10
16411907	65816153	C	10
16411908	65816154	C	10
16411909	65816155	C	10
16411910	65816156	C	10
16411911	65816157	C	10
16411912	65816172	C	1
16411913	65816173	C	1
16411914	65816181	C	10
16411915	65816182	C	10
16411916	65816183	C	10
16411917	65816184	C	10
16411918	65816185	C	10
16411919	65816186	C	10
16411921	65816212	C	10
16411922	65816213	C	10
16411923	65816214	C	10
16411924	65816215	C	10
16411925	65816216	C	10
16411926	65816217	C	10
16411927	65816218	C	10
16411928	65816219	C	10
16411929	65816220	C	10
16411930	65816221	C	10
16411931	65816230	C	10
16411932	65816231	C	10
16411933	65816232	C	10
16411934	65816233	C	10
16411935	65816234	C	10
16411936	65816235	C	10
16411937	65816236	C	10
16411938	65816237	C	10
16411939	65816291	C	10
16411940	65816292	C	10
16411941	65816293	C	10
16411942	65816294	C	10
16411943	65816295	C	10
16411944	65816296	C	10
16411945	65816297	C	10
16411946	65816298	C	10
16411947	65816299	C	10
16411948	65816300	C	10
16411949	65816301	C	10
16411951	65816303	C	10
16411952	65816304	C	10
16411953	65816305	C	10
16411954	65816315	C	10
16411955	65816316	C	10
16411956	65816317	C	10
16411957	65816318	C	10
16411958	65816319	C	10
16411959	65816320	C	10
16411960	65816321	C	10
16411961	65816322	C	10
16411962	65816323	C	10
16411963	65816324	C	10
16411964	65816325	C	10
16411965	65816632	3206	1
16411966	65816641	3206	1
16411967	65816642	3206	1
16411968	65816643	3206	1
16411969	65816644	3206	1
16411970	65816653	3206	1
16411971	65816654	3206	1
16411972	65816655	3206	1
16411973	65816656	3206	1
16411974	65816665	3206	1
16411975	65816666	3206	1
16411976	65816667	3206	1
16411977	65816668	3206	1
16411978	65816676	3206	1
16411979	65816677	3206	1
16411980	65816678	3206	1
16411981	65816679	3206	1
16411982	65816688	3206	1
16411983	65816690	3206	1
16411984	65816720	3206	1
16411985	65816721	3206	1
16411986	65816722	3206	1
16411987	65816723	3206	1
16411988	65816728	3206	1
16411989	65816744	3206	1
16411990	65816745	3206	1
16411991	65816746	3206	1
16411992	65816747	3200	1
16411993	65785821	I	1
16411994	65644320	I	1
16411995	65785672	I	1
16411996	65805995	I	1
16411997	65806018	I	1
16411998	65806019	I	1
16411999	65806020	I	1
16412000	65806054	I	1
16412001	65806055	I	1
16412002	65717399	I	1
16412004	65644428	I	1
16412009	65806135	I	1
16412010	65806136	I	1
16412011	65806065	I	1
16412014	65795458	I	1
16412015	65806052	I	1
16412016	65806053	I	1
16412017	65817655	I	1
16412018	65785727	I	1
16412019	65785729	I	1
16412024	65817675	I	1
16412026	65589589	I	1
16412027	65750355	I	1
16412028	65817691	I	1
16412029	65817692	I	1
16412030	65817693	I	1
16412031	65817694	I	1
16412032	65817697	I	1
16412033	65817699	I	1
16412034	65817701	I	1
16412035	65817703	I	1
16412036	65817706	I	1
16412038	65817734	I	1
16412039	65817735	I	1
16412040	65817736	I	1
16412043	65644495	I	1
16412044	65817775	I	1
16412045	65548920	I	1
16412046	65817781	I	1
16412047	65817785	I	1
16412048	65817788	I	1
16412049	65817789	I	1
16412051	65817805	I	1
16412052	65817806	I	1
16412054	65820281	3206	1
16412055	65820291	FARM	3
16412056	65820295	3206	1
16412057	65820296	3206	1
16412058	65545364	YES	1
16412059	65545364	YES	2
16412060	65599916	YES	1
16412061	65599916	YES	2
16412062	65820387	MEC CHECK-CONFIRMED	7
16412063	65820509	YES	1
16412064	65820509	YES	2
16412065	65820549	YES	1
16412066	65820549	YES	2
16412068	65820768	HIGH PRIORITY 2019	1
16412069	65820769	HIGH PRIORITY 2019	1
16412070	65820770	HIGH PRIORITY 2019	1
16412071	65820787	HIGH PRIORITY 2019	1
16412072	65820788	HIGH PRIORITY 2019	1
16412073	65820789	HIGH PRIORITY 2019	1
16412074	65820790	HIGH PRIORITY 2019	1
16412075	65820806	HIGH PRIORITY 2019	1
16412076	65820807	HIGH PRIORITY 2019	1
16412077	65820808	HIGH PRIORITY	1
16412078	65820809	HIGH PRIORITY 2019	1
16412079	65820826	HIGH PRIORITY 2019	1
16412080	65820827	HIGH PRIORITY 2019	1
16412081	65820828	HIGH PRIORITY 2019	1
16412082	65820829	HIGH PRIORITY 2019	1
16412083	65820841	HIGH PRIORITY 2019	1
16412084	65820842	HIGH PRIORITY 2019	1
16412085	65820843	HIGH PRIORITY 2019	1
16412086	65820844	HIGH PRIORITY 2019	1
16412087	65820885	HIGH PRIORITY 2019	1
16412088	65820886	HIGH PRIORITY 2019	1
16412089	65821036	HIGH PRIORITY 2019	1
16412090	65821037	HIGH PRIORITY 2019	1
16412091	65821038	HIGH PRIORITY 2019	1
16412092	65821259	HIGH PRIORITY 2019	1
16412093	65821260	HIGH PRIORITY 2019	1
16412094	65821261	HIGH PRIORITY 2019	1
16412095	65821262	HIGH PRIORITY 2019	1
16412098	65821278	HIGH PRIORITY 2019	1
16412099	65821279	HIGH PRIORITY 2019	1
16412100	65821280	HIGH PRIORITY 2019	1
16412101	65821283	HIGH PRIORITY 2019	1
16412102	65821286	HIGH PRIORITY 2019	1
16412103	65821287	HIGH PRIORITY 2019	1
16412104	65821288	HIGH PRIORITY 2019	1
16412105	65821289	HIGH PRIORITY 2019	1
16412106	65821290	HIGH PRIORITY 2019	1
16412107	65821291	HIGH PRIORITY 2019	1
16412108	65821292	HIGH PRIORITY 2019	1
16412109	65821293	HIGH PRIORITY 2019	1
16412110	65821295	HIGH PRIORITY 2019	1
16412111	65821296	HIGH PRIORITY 2019	1
16412112	65821298	HIGH PRIORITY 2019	1
16412113	65821299	HIGH PRIORITY 2019	1
16412114	65821300	HIGH PRIORITY, 2019	1
16412115	65821301	HIGH PRIORITY 2019	1
16412116	65821302	HIGH PRIORITY 2019	1
16412117	65821303	HIGH PRIORITY 2019	1
16412118	65821317	HIGH PRIORITY 2019	1
16412119	65821318	HIGH PRIORITY 2019	1
16412120	65821319	HIGH PRIORITY 2018	1
16412121	65821321	2019 HIGH PRIORITY	1
16412122	65821322	2019 HIGH PRIORITY	1
16412123	65821323	2019 HIGH PRIORITY	1
16412124	65821324	HIGH PRIORITY 2019	1
16412125	65821325	HIGH PRIORITY 2019	1
16412126	65821328	2019 HIGH PRIORITY	1
16412127	65821329	2019 HIGH PRIORITY	1
16412128	65821330	2019 HIGH PRIORITY	1
16412129	65821331	2019 HIGH PRIORITY	1
16412131	65821334	HIGH PRIORITY 2019	1
16412132	65821335	HIGH PRIORITY 2019	1
16412133	65821336	2019 HIGH PRIORITY	1
16412134	65821337	2019 HIGH PRIORITY	1
16412135	65821338	2019 HIGH PRIORITY	1
16412136	65821339	2019 HIGH PRIORITY	1
16412137	65821344	2019 HIGH PRIORITY	1
16412138	65821345	2019 HIGH PRIORITY	1
16412139	65821346	2019 HIGH PRIORITY	1
16412140	65821347	2019 HIGH PRIORITY	1
16412141	65821352	2019 HIGH PRIORITY	1
16412142	65821353	2019 HIGH PRIORITY	1
16412143	65821406	2019 HIGH PRIORITY OPP	1
16412144	65821407	2019 HIGH PRIORITY	1
16412145	65821408	2019 HIGH PRIORITY	1
16412146	65821412	2019 HIGH PRIORITY OPP	1
16412147	65821414	HIGH PRIORITY 2019	1
16412148	65821415	2019 HIGH PRIORITY	1
16412149	65821434	HIGH PRIORITY OPERATION 2019	1
16412150	65821442	HIGH PRIORITY OPERATION 2019	1
16412151	65821443	HIGH PRIORITY OPERATION 2019	1
16412154	65821446	HIGH PRIORITY 2019	1
16412155	65821447	HIGH PRIORITY 2019	1
16412157	65821449	HIGH PRIORITY 2019	1
16412158	65821450	HIGH PRIORITY 2019	1
16412159	65821451	HIGH PRIORITY OP 2019	1
16412161	65821453	HIGH PRIORITY OP 2019	1
16412163	65821455	HIGH PRIORITY OP 2019	1
16412164	65821456	HIGH PRIORITY OP 2019	1
16412165	65821457	HIGH PRIORITY OP 2019	1
16412166	65821458	HIGH PRIORITY OP 2019	1
16412167	65821459	HIGH PRIORITY OP 2019	1
16412168	65821460	HIGH PRIORITY OP 2019	1
16412169	65821461	HIGH PRIORITY OP 2019	1
16412170	65821462	2019 HIGH PRIORITY	1
16412171	65821463	HIGH PRIORITY OP 2019	1
16412172	65821464	HIGH PRIORITY OP 2019	1
16412173	65821465	2019 HIGH PRIORITY	1
16412174	65821466	2019 HIGH PRIORITY	1
16412175	65821467	2019 HIGH PRIORITY	1
16412176	65821468	2019 HIGH PRIORITY	1
16412177	65821469	2019 HIGH PRIORITY	1
16412178	65821667	HIGH PRIORITY 2019	1
16412179	65821668	HIGH PRIORITY 2019	1
16412180	65821678	HIGH PRIORITY 2019	1
16412182	65821683	HIGH PRIORITY OPERATION 2019	1
16412183	65821684	HIGH PRIORTY OP 2019	1
16412184	65821690	HIGH PRIORITY 2019	1
16412185	65821691	HIGH PRIORITY 2019	1
16412186	65821692	HIGH PRIORITY 2019	1
16412187	65821694	HIGH PRIORITY 2019	1
16412188	65821702	HIGH PRIORITY OP 2019	1
16412189	65821703	HIGH PRIORITY OP 2019	1
16412190	65821707	HIGH PRIORITY OP 2019	1
16412191	65821708	HIGH PRIORITY 2019	1
16412192	65821709	HIGH PRIORITY 2019	1
16412194	65821711	HIGH PRIORTY 2019	1
16412195	65821712	HIGH PRIORITY 2019	1
16412196	65821713	HIGH PRIORITY 2019	1
16412197	65821716	HIGH PRIORITY 2019	1
16412198	65821726	HIGH PRIORITY 2019	1
16412199	65821727	HIGH PRIORITY 2019	1
16412201	65821729	HIGH PRIORITY 2019	1
16412202	65821738	HIGH PRIORITY 2019	1
16412203	65821739	HIGH PRIORITY 2019	1
16412204	65821740	HIGH PRIORITY 2019	1
16412205	65821742	HIGH PRIORITY 2019	1
16412206	65821743	HIGH PRIORITY 2019	1
16412207	65821744	HIGH PRIORITY 2019	1
16412208	65822422	SB	1
16412210	65822432	SB	1
16412211	65822444	SB	1
16412214	65822457	SB	1
16412216	65822462	SB/DD	1
16412217	65633044	SB	1
16412219	65822467	SB/DD	1
16412220	65697080	SB	1
16412221	65564518	SB	1
16412222	65822469	SB	1
16412225	65822472	SB	1
16412226	65822476	SB	1
16412227	65823215	TM40	1
16412228	65823216	TM40	1
16412230	65823218	TM40	1
16412231	65823221	TM40	1
16412233	65823227	TM40	1
16412236	65823231	TM40	1
16412237	65823232	TM40	1
16412238	65823233	TM40	1
16412239	65823234	TM40	1
16412240	65823241	T198	1
16412241	65823242	T198	1
16412242	65823246	TM40	1
16412243	65823251	TM40	1
16412244	65823252	TM40	1
16412249	65823263	TM40	1
16412250	65823264	TM40	1
16412252	65823280	TM40	1
16412253	65823281	TM40	1
16412255	65823285	TM40	1
16412258	65823288	TM40	1
16412260	65823290	TM40	1
16412261	65823291	TM40	1
16412262	65823292	TM40	1
16412263	65823293	TM40	1
16412264	65823294	TM40	1
16412265	65823295	TM40	1
16412266	65823296	TM40	1
16412267	65823297	TM40	1
16412268	65823298	TM40	1
16412270	65823300	TM40	1
16412271	65823301	TM40	1
16412273	65823303	TM40	1
16412274	65823304	TM40	1
16412275	65823305	TM40	1
16412276	65823306	TM40	1
16412277	65823307	TM40	1
16412280	65823310	T198	1
16412281	65823329	TM40	1
16412282	65823335	TM40	1
16412284	65823351	TM40	1
16412285	65823352	TM40	1
16412286	65823353	TM40	1
16412287	65823354	TM40	1
16412288	65823358	TM40	1
16412290	65823360	TM40	1
16412291	65823361	TM40	1
16412292	65823362	TM40	1
16412293	65823363	TM40	1
16412295	65823365	TM40	1
16412296	65823370	TM40	1
16412297	65823371	TM40	1
16412299	65823373	TM40	1
16412301	65823375	TM40	1
16412303	65823383	TM40	1
16412304	65823384	TM40	1
16412305	65823385	TM40	1
16412306	65823396	TM40	1
16412307	65823398	TM40	1
16412308	65823399	TM40	1
16412309	65823402	TM40	1
16412310	65823403	TM40	1
16412311	65823404	TM40	1
16412313	65823412	TM40	1
16412314	65823413	TM40	1
16412316	65823415	TM40	1
16412317	65823416	TM40	1
16412318	65823417	TM40	1
16412320	65823420	TM40	1
16412322	65823422	TM40	1
16412323	65823423	TM40	1
16412324	65823424	TM40	1
16412325	65792183	TM40	1
16412326	65823431	TM40	1
16412327	65823432	TM40	1
16412329	65823434	TM40	1
16412330	65823435	TM40	1
16412331	65823436	TM40	1
16412332	65823443	TM40	1
16412333	65823444	TM40	1
16412334	65823445	TM40	1
16412335	65823446	TM40	1
16412336	65823447	TM40	1
16412337	65823448	TM40	1
16412338	65823451	TM40	1
16412340	65823453	TM40	1
16412341	65823454	TM40	1
16412342	65823459	TM40	1
16412343	65823460	TM40	1
16412344	65823461	TM40	1
16412346	65823463	TM40	1
16412348	65823465	TM40	1
16412349	65823466	TM40	1
16412350	65823470	TM40	1
16412352	65823491	TM40	1
16412353	65823492	TM40	1
16412354	65823498	TM40	1
16412355	65823499	TM40	1
16412356	65823500	TM40	1
16412359	65823503	TM40	1
16412360	65823507	TM40	1
16412362	65823509	TM40	1
16412363	65823510	TM40	1
16412364	65823521	TM40	1
16412365	65823522	TM40	1
16412368	65823528	TM40	1
16412369	65823537	TM40	1
16412371	65823539	TM40	1
16412372	65823540	TM40	1
16412373	65823541	TM40	1
16412374	65823542	TM40	1
16412375	65823552	TM40	1
16412376	65823553	TM40	1
16412378	65823555	TM40	1
16412379	65823556	TM40	1
16412380	65823604	=	1
16412381	65823630	G	1
16412382	65823630	3	2
16412383	65823712	.	2
16412384	65823712	.	6
16412386	65811173	TPK18	3
16412387	65811181	TPK18	3
16412388	65811182	TPK18	3
16412389	65780140	GAS2019	1
16412390	65811183	TPK18	3
16412391	65811184	TPK18	3
16412392	65685084	TPK18	3
16412393	65727853	TPK18	3
16412394	65811177	TPK18	3
16412395	65811179	TPK18	3
16412397	65811188	TPK18	3
16412398	65811189	TPK18	3
16412399	65811166	MEC CHECK-CONFIRMED	7
16412400	65811138	TIMBER19	1
16412402	65811191	TPK18	3
16412403	65811168	MEC CHECK-CONFIRMED	7
16412404	65741590	TPK18	3
16412406	65824746	MEC CHECK-CONFIRMED	7
16412408	65824765	TIMBER19	1
16412412	65824957	MX	10
16412413	65825113	MX	10
16412414	65825114	MX	10
16412417	65772109	BASIC	10
16412418	65772119	BASIC	10
16412421	65825995	BASIC	10
16412422	65825996	BASIC	10
16412425	65826016	BASIC	10
16412426	65826017	BASIC	10
16412429	65826020	BASIC	10
16412430	65792895	BASIC	10
16412431	65814211	BASIC	10
16412432	65826025	BASIC	10
16412434	65826029	BASIC	10
16412436	65792986	MEC CHECK-CONFIRMED	7
16412437	65826031	MEC CHECK-CONFIRMED	7
16412438	65826032	BASIC	10
16412440	65826034	BASIC	10
16412441	65826035	BASIC	10
16412442	65611134	BASIC	10
16412443	65711572	BASIC	10
16412444	65728408	BASIC	10
16412445	65728425	BASIC	10
16412447	65826046	MEC CHECK-CONFIRMED	7
16412448	65826047	MEC CHECK-CONFIRMED	7
16412450	65826049	MEC CHECK-CONFIRMED	7
16412453	65826060	MEC CHECK-CONFIRMED	7
16412454	65826061	MEC CHECK-CONFIRMED	7
16412455	65826063	MEC CHECK-CONFIRMED	7
16412456	65711429	BASIC	10
16412457	65826064	BASIC	10
16412460	65802566	BASIC	10
16412461	65826069	BASIC	10
16412462	65826070	BASIC	10
16412463	65826071	BASIC	10
16412464	65826072	BASIC	10
16412466	65826087	BASIC	10
16412471	65746034	BASIC	10
16412472	65826109	BASIC	10
16412473	65826110	BASIC	10
16412476	65826130	BASIC	10
16412477	65826131	BASIC	10
16412478	65826132	BASIC	10
16412479	65826133	BASIC	10
16412480	65826136	BASIC	10
16412481	65826137	BASIC	10
16412482	65826138	BASIC	10
16412483	65826141	BASIC	10
16412485	65826152	BASIC	10
16412487	65826154	BASIC	10
16412488	65826155	BASIC	10
16412490	65826157	BASIC	10
16412491	65826173	BASIC	10
16412492	65826174	BASIC	10
16412494	65826194	BASIC	10
16412495	65826199	BASIC	10
16412497	65711383	BASIC	10
16412498	65745997	BASIC	10
16412499	65759917	BASIC	10
16412500	65826208	MED CHECK VERIFIED	7
16412501	65826208	BASIC	10
16412502	65826209	BASIC	10
16412503	65826221	BASIC	10
16412504	65826222	BASIC	10
16412505	65826224	BASIC	10
16412506	65826227	BASIC	10
16412507	65826229	BASIC	10
16412508	65826230	BASIC	10
16412509	65826231	BASIC	10
16412511	65802498	BASIC	10
16412512	65780562	BASIC	10
16412519	65826253	BASIC	10
16412520	65826255	BASIC	10
16412521	65699742	BASIC	10
16412526	65826262	BASIC	10
16412527	65826263	BASIC	10
16412529	65826265	BASIC	10
16412530	65826266	BASIC	10
16412532	65826268	BASIC	10
16412533	65826269	BASIC	10
16412536	65826275	BASIC	10
16412538	65826277	BASIC	10
16412539	65826280	BASIC	10
16412540	65826281	BASIC	10
16412541	65826282	BASIC	10
16412543	65826284	BASIC	10
16412544	65826285	BASIC	10
16412545	65826286	BASIC	10
16412546	65826287	BASIC	10
16412547	65826288	BASIC	10
16412548	65826289	BASIC	10
16412550	65826291	BASIC	10
16412551	65772145	BASIC	10
16412552	65611291	BASIC	10
16412553	65826293	BASIC	10
16412554	65611157	BASIC	10
16412555	65745985	BASIC	10
16412556	65792961	BASIC	10
16412558	65793040	BASIC	10
16412560	65826309	BASIC	10
16412562	65826312	BASIC	10
16412563	65826313	BASIC	10
16412565	65780616	BASIC	10
16412566	65802565	BASIC	10
16412568	65826469	FARM	1
16412569	65826836	YES	1
16412570	65826836	YES	2
16412571	65826870	MEC CHECK - CONFIRMED	7
16412572	65826963	MEC CHECK-CONFIRMED	7
16412573	65826975	YES	1
16412574	65826975	YES	2
16412575	65827014	MEC CHECK-CONFIRMED	7
16412576	65827075	MEC CHECK - CONFIRMED	7
16412578	65827136	MEC CHECK-CONFIRMED	7
16412580	65827838	FARM	4
16412581	65827860	FARM TRUCK	1
16412582	65828434	C	10
16412583	65828435	C	10
16412584	65828436	C	10
16412585	65828437	C	10
16412586	65828447	C	1
16412587	65828448	C	1
16412588	65828449	C	1
16412589	65828466	C	1
16412590	65828467	C	1
16412591	65828468	C	1
16412592	65828469	C	1
16412593	65828477	C	10
16412594	65828507	C	10
16412596	65828511	C	10
16412598	65828513	C	10
16412599	65828514	C	10
16412600	65828515	C	10
16412603	65828554	C	10
16412604	65828555	C	10
16412606	65828557	C	10
16412607	65828558	C	10
16412608	65828560	C	10
16412609	65828561	C	10
16412610	65828566	C	10
16412611	65828567	C	10
16412612	65828568	C	10
16412613	65828569	C	10
16412614	65828574	C	1
16412615	65828575	C	1
16412616	65828620	C	10
16412617	65828632	C	1
16412618	65828633	C	1
16412619	65828674	C	10
16412620	65828675	C	10
16412621	65828676	C	10
16412622	65828677	C	10
16412623	65828690	C	1
16412624	65828691	C	1
16412625	65828692	C	1
16412626	65828693	C	1
16412627	65828726	C	10
16412629	65828728	C	10
16412630	65828729	C	10
16412631	65828730	C	10
16412633	65828766	C	10
16412634	65828767	C	10
16412635	65828768	C	10
16412636	65828769	C	10
16412637	65828770	C	10
16412638	65828771	C	10
16412639	65828772	C	10
16412642	65828795	C	10
16412643	65828796	C	10
16412644	65828797	C	10
16412645	65828798	C	10
16412646	65828799	C	10
16412649	65828802	C	10
16412651	65828804	C	10
16412652	65828805	C	10
16412653	65828806	C	10
16412654	65828807	C	10
16412655	65828830	C	10
16412656	65828831	C	10
16412657	65828832	C	10
16412658	65828833	C	10
16412659	65828838	C	1
16412660	65828839	C	1
16412661	65828840	C	1
16412663	65828884	C	10
16412664	65828885	C	10
16412665	65828886	C	10
16412666	65828897	C	10
16412667	65828898	C	10
16412668	65828899	C	10
16412669	65828900	C	10
16412670	65828901	C	10
16412671	65828902	C	10
16412672	65828903	C	10
16412674	65828925	C	10
16412676	65784713	FARM	3
16412682	65831162	FY17 HP TACT	1
16412683	65831163	FY17 HP TACT	1
16412684	65831164	FY17 HP TACT	1
16412685	65831214	TACT	1
16412686	65831254	FY17 HP TACT	1
16412687	65831325	FY17 HP TACT	1
16412688	65831367	FY17 HP TACT	1
16412689	65831368	FY17 HP TACT	1
16412690	65831369	FY17 HP TACT	1
16412691	65831370	FY17 HP TACT	1
16412692	65831391	FY17 HP TACT	1
16412693	65831405	FY17 HP TACT	1
16412694	65831406	FY17 HP TACT	1
16412695	65831408	FY17 HP TACT	1
16412696	65831415	FY17 HP TACT I40	1
16412697	65831416	FY17 HP TACT I40	1
16412698	65831418	FY17 HP TACT	1
16412699	65831439	FY17 HP TACT I40	1
16412701	65831441	FY17 HP TACT	1
16412702	65831442	FY17 HP TACT I40	1
16412703	65831503	FY17 HP TACT	1
16412705	65831506	FY17 HP TACT	1
16412709	65644218	MED CERT - VERIFIED	7
16412711	65717108	MEC - UNABLE TO VERIFY	7
16412712	65832311	I	1
16412713	65785730	I	1
16412714	65832318	I	1
16412715	65589591	I	1
16412716	65832324	I	1
16412717	65832325	I	1
16412718	65832340	I	1
16412719	65832361	I	1
16412720	65785698	I	1
16412721	65785743	I	1
16412722	65616384	I	1
16412724	65832416	I	1
16412725	65832417	I	1
16412727	65832419	I	1
16412728	65832420	I	1
16412729	65832421	I	1
16412730	65832422	I	1
16412731	65832427	I	1
16412732	65832428	I	1
16412735	65833830	YES	5
16412736	65834147	UYJEWRNEERTNJTJERCVX	1
16412737	65758073	MEDICAL CARD CONFIRMED	7
16412740	65595786	MEDICAL CARD CONFIRMED	7
16412741	65595788	MEDICAL CARD CONFIRMED	7
16412742	65633126	MEDICAL CARD CONFIRMED	7
16412743	65633136	MEDICAL CARD CONFIRMED	7
16412744	65633159	MEDICAL CARD CONFIRMED	7
16412745	65758098	MEDICAL CARD CONFIRMED	7
16412747	65758115	MEDICAL CARD CONFIRMED	7
16412749	65758118	MEDICAL CARD CONFIRMED	7
16412750	65758182	MEDICAL CARD CONFIRMED	7
16412752	65758203	MEDICAL CARD CONFIRMED	7
16412758	65836003	MEDICAL CARD CONFIRMED	7
16412760	65836048	MEDICAL CARD CONFIRMED	7
16412762	65836050	MEDICAL CARD CONFIRMED	7
16412763	65836051	MEDICAL CARD CONFIRMED	7
16412764	65836052	MEDICAL CARD CONFIRMED	7
16412765	65836054	MEDICAL CARD CONFIRMED	7
16412766	65836055	MEDICAL CARD CONFIRMED	7
16412767	65836056	MEDICAL CARD CONFIRMED	7
16412771	65836060	MEDICAL CARD CONFIRMED	7
16412772	65836061	MEDICAL CARD CONFIRMED	7
16412773	65836064	MEDICAL CARD CONFIRMED	7
16412774	65836065	MEDICAL CARD CONFIRMED	7
16412776	65836090	5	1
16412777	65836091	4	1
16412778	65836092	4	1
16412780	65836095	2	1
16412781	65836096	2	1
16412785	65836105	1	1
16412786	65836106	2	1
16412788	65836107	5	1
16412789	65836112	2	1
16412790	65836113	2	1
16412792	65836115	1	1
16412793	65836116	2	1
16412797	65836124	3	1
16412798	65836125	3	1
16412799	65836126	3	1
16412800	65836127	3	1
16412803	65836130	2	1
16412806	65609336	1	1
16412807	65836134	6	1
16412808	65836135	3	1
16412809	65836136	3	1
16412810	65836137	3	1
16412811	65836145	3	1
16412812	65836146	2	1
16412813	65836147	2	1
16412814	65836148	2	1
16412817	65836151	5	1
16412818	65836152	5	1
16412820	65836156	2	1
16412821	65836157	1	1
16412822	65836158	1	1
16412823	65836159	1	1
16412824	65836160	5	1
16412825	65836161	2	1
16412827	65836163	4	1
16412829	65836165	2	1
16412831	65836167	2	1
16412833	65836169	2	1
16412834	65836170	2	1
16412835	65836171	2	1
16412836	65836172	4	1
16412837	65836173	4	1
16412838	65836175	4	1
16412841	65836183	4	1
16412844	65836195	2	1
16412845	65836216	5	1
16412846	65836224	5	1
16412847	65836225	5	1
16412849	65836227	4	1
16412850	65836235	2	1
16412853	65836239	5	1
16412857	65836244	5	1
16412859	65836246	5	1
16412860	65836247	5	1
16412862	65709100	MEC CHECK-NOY CONFIRMED	7
16412863	65633638	TM40	1
16412865	65837103	T198	1
16412866	65837104	T198	1
16412869	65823253	TM40	1
16412870	65837175	T198	1
16412871	65837176	T198	1
16412872	65837177	T198	1
16412873	65837178	T198	1
16412874	65837180	TM40	1
16412875	65837181	TM40	1
16412876	65837182	TM40	1
16412877	65837185	T198	1
16412879	65837187	T198	1
16412880	65837188	T198	1
16412881	65837191	TM40	1
16412882	65837192	TM40	1
16412883	65837193	TM40	1
16412885	65837195	T198	1
16412888	65837198	T198	1
16412889	65837199	T198	1
16412890	65837200	T198	1
16412893	65823259	TM40	1
16412895	65633941	TM40	1
16412896	65837261	T198	1
16412897	65837262	T198	1
16412901	65837288	TM40	1
16412902	65837289	TM40	1
16412903	65837290	TM40	1
16412904	65837319	T198	1
16412905	65823260	TM40	1
16412906	65823261	TM40	1
16412908	65823279	TM40	1
16412910	65837360	T198	1
16412912	65837362	T198	1
16412913	65837380	T198	1
16412914	65837381	T198	1
16412916	65566320	TM40	1
16412918	65837406	TM40	1
16412919	65837407	TM40	1
16412920	65837408	TM40	1
16412947	65635394	MX	10
16412948	65838416	MX	10
16412949	65838418	MX	10
16412950	65839330	BASIC	10
16412957	65839339	BASIC	10
16412958	65839340	BASIC	10
16412959	65839341	BASIC	10
16412960	65839342	BASIC	10
16412961	65839343	BASIC	10
16412962	65839344	BASIC	10
16412963	65839345	BASIC	10
16412965	65839347	BASIC	10
16412966	65792815	BASIC	10
16412967	65814112	BASIC	10
16412968	65814114	BASIC	10
16412972	65839365	BASIC	10
16412973	65839366	BASIC	10
16412974	65839367	BASIC	10
16412975	65839368	BASIC	10
16412976	65839371	BASIC	10
16412979	65839385	BASIC	10
16412983	65839389	BASIC	10
16412985	65839399	BASIC	10
16412986	65839400	MED CHECK VERIFIED	7
16412987	65839400	BASIC	10
16412992	65839409	BASIC	10
16412993	65839410	BASIC	10
16412994	65839413	BASIC	10
16412997	65839416	BASIC	10
16412998	65839418	BASIC	10
16412999	65839419	BASIC	10
16413000	65839420	BASIC	10
16413001	65839421	MED CHECK VERIFIED	7
16413002	65839421	BASIC	10
16413003	65839422	BASIC	10
16413006	65571399	BASIC	10
16413010	65839439	BASIC	10
16413011	65839442	BASIC	10
16413012	65826129	BASIC	10
16413013	65839443	BASIC	10
16413014	65543972	BASIC	10
16413015	65746210	BASIC	10
16413017	65772076	BASIC	10
16413018	65839444	BASIC	10
16413020	65839446	BASIC	10
16413021	65839453	BASIC	10
16413026	65839462	BASIC	10
16413027	65839463	BASIC	10
16413030	65839466	BASIC	10
16413031	65839467	BASIC	10
16413032	65839468	BASIC	10
16413033	65839469	BASIC	10
16413034	65792924	BASIC	10
16413035	65825994	BASIC	10
16413036	65839471	BASIC	10
16413037	65839472	BASIC	10
16413038	65839473	BASIC	10
16413039	65839474	BASIC	10
16413040	65839478	BASIC	10
16413041	65839479	BASIC	10
16413047	65839487	BASIC	10
16413048	65826260	BASIC	10
16413049	65759884	BASIC	10
16413051	65839490	BASIC	10
16413052	65839491	BASIC	10
16413053	65759892	BASIC	10
16413054	65839495	BASIC	10
16413055	65839496	BASIC	10
16413058	65792823	BASIC	10
16413059	65839499	BASIC	10
16413060	65839500	BASIC	10
16413062	65839506	BASIC	10
16413063	65839508	BASIC	10
16413064	65839509	BASIC	10
16413067	65839511	BASIC	10
16413074	65814150	BASIC	10
16413075	65839525	BASIC	10
16413076	65839529	BASIC	10
16413079	65814341	BASIC	10
16413082	65814336	BASIC	10
16413086	65839594	BASIC	10
16413087	65839595	BASIC	10
16413088	65839596	BASIC	10
16413089	65839597	BASIC	10
16413090	65759918	BASIC	10
16413091	65792881	BASIC	10
16413092	65839608	BASIC	10
16413093	65839609	BASIC	10
16413094	65839610	BASIC	10
16413095	65839611	BASIC	10
16413096	65793061	BASIC	10
16413097	65571405	BASIC	10
16413098	65745943	BASIC	10
16413099	65793074	BASIC	10
16413100	65598733	BASIC	10
16413101	65839614	BASIC	10
16413105	65826274	BASIC	10
16413106	65839619	BASIC	10
16413107	65839622	BASIC	10
16413109	65839624	BASIC	10
16413110	65839625	BASIC	10
16413113	65839822	MEC CHECK-NO CONTACT	7
16413115	65840062	HIGH PRIORITY 2019	1
16413116	65840063	HIGH PRIORITY 2019	1
16413117	65840080	HIGH PRIORITY 2019	1
16413118	65840081	HIGH PRIORITY 2019	1
16413119	65821452	HIGH PRIORITY OP 2019	1
16413137	65843819	MEC - UNABLE TO VERIFY	7
16413138	65843826	MEC - UNABLE TO VERIFY	7
16413139	65817676	I	1
16413141	65832415	I	1
16413142	65832418	I	1
16413143	65817707	I	1
16413144	65845274	YES	5
16413145	65845275	YES	5
16413147	65845437	YES	3
16413148	65845437	YES	4
16413150	65850025	518	1
16413151	65850026	518	1
16413152	65850125	518	1
16413153	65853870	518	1
16413154	65853871	518	1
16413155	65853983	518	1
16413156	65854099	518	1
16413157	65854214	518	1
16413158	65854215	518	1
16413159	65854216	518	1
16413160	65854217	518	1
16413161	65854353	518	1
16413162	65855790	518	1
16413163	65855791	518	1
16413164	65855792	518	1
16413165	65855824	518	1
16413166	65564487	SB	1
16413167	65855899	LEFT LANE	1
16413168	65855903	SB	1
16413169	65855904	SB	1
16413171	65855907	SB	1
16413172	65855917	SB	1
16413173	65855918	SB	1
16413174	65855919	SB	1
16413179	65800470	CELL VIO	1
16413182	65855933	SB	1
16413183	65855934	SB	1
16413192	65633083	SB	1
16413197	65855965	SB DD	1
16413198	65855966	SB DD	1
16413199	65855967	SB DD	1
16413208	65855997	SB	1
16413210	65855999	SB	1
16413212	65856001	SB DD	1
16413213	65856002	SB DD	1
16413214	65669576	S/B	1
16413216	65633072	SB	1
16413217	65669538	SB	1
16413218	65856013	SB	1
16413220	65856015	SB	1
16413221	65856016	SB	1
16413222	65856017	SB	1
16413224	65856024	SB	1
16413226	65856026	SB	1
16413227	65856032	SB	1
16413230	65683169	S/B	1
16413236	65856049	SB	1
16413239	65856056	SB	1
16413240	65856057	SB	1
16413245	65856063	5	1
16413248	65856066	5	1
16413251	65856070	2	1
16413254	65856073	2	1
16413255	65856074	5	1
16413256	65856078	2	1
16413257	65856079	2	1
16413258	65856080	2	1
16413260	65856090	5	1
16413261	65856091	4	1
16413263	65856094	2	1
16413264	65856095	2	1
16413265	65856096	2	1
16413266	65856098	2	1
16413269	65856113	1	1
16413275	65856130	2	1
16413278	65856137	2	1
16413280	65856139	2	1
16413281	65856140	5	1
16413283	65856150	1	1
16413285	65856152	2	1
16413287	65856154	5	1
16413292	65856160	2	1
16413293	65856161	2	1
16413294	65856162	2	1
16413295	65856163	1	1
16413296	65856164	2	1
16413297	65856165	2	1
16413304	65823526	TM40	1
16413305	65856994	TM40	1
16413306	65856995	TM40	1
16413307	65857004	TM40	1
16413308	65857005	TM40	1
16413309	65857006	TM40	1
16413310	65857007	TM40	1
16413311	65635479	MX	10
16413312	65857508	MX	10
16413313	65656279	MX	10
16413314	65857565	MX	10
16413315	65857568	MX	10
16413316	65857569	MX	10
16413317	65746112	BASIC	10
16413318	65772079	BASIC	10
16413319	65859027	BASIC	10
16413320	65859028	BASIC	10
16413321	65859039	BASIC	10
16413322	65859040	BASIC	10
16413324	65859042	BASIC	10
16413325	65859052	BASIC	10
16413326	65859053	BASIC	10
16413328	65859055	BASIC	10
16413330	65859057	BASIC	10
16413331	65859058	BASIC	10
16413333	65728471	BASIC	10
16413335	65839519	BASIC	10
16413336	65839617	BASIC	10
16413337	65839334	BASIC	10
16413338	65814321	BASIC	10
16413339	65859069	BASIC	10
16413340	65859070	BASIC	10
16413341	65839480	BASIC	10
16413343	65839482	BASIC	10
16413347	65859072	BASIC	10
16413348	65859073	BASIC	10
16413351	65859087	BASIC	10
16413352	65859088	BASIC	10
16413353	65859089	BASIC	10
16413354	65859090	BASIC	10
16413356	65859093	BASIC	10
16413357	65839335	BASIC	10
16413358	65859098	BASIC	10
16413360	65859100	BASIC	10
16413361	65859109	BASIC	10
16413362	65859110	BASIC	10
16413363	65859111	BASIC	10
16413364	65859116	BASIC	10
16413366	65859130	BASIC	10
16413368	65611207	BASIC	10
16413369	65859149	BASIC	10
16413370	65859150	BASIC	10
16413371	65859151	BASIC	10
16413372	65859152	BASIC	10
16413373	65859166	MED CHECK VERIFIED	7
16413374	65839536	BASIC	10
16413375	65839552	BASIC	10
16413377	65839626	BASIC	10
16413378	65839627	BASIC	10
16413379	65859180	BASIC	10
16413380	65859181	BASIC	10
16413381	65859182	BASIC	10
16413382	65859183	BASIC	10
16413383	65859184	BASIC	10
16413384	65859185	BASIC	10
16413386	65859187	BASIC	10
16413388	65859191	BASIC	10
16413389	65859192	BASIC	10
16413390	65859195	BASIC	10
16413391	65859196	BASIC	10
16413394	65839374	BASIC	10
16413395	65859198	BASIC	10
16413396	65859199	BASIC	10
16413397	65839514	BASIC	10
16413398	65839515	BASIC	10
16413400	65859207	BASIC	10
16413401	65859208	BASIC	10
16413402	65839361	BASIC	10
16413403	65839362	BASIC	10
16413404	65839363	BASIC	10
16413406	65839386	BASIC	10
16413407	65839405	BASIC	10
16413408	65839406	BASIC	10
16413409	65859210	BASIC	10
16413410	65859213	BASIC	10
16413411	65859215	BASIC	10
16413412	65839531	BASIC	10
16413414	65859221	BASIC	10
16413415	65859230	BASIC	10
16413418	65859232	BASIC	10
16413422	65859236	BASIC	10
16413423	65859237	BASIC	10
16413425	65802521	BASIC	10
16413426	65839465	BASIC	10
16413427	65839483	BASIC	10
16413428	65839484	BASIC	10
16413429	65859242	BASIC	10
16413430	65859243	BASIC	10
16413432	65859245	BASIC	10
16413433	65859246	BASIC	10
16413435	65839336	BASIC	10
16413436	65839337	BASIC	10
16413437	65839423	BASIC	10
16413438	65839424	BASIC	10
16413439	65859256	MED CHECK VERIFIED	7
16413440	65859256	BASIC	10
16413441	65859257	MED CHECK VERIFIED	7
16413443	65859268	BASIC	10
16413444	65839338	BASIC	10
16413446	65859270	BASIC	10
16413447	65859322	YES	1
16413448	65859322	YES	2
16413449	65859400	MEC CHECK-CONFIRMED	7
16413450	65859424	MCE CHECK CONFIRMED	7
16413451	65859484	MEC CHECK-NO CONTACT	7
16413452	65859511	MEC CHECK-CONFIRMED	7
16413453	65859670	MEC CHECK CONFIRMED	7
16413454	65859689	MEC CHECK CONFIRMED	7
16413455	65859746	MEC CHECK-CONFIRMED	7
16413456	65859781	YES	1
16413457	65859781	YES	2
16413460	65859901	MEC CHECK-CONFIRMED	7
16413461	65859924	YES	1
16413462	65859924	YES	2
16413469	65860026	YES	1
16413470	65860026	YES	2
16413471	65842451	FARM	3
16413472	65842407	3206	1
16413473	65842408	3206	1
16413474	65842409	3206	1
16413475	65842395	3206	1
16413476	65842411	3206	1
16413477	65842412	3206	1
16413478	65842410	3206	1
16413479	65842388	3206	1
16413480	65842389	3206	1
16413481	65842390	3206	1
16413482	65842391	3206	1
16413483	65842392	3206	1
16413484	65842394	3206	1
16413485	65861710	3206	1
16413486	65861710	F	5
16413487	65861711	3206	1
16413488	65861712	3206	1
16413489	65861712	UT	2
16413495	65763719	MED CERT - NOT CONFIRMED	7
16413532	65832950	NQV	8
16413533	65863224	FARM	3
16413534	65832882	FARM	3
16413537	65683134	SPEEDING	1
16413538	65870079	SB	1
16413540	65870086	SB	1
16413541	65870089	SB	1
16413545	65564450	SB	1
16413546	65870093	SB	1
16413547	65870094	SB	1
16413549	65870107	SB	1
16413550	65621071	CELL PHONE	1
16413551	65870108	SB	1
16413552	65564456	SB	1
16413557	65595655	SB	1
16413558	65822423	SB	1
16413559	65870127	SB	1
16413560	65855982	SB	1
16413563	65870147	2	1
16413565	65870149	2	1
16413566	65870150	1	1
16413567	65870151	2	1
16413571	65870157	2	1
16413572	65870158	2	1
16413573	65870162	2	1
16413575	65870164	2	1
16413576	65870165	2	1
16413577	65870166	2	1
16413578	65870167	2	1
16413579	65870168	2	1
16413581	65870170	2	1
16413582	65870171	2	1
16413584	65870173	2	1
16413585	65870174	2	1
16413586	65870175	2	1
16413589	65870179	2	1
16413590	65870180	2	1
16413593	65870183	1	1
16413595	65870193	4	1
16413597	65870195	5	1
16413598	65870200	5	1
16413599	65870201	2	1
16413601	65870203	4	1
16413603	65870205	2	1
16413605	65870207	1	1
16413607	65870209	5	1
16413608	65870210	5	1
16413612	65870228	2	1
16413614	65870230	2	1
16413616	65870235	2	1
16413618	65870237	1	1
16413619	65870238	2	1
16413621	65870246	1	1
16413622	65870247	1	1
16413623	65870248	1	1
16413624	65870249	1	1
16413625	65870250	1	1
16413626	65870261	5	1
16413630	65870271	2	1
16413631	65870272	2	1
16413632	65870273	2	1
16413633	65870274	2	1
16413634	65870275	2	1
16413635	65870277	1	1
16413636	65870278	1	1
16413638	65870280	1	1
16413639	65870286	4	1
16413641	65870288	4	1
16413642	65870290	4	1
16413643	65870291	4	1
16413645	65871029	MEC CHECK-NOT CONFIRMED	7
16413651	65871080	T198	1
16413659	65621945	VERIFIED	7
16413660	65871817	YJ	1
16413661	65871931	VERIFIED	7
16413662	65596803	GAS2019	1
16413663	65556314	TPK18	3
16413664	65635109	TPK18	3
16413665	65801368	TPK18	3
16413666	65838139	MEC CHECK-CONFIRMED	7
16413667	65838140	MEC CHECK-CONFIRMED	7
16413668	65759116	GAS 2019	1
16413669	65838144	MED CHECKED - CONFIRMED	7
16413670	65838147	MED CHECKED - CONFIRMED	7
16413671	65838101	REGRIND	1
16413674	65838095	TIMBER19	1
16413675	65838137	MEC CHECK-CONFIRMED	7
16413677	65838142	GAS2019	1
16413678	65792432	GAS2019	1
16413679	65792432	MED CHECKED - CONFIRMED	7
16413681	65671406	TIMBER19	1
16413682	65872607	GAS2019	1
16413683	65872610	GAS2019	1
16413685	65780149	TPK18	3
16413686	65872641	GAS2019	1
16413687	65872642	GAS2019	1
16413689	65872644	GAS 2019	1
16413690	65872646	GAS2019	1
16413692	65872655	TPK18	3
16413693	65872660	MEC CHECK-CONFIRMED	7
16413695	65872662	MEC CHECK-CONFIRMED	7
16413697	65872665	TPK18	3
16413699	65872688	TIMBER19	1
16413700	65872699	TPK18	3
16413701	65872700	TPK18	3
16413702	65872701	TPK18	3
16413703	65872702	TPK18	3
16413705	65872717	TIMBER19	1
16413707	65872741	MEC CHECK-CONFIRMED	7
16413708	65872742	MEC CHECK-CONFIRMED	7
16413709	65872743	MEC CHECK-CONFIRMED	7
16413710	65872744	MEC CHECK-CONFIRMED	7
16413713	65872752	GAS2019	1
16413714	65872753	GAS2019	1
16413715	65872761	TPK18	3
16413716	65872808	MEC CHECK-CONFIRMED	7
16413718	65671476	TPK18	3
16413719	65872814	TPK18	3
16413720	65872815	TPK18	3
16413721	65872837	GAS 2019	1
16413722	65872838	GAS 2019	1
16413723	65872897	MEC - CONFIRMED	7
16413729	65873042	MED CHECK CONFIRMED 2-7-2019@0909	7
16413730	65873086	MX	10
16413731	65873096	MX	10
16413732	65873701	MED CHECK VERIFIED	7
16413733	65873702	MED CHECK VERIFIED	7
16413735	65873705	BASIC	10
16413736	65873706	BASIC	10
16413737	65814391	BASIC	10
16413739	65873716	BASIC	10
16413740	65873717	BASIC	10
16413741	65873718	BASIC	10
16413742	65873719	BASIC	10
16413745	65873723	BASIC	10
16413746	65873724	BASIC	10
16413747	65672804	BASIC	10
16413748	65873744	BASIC	10
16413749	65873745	BASIC	10
16413751	65873747	BASIC	10
16413752	65873748	BASIC	10
16413753	65873749	BASIC	10
16413754	65873750	BASIC	10
16413755	65873751	BASIC	10
16413756	65873754	BASIC	10
16413757	65873766	BASIC	10
16413758	65873769	BASIC	10
16413759	65780507	BASIC	10
16413760	65728482	BASIC	10
16413761	65873775	BASIC	10
16413762	65873776	BASIC	10
16413765	65873778	BASIC	10
16413767	65873780	BASIC	10
16413770	65873784	BASIC	10
16413771	65873793	BASIC	10
16413772	65873794	BASIC	10
16413773	65873797	BASIC	10
16413774	65873798	BASIC	10
16413775	65873799	BASIC	10
16413778	65873808	BASIC	10
16413781	65873818	BASIC	10
16413782	65873826	BASIC	10
16413784	65873831	BASIC	10
16413785	65571362	BASIC	10
16413786	65792853	BASIC	10
16413787	65873837	BASIC	10
16413788	65873838	BASIC	10
16413790	65746237	BASIC	10
16413791	65873848	BASIC	10
16413792	65873849	BASIC	10
16413793	65873850	BASIC	10
16413794	65873851	BASIC	10
16413795	65873856	BASIC	10
16413796	65685832	MEC CHECK-CONFIRMED	7
16413797	65711510	MEC CHECK-CONFIRMED	7
16413798	65814243	BASIC	10
16413799	65814141	BASIC	10
16413800	65873857	BASIC	10
16413801	65873858	BASIC	10
16413802	65873861	BASIC	10
16413804	65873863	BASIC	10
16413806	65873865	BASIC	10
16413809	65873868	BASIC	10
16413815	65873888	BASIC	10
16413816	65873889	BASIC	10
16413819	65873892	BASIC	10
16413821	65873893	BASIC	10
16413822	65873894	BASIC	10
16413826	65658360	BASIC	10
16413829	65873917	BASIC	10
16413831	65873919	BASIC	10
16413832	65873925	BASIC	10
16413833	65699812	BASIC	10
16413834	65746052	BASIC	10
16413835	65772239	BASIC	10
16413836	65759976	BASIC	10
16413837	65685922	BASIC	10
16413838	65873927	MED CHECK VERIFIED	7
16413839	65873928	MED CHECK VERIFIED	7
16413842	65873931	BASIC	10
16413843	65873932	BASIC	10
16413845	65782101	YES	1
16413846	65782101	YES	2
16413847	65874864	YES	1
16413848	65874864	YES	2
16413849	65874926	YES	1
16413850	65874926	YES	2
16413851	65874927	MEC CHECK-CONFIRMED	7
16413852	65874930	YES	1
16413853	65874930	YES	2
16413854	65875007	MEC CHECK-NO CONTACT	7
16413858	65876011	C	10
16413859	65876012	C	10
16413860	65876013	C	10
16413861	65876020	C	1
16413863	65876026	C	10
16413865	65876028	C	1
16413866	65876029	C	1
16413868	65876114	C	10
16413869	65876115	C	10
16413870	65876125	C	10
16413871	65876126	C	10
16413872	65876127	C	10
16413873	65876136	C	10
16413874	65876137	C	10
16413875	65876138	C	10
16413876	65876139	C	10
16413879	65876159	C	10
16413880	65876160	C	10
16413883	65876165	C	10
16413884	65876167	C	10
16413885	65876168	C	10
16413886	65876170	C	10
16413887	65876265	C	10
16413888	65876266	C	10
16413889	65876267	C	10
16413890	65876268	C	10
16413891	65876269	C	10
16413892	65876297	C	10
16413893	65876298	C	10
16413894	65876299	C	10
16413895	65876300	C	10
16413896	65876301	C	10
16413897	65876302	C	10
16413898	65876303	C	10
16413900	65876404	C	10
16413901	65876405	C	10
16413915	65878361	MEC UNABLE TO VERIFY	7
16413916	65843897	I	1
16413917	65843898	I	1
16413918	65843899	I	1
16413919	65843904	I	1
16413920	65843905	I	1
16413921	65843906	I	1
16413922	65863111	I	1
16413924	65863113	I	1
16413925	65863114	I	1
16413926	65863122	I	1
16413927	65863123	I	1
16413928	65863107	I	1
16413929	65863124	I	1
16413935	65863058	I	1
16413938	65843855	I	1
16413939	65843856	I	1
16413940	65843859	I	1
16413941	65863041	I	1
16413943	65863043	I	1
16413944	65863044	I	1
16413945	65863049	I	1
16413947	65843888	I	1
16413948	65843892	I	1
16413950	65843894	I	1
16413955	65763800	I	1
16413956	65879539	YES	5
16413957	65882623	SB	1
16413959	65882625	SB	1
16413960	65882626	SB	1
16413964	65882645	SB	1
16413965	65882646	SB	1
16413966	65882654	SB	1
16413967	65882655	SB	1
16413968	65882656	SB	1
16413975	65882670	SB	1
16413976	65882671	SB	1
16413977	65882672	SB	1
16413979	65758185	MEDICAL CARD CONFIRMED	7
16413980	65758204	MEDICAL CARD CONFIRMED	7
16413981	65758217	MEDICAL CARD CONFIRMED	7
16413982	65758074	MEDICAL CARD CONFIRMED	7
16413983	65836049	MEDICAL CARD CONFIRMED	7
16413984	65836066	MEDICAL CARD CONFIRMED	7
16413985	65882733	MEDICAL CARD CONFIRMED	7
16413986	65882734	MEDICAL CARD CONFIRMED	7
16413988	65882736	MEDICAL CARD CONFIRMED	7
16413989	65882742	MEDICAL CARD CONFIRMED	7
16413990	65882748	MEDICAL CARD CONFIRMED	7
16413991	65882749	MEDICAL CARD CONFIRMED	7
16413992	65882756	MEDICAL CARD CONFIRMED	7
16413994	65882759	MEDICAL CARD CONFIRMED	7
16413995	65697212	MEDICAL CARD CONFIRMED	7
16413996	65697221	MEDICAL CARD CONFIRMED	7
16413999	65758099	MEDICAL CARD CONFIRMED	7
16414000	65882789	2	1
16414001	65882790	2	1
16414004	65882810	4	1
16414005	65882811	4	1
16414007	65882813	1	1
16414009	65882818	2	1
16414011	65882820	2	1
16414012	65882825	2	1
16414013	65882826	2	1
16414014	65882827	2	1
16414018	65882832	2	1
16414019	65882833	2	1
16414021	65882837	1	1
16414022	65882838	1	1
16414023	65882839	1	1
16414024	65882841	6	1
16414026	65882843	1	1
16414027	65882844	1	1
16414028	65882845	3	1
16414031	65882855	4	1
16414032	65882857	4	1
16414033	65882862	3	1
16414034	65882863	3	1
16414036	65882865	3	1
16414038	65882871	1	1
16414042	65856260	1824	1
16414044	65566371	TM40	1
16414050	65709223	TM40	1
16414054	65566412	TM40	1
16414059	65566486	TM40	1
16414078	65791895	TM40	1
16414079	65883615	2143	5
16414084	65883628	TPK18	3
16414087	65883635	GAS 2019	1
16414089	65883642	GAS 2019	1
16414090	65883651	MEC CHECK-CONFIRMED	7
16414091	65883652	MEC CHECK-CONFIRMED	7
16414093	65883656	GAS2019	1
16414095	65883663	GAS2019	1
16414096	65883663	MED CHECKED - CONFIRMED	7
16414097	65883665	MED CHECKED - CONFIRMED	7
16414099	65883685	GAS2019	1
16414100	65883685	MEC CHECK - CONFIRMED	7
16414101	65883688	GAS2019	1
16414102	65883690	GAS2019	1
16414103	65883691	GAS2019	1
16414105	65883712	MX	10
16414108	65825168	MEC CHECK-CONFIRMED	7
16414110	65884240	BASIC	10
16414111	65884241	BASIC	10
16414115	65826261	BASIC	10
16414116	65672638	BASIC	10
16414118	65839489	BASIC	10
16414119	65826311	BASIC	10
16414121	65839505	BASIC	10
16414122	65884247	BASIC	10
16414123	65884248	BASIC	10
16414124	65884249	BASIC	10
16414125	65884250	BASIC	10
16414126	65884251	BASIC	10
16414127	65884252	BASIC	10
16414128	65884253	BASIC	10
16414133	65746117	BASIC	10
16414134	65802568	BASIC	10
16414135	65859220	BASIC	10
16414136	65884259	BASIC	10
16414137	65884263	BASIC	10
16414138	65884264	BASIC	10
16414139	65884265	BASIC	10
16414140	65873870	BASIC	10
16414141	65585105	37680  83220	9
16414142	65884268	BASIC	10
16414143	65884269	BASIC	10
16414144	65884270	BASIC	10
16414145	65884273	BASIC	10
16414146	65884274	BASIC	10
16414147	65884275	BASIC	10
16414148	65543983	BASIC	10
16414150	65711591	BASIC	10
16414151	65746104	BASIC	10
16414152	65793035	BASIC	10
16414153	65859071	BASIC	10
16414154	65780594	BASIC	10
16414155	65802605	BASIC	10
16414156	65839346	BASIC	10
16414161	65728560	BASIC	10
16414162	65814356	BASIC	10
16414163	65826009	BASIC	10
16414165	65884301	BASIC	10
16414167	65884303	BASIC	10
16414168	65884304	BASIC	10
16414172	65884308	BASIC	10
16414173	65884310	BASIC	10
16414176	65826033	BASIC	10
16414177	65826050	BASIC	10
16414178	65745925	BASIC	10
16414184	65884329	BASIC	10
16414186	65884331	BASIC	10
16414187	65884332	BASIC	10
16414188	65884333	BASIC	10
16414190	65585094	BASIC	10
16414191	65611211	BASIC	10
16414194	65759950	BASIC	10
16414195	65884342	BASIC	10
16414196	65884343	BASIC	10
16414197	65711622	BASIC	10
16414198	65884351	BASIC	10
16414199	65884354	BASIC	10
16414204	65884360	BASIC	10
16414205	65884361	BASIC	10
16414206	65884363	BASIC	10
16414207	65884366	BASIC	10
16414208	65685774	BASIC	10
16414209	65884371	BASIC	10
16414211	65884378	BASIC	10
16414212	65884379	BASIC	10
16414214	65685974	BASIC	10
16414215	65873807	BASIC	10
16414216	65873809	BASIC	10
16414217	65884384	BASIC	10
16414218	65884386	BASIC	10
16414220	65884393	BASIC	10
16414221	65884394	BASIC	10
16414222	65884395	BASIC	10
16414223	65884396	BASIC	10
16414224	65826276	BASIC	10
16414225	65873864	BASIC	10
16414226	65884399	BASIC	10
16414227	65884400	BASIC	10
16414228	65873830	BASIC	10
16414230	65839408	BASIC	10
16414231	65884416	BASIC	10
16414233	65527788	BASIC	10
16414234	65884421	BASIC	10
16414235	65884423	BASIC	10
16414237	65884438	BASIC	10
16414239	65884441	BASIC	10
16414240	65839434	BASIC	10
16414241	65884446	BASIC	10
16414243	65839415	BASIC	10
16414244	65884448	BASIC	10
16414245	65884449	BASIC	10
16414246	65884450	BASIC	10
16414247	65728377	BASIC	10
16414248	65884451	BASIC	10
16414249	65884452	BASIC	10
16414250	65814406	BASIC	10
16414251	65884453	BASIC	10
16414252	65611265	BASIC	10
16414253	65746073	BASIC	10
16414254	65884459	BASIC	10
16414256	65685921	BASIC	10
16414257	65884461	BASIC	10
16414258	65746209	BASIC	10
16414259	65884464	BASIC	10
16414260	65884466	BASIC	10
16414261	65884703	MEC CHECK CONFIRMED	7
16414262	65884753	YES	1
16414263	65884753	YES	2
16414264	65884821	MEC CHECK CONFIRMED	7
16414265	65885826	COVERED FARM VEHICLE	5
16414270	65885938	C	10
16414272	65886100	C	10
16414273	65886124	C	10
16414274	65886125	C	10
16414275	65886126	C	10
16414276	65886127	C	10
16414277	65886228	C	10
16414278	65886229	C	10
16414279	65886230	C	10
16414280	65886231	C	10
16414281	65886248	C	10
16414282	65886249	C	10
16414284	65886347	C	10
16414286	65886349	C	10
16414287	65886360	C	10
16414288	65886361	C	10
16414290	65886380	C	10
16414291	65886382	C	10
16414292	65886383	C	10
16414293	65886384	C	10
16414295	65886415	CFV	4
16414296	65886450	C	10
16414297	65886451	C	10
16414298	65886452	C	10
16414299	65886453	C	10
16414300	65886546	C	10
16414301	65886547	C	10
16414302	65886585	QPOIT	1
16414375	65887532	MEC CHECK CONFIRMED VALID - SPILLMAN	7
16414376	65717089	MEC CHECK - NOT CONFIRMED	7
16414377	65887662	MEC - UNABLE TO VERIFY	7
16414378	65887667	MEC UNABLE TO VERIFY	7
16414379	65878410	I	1
16414380	65878411	I	1
16414382	65887690	I	1
16414383	65887698	I	1
16414386	65878420	I	1
16414387	65878421	I	1
16414388	65878422	I	1
16414389	65878423	I	1
16414390	65878424	I	1
16414391	65887752	I	1
16414392	65878425	I	1
16414393	65878426	I	1
16414394	65878427	I	1
16414395	65878428	I	1
16414396	65887758	I	1
16414398	65887760	I	1
16414399	65887761	I	1
16414401	65887763	I	1
16414402	65887764	I	1
16414404	65856034	SB	1
16414405	65892322	SB	1
16414406	65855989	SB	1
16414416	65892333	SB	1
16414419	65855946	SB	1
16414420	65892337	SB	1
16414422	65892339	SB	1
16414426	65822429	SB	1
16414429	65892350	SB	1
16414430	65892362	SB	1
16414431	65892363	SB	1
16414432	65892370	SB	1
16414440	65856061	SB	1
16414441	65856217	1824	1
16414443	65892920	MEC CHECK-CONFIRMED	7
16414444	65892930	MEC-CONFIRMED	7
16414445	65892933	TM40	1
16414446	65892934	TM40	1
16414448	65892936	TM40	1
16414449	65892947	TM40	1
16414450	65892948	TM40	1
16414451	65892949	TM40	1
16414454	65892955	TM40	1
16414457	65892958	TM40	1
16414458	65892959	TM40	1
16414459	65892960	TM40	1
16414460	65583512	T198	1
16414461	65892967	TM40	1
16414463	65892969	TM40	1
16414466	65892991	TM40	1
16414467	65892992	TM40	1
16414468	65892993	TM40	1
16414469	65892994	TM40	1
16414470	65892996	TM40	1
16414471	65892997	TM40	1
16414472	65892998	TM40	1
16414473	65892999	TM40	1
16414474	65893002	TM40	1
16414475	65893003	TM40	1
16414477	65893005	TM40	1
16414478	65893009	TM40	1
16414479	65792047	T643	1
16414480	65792048	T643	1
16414481	65823254	TM40	1
16414484	65893015	TM40	1
16414485	65893016	TM40	1
16414487	65893021	TM40	1
16414488	65893022	TM40	1
16414491	65893025	TM40	1
16414493	65893030	TM40	1
16414494	65893031	TM40	1
16414495	65893032	T198	1
16414497	65893040	T198	1
16414498	65893041	T198	1
16414500	65893051	T198	1
16414501	65893052	TM40	1
16414502	65893053	TM40	1
16414503	65893054	TM40	1
16414504	65893055	TM40	1
16414505	65893056	TM40	1
16414506	65893057	TM40	1
16414509	65893064	TM40	1
16414510	65893065	TM40	1
16414511	65893066	TM40	1
16414513	65893067	TM40	1
16414514	65893068	TM40	1
16414517	65758849	T198	1
16414518	65791790	TM40	1
16414519	65893079	TM40	1
16414520	65893080	TM40	1
16414521	65893081	TM40	1
16414523	65566357	TM40	1
16414524	65633827	TM40	1
16414525	65893083	T198	1
16414527	65893085	T198	1
16414528	65893086	T198	1
16414529	65893087	T198	1
16414530	65893088	T198	1
16414532	65893090	T198	1
16414533	65583467	T198	1
16414535	65893098	T198	1
16414537	65792028	TM40	1
16414539	65893103	TM40	1
16414540	65596484	T198	1
16414542	65893125	TM40	1
16414543	65566255	TM40	1
16414545	65893128	TM40	1
16414546	65893129	TM40	1
16414549	65893141	TM40	1
16414550	65893142	TM40	1
16414551	65893143	TM40	1
16414552	65893148	TM40	1
16414553	65893149	TM40	1
16414555	65893162	TM40	1
16414556	65893163	TM40	1
16414559	65893180	TM40	1
16414560	65893181	TM40	1
16414561	65893182	TM40	1
16414565	65893191	TM40	1
16414566	65893192	TM40	1
16414567	65893193	TM40	1
16414568	65893195	TM40	1
16414569	65893196	TM40	1
16414570	65893197	TM40	1
16414571	65893198	TM40	1
16414572	65893203	TM40	1
16414573	65893204	TM40	1
16414574	65893205	TM40	1
16414575	65893206	TM40	1
16414576	65791804	TM40	1
16414577	65791806	TM40	1
16414578	65893211	TM40	1
16414579	65893215	TM40	1
16414580	65893216	TM40	1
16414581	65893217	TM40	1
16414582	65893218	TM40	1
16414586	65893231	TM40	1
16414587	65893232	TM40	1
16414588	65893233	TM40	1
16414590	65893235	TM40	1
16414591	65893257	TM40	1
16414592	65893258	TM40	1
16414593	65893259	TM40	1
16414594	65893260	TM40	1
16414597	65893276	TM40	1
16414598	65893277	TM40	1
16414599	65893278	TM40	1
16414601	65893301	TM40	1
16414602	65893302	TM40	1
16414604	65566503	TM40	1
16414605	65893312	TM40	1
16414606	65893313	TM40	1
16414607	65893314	TM40	1
16414608	65893318	TM40	1
16414609	65893319	TM40	1
16414610	65893320	TM40	1
16414611	65893325	TM40	1
16414612	65893326	TM40	1
16414614	65893336	TM40	1
16414615	65893337	TM40	1
16414616	65893342	TM40	1
16414617	65893343	TM40	1
16414618	65893344	TM40	1
16414623	65566464	TM40	1
16414624	65893362	TM40	1
16414625	65893363	TM40	1
16414630	65823471	TM40	1
16414631	65893372	TM40	1
16414632	65893373	TM40	1
16414633	65893374	TM40	1
16414635	65893380	TM40	1
16414636	65893385	TM40	1
16414637	65893386	TM40	1
16414638	65893387	TM40	1
16414639	65893388	TM40	1
16414640	65893389	TM40	1
16414641	65893390	TM40	1
16414643	65893392	T999	1
16414649	65893413	TM40	1
16414650	65893414	TM40	1
16414651	65893415	TM40	1
16414652	65893422	TM40	1
16414653	65893423	TM40	1
16414654	65893430	TM40	1
16414655	65893431	TM40	1
16414656	65893432	TM40	1
16414657	65893436	TM40	1
16414659	65893438	TM40	1
16414660	65893439	TM40	1
16414661	65893703	VERIFIED	7
16414662	65893705	MEC CHECK VERIFIED	7
16414663	65893706	MEC CHECK VERIFIED	7
16414664	65893707	MEC CHECK VERIFIED	7
16414665	65893763	VERIFIED	7
16414666	65893764	VERIFIED	7
16414667	65893765	NOT VERIFIED	7
16414668	65893870	99=-9-[	2
16414669	65893921	1	1
16414670	65894827	GAS2019	1
16414671	65894841	PRIORITY17	1
16414672	65894841	MEC CHECK-CONFIRMED	7
16414673	65894842	PRIORITY17	1
16414674	65894842	MEC CHECK-CONFIRMED	7
16414675	65894843	PRIORITY17	1
16414676	65894843	MEC CHECK-CONFIRMED	7
16414677	65894844	PRIORITY17	1
16414678	65894844	MEC CHECK-CONFIRMED	7
16414679	65894845	PRORITY17	1
16414681	65894876	TPK18	3
16414682	65894879	TPK18	3
16414683	65894883	TPK18	3
16414686	65894889	PRIORITY17	1
16414688	65894895	PRIORITY17	1
16414692	65894915	GAS2019	1
16414694	65894933	MEC CHECK-CONFIRMED	7
16414695	65894934	MEC CHECK-CONFIRMED	7
16414696	65894937	PRIORITY17	1
16414697	65894937	MEC CHECK-CONFIRMED	7
16414699	65895021	MED CHECK CONFIRMED 2-11-2019@1025	7
16414702	65825170	MEC CHECK-CONFIRMED	7
16414703	65895630	BASIC	10
16414704	65895631	BASIC	10
16414705	65895632	BASIC	10
16414706	65895633	BASIC	10
16414707	65895634	BASIC	10
16414708	65895635	BASIC	10
16414709	65895636	BASIC	10
16414710	65895637	BASIC	10
16414711	65895638	BASIC	10
16414712	65884290	BASIC	10
16414713	65895640	BASIC	10
16414714	65895641	BASIC	10
16414716	65895643	BASIC	10
16414717	65895644	BASIC	10
16414719	65792948	BASIC	10
16414721	65895656	MEC CHECK-CONFIRMED	7
16414723	65884392	10000  14000	9
16414724	65895661	BASIC	10
16414725	65895662	BASIC	10
16414726	65780524	BASIC	10
16414727	65826283	BASIC	10
16414728	65895666	14000 9950	9
16414730	65780564	BASIC	10
16414731	65826237	BASIC	10
16414732	65859247	BASIC	10
16414734	65895673	BASIC	10
16414735	65895675	BASIC	10
16414736	65711419	BASIC	10
16414737	65895676	BASIC	10
16414738	65895677	BASIC	10
16414739	65895678	BASIC	10
16414741	65895680	BASIC	10
16414743	65895682	BASIC	10
16414744	65895683	BASIC	10
16414745	65895686	BASIC	10
16414747	65895688	BASIC	10
16414748	65895689	BASIC	10
16414749	65792846	BASIC	10
16414750	65895691	BASIC	10
16414751	65884257	BASIC	10
16414752	65728518	BASIC	10
16414753	65859129	BASIC	10
16414754	65859131	BASIC	10
16414755	65895696	BASIC	10
16414756	65895697	BASIC	10
16414757	65895698	BASIC	10
16414758	65873890	BASIC	10
16414759	65895702	BASIC	10
16414760	65728531	BASIC	10
16414761	65772164	BASIC	10
16414762	65780604	BASIC	10
16414763	65814111	BASIC	10
16414764	65839387	BASIC	10
16414765	65839390	BASIC	10
16414766	65859041	BASIC	10
16414767	65895714	BASIC	10
16414769	65895716	BASIC	10
16414770	65884243	BASIC	10
16414771	65884244	BASIC	10
16414773	65895717	BASIC	10
16414774	65895721	BASIC	10
16414776	65895723	BASIC	10
16414777	65895724	BASIC	10
16414778	65895725	BASIC	10
16414779	65895726	BASIC	10
16414780	65895727	BASIC	10
16414783	65746229	BASIC	10
16414784	65759973	BASIC	10
16414785	65814196	BASIC	10
16414786	65895732	BASIC	10
16414787	65895733	BASIC	10
16414788	65895734	BASIC	10
16414789	65884286	BASIC	10
16414790	65895737	BASIC	10
16414791	65895738	BASIC	10
16414792	65895739	BASIC	10
16414793	65895740	BASIC	10
16414794	65895741	BASIC	10
16414795	65895742	BASIC	10
16414796	65895743	BASIC	10
16414797	65895747	BASIC	10
16414799	65859056	BASIC	10
16414801	65780633	BASIC	10
16414802	65814204	BASIC	10
16414803	65826100	BASIC	10
16414804	65895753	BASIC	10
16414805	65685953	BASIC	10
16414806	65826156	BASIC	10
16414807	65839461	BASIC	10
16414808	65859085	BASIC	10
16414810	65884358	BASIC	10
16414811	65884380	BASIC	10
16414812	65895757	BASIC	10
16414815	65895762	BASIC	10
16414817	65672762	BASIC	10
16414818	65826018	BASIC	10
16414819	65826019	BASIC	10
16414823	65895771	BASIC	10
16414826	65859206	BASIC	10
16414827	65895774	BASIC	10
16414828	65895776	BASIC	10
16414830	65895778	BASIC	10
16414831	65895779	BASIC	10
16414832	65884334	BASIC	10
16414833	65895784	BASIC	10
16414834	65895785	BASIC	10
16414835	65895786	BASIC	10
16414836	65772216	BASIC	10
16414837	65802493	BASIC	10
16414838	65873704	BASIC	10
16414839	65895788	BASIC	10
16414841	65895790	BASIC	10
16414842	65884297	BASIC	10
16414846	65873782	BASIC	10
16414851	65874259	FARM	3
16414852	65896269	YES	1
16414853	65896269	YES	2
16414857	65896490	YES	1
16414858	65896490	YES	2
16414859	65896493	YES	1
16414860	65896493	YES	2
16414861	65896495	YES	1
16414862	65896495	YES	2
16414863	65896519	YES	1
16414864	65896519	YES	2
16414865	65896544	YES	1
16414866	65896544	YES	2
16414869	65898540	C	10
16414870	65898541	C	10
16414871	65898542	C	10
16414872	65898543	C	10
16414873	65898548	C	10
16414874	65898549	C	10
16414876	65898551	C	10
16414879	65898567	C	10
16414880	65898576	C	10
16414881	65898600	C	10
16414882	65898601	C	10
16414884	65898617	C	10
16414885	65898618	C	10
16414886	65898619	C	10
16414887	65898624	C	10
16414888	65898625	C	10
16414889	65898626	C	10
16414890	65898627	C	10
16414891	65898651	C	10
16414892	65898660	C	10
16414893	65898661	C	10
16414895	65898663	C	10
16414896	65898672	C	10
16414897	65898673	C	10
16414898	65898674	C	10
16414899	65898675	C	10
16414900	65898680	C	10
16414902	65898682	C	10
16414903	65898683	C	10
16414904	65898727	C	10
16414905	65898729	C	10
16414906	65898730	C	10
16414907	65898731	C	10
16414908	65898732	C	10
16414909	65898737	C	10
16414910	65898738	C	10
16414911	65898739	C	10
16414912	65898740	C	10
16414913	65898741	C	10
16414914	65898742	C	10
16414915	65898743	C	10
16414916	65898744	C	10
16414917	65898745	C	10
16414918	65898746	C	10
16414919	65898747	C	10
16414920	65898751	C	10
16414921	65898752	C	10
16414922	65898753	C	10
16414923	65898754	C	10
16414924	65898755	C	10
16414925	65898756	C	10
16414926	65898757	C	10
16414927	65898758	C	10
16414929	65898765	C	10
16414930	65898766	C	10
16414932	65898768	C	10
16414933	65898769	C	10
16414935	65898771	C	10
16414936	65898784	C	10
16414937	65898785	C	10
16414938	65898786	C	10
16414939	65898787	C	10
16414940	65898882	C	10
16414942	65898891	C	10
16414943	65898892	C	10
16414944	65898893	C	10
16414945	65898894	C	10
16414946	65898898	C	10
16414952	65898907	C	10
16414953	65898908	C	10
16414955	65898910	C	10
16414957	65898916	C	10
16414960	65898921	C	10
16414961	65898923	C	10
16414962	65898929	C	10
16414963	65898930	C	10
16414964	65898951	C	10
16414965	65898952	C	10
16414966	65898969	C	10
16414968	65899017	C	10
16414970	65899019	C	10
16414972	65899021	C	10
16414973	65899022	C	10
16414974	65899023	C	10
16414975	65899024	C	10
16414977	65899903	FARM	3
16414978	65899907	3200	1
16414979	65899908	3206	1
16414980	65899909	3206	1
16414989	65899912	3206	1
16414990	65899913	3206	1
16414993	65899963	3206	1
16414994	65899964	3206	1
16414995	65899971	3206	1
16415005	65863112	I	1
16415006	65863125	I	1
16415007	65785883	I	1
16415009	65901572	I	1
16415010	65901573	I	1
16415011	65901574	I	1
16415012	65901575	I	1
16415013	65901591	I	1
16415014	65901593	I	1
16415015	65775541	I	1
16415016	65901597	I	1
16415017	65843887	I	1
16415020	65901922	FARM	3
16415021	65902012	FARM	3
16415023	65902980	YES	5
16415024	65906655	518	1
16415025	65906672	518	1
16415026	65906716	518	1
16415027	65906717	518	1
16415028	65906718	518	1
16415029	65906725	518	1
16415031	65906727	518	1
16415032	65906728	518	1
16415033	65906729	518	1
16415034	65906730	518	1
16415035	65906731	518	1
16415036	65906732	518	1
16415037	65906733	518	1
16415038	65906734	518	1
16415039	65906762	518	1
16415040	65906763	518	1
16415041	65906764	518	1
16415042	65906765	518	1
16415043	65906766	518	1
16415044	65906767	518	1
16415045	65906768	518	1
16415046	65906773	518	1
16415047	65906774	518	1
16415048	65906775	518	1
16415049	65906776	518	1
16415050	65906777	518	1
16415051	65906778	518	1
16415052	65906779	518	1
16415053	65906780	518	1
16415054	65906809	518	1
16415055	65906810	518	1
16415056	65906840	518	1
16415057	65906841	518	1
16415058	65906842	518	1
16415059	65906843	518	1
16415060	65906844	518	1
16415061	65906845	518	1
16415062	65906846	518	1
16415063	65906847	518	1
16415064	65906868	518	1
16415065	65906869	518	1
16415066	65906870	518	1
16415067	65906871	518	1
16415068	65906872	518	1
16415069	65906873	518	1
16415070	65906874	518	1
16415071	65906887	518	1
16415072	65906888	518	1
16415073	65906889	518	1
16415074	65906890	518	1
16415076	65907055	4	1
16415077	65907056	4	1
16415079	65907059	1	1
16415080	65907060	1	1
16415082	65907062	1	1
16415083	65907063	1	1
16415084	65907064	1	1
16415085	65907065	1	1
16415087	65907067	2	1
16415088	65907068	2	1
16415089	65907069	2	1
16415091	65907071	1	1
16415093	65907073	1	1
16415097	65907079	5	1
16415098	65907080	5	1
16415099	65907081	5	1
16415100	65907082	5	1
16415101	65907083	1	1
16415103	65907093	2	1
16415105	65907095	2	1
16415106	65907096	2	1
16415107	65907097	2	1
16415108	65907098	2	1
16415110	65907100	1	1
16415116	65907109	2	1
16415123	65907112	1	1
16415125	65907114	1	1
16415126	65907115	1	1
16415127	65907116	2	1
16415130	65907119	2	1
16415132	65907121	1	1
16415135	65907124	2	1
16415137	65907126	2	1
16415138	65907127	2	1
16415142	65907132	2	1
16415143	65907133	2	1
16415145	65907135	2	1
16415146	65907136	2	1
16415147	65907137	2	1
16415148	65907138	2	1
16415149	65907139	2	1
16415151	65907141	2	1
16415152	65907144	1	1
16415153	65907145	1	1
16415154	65907146	2	1
16415155	65907147	1	1
16415159	65907152	2	1
16415162	65907155	2	1
16415164	65907157	2	1
16415165	65907158	2	1
16415166	65907159	2	1
16415169	65907162	1	1
16415170	65907163	2	1
16415172	65907165	2	1
16415175	65907168	1	1
16415176	65907169	1	1
16415177	65907170	2	1
16415178	65907171	2	1
16415180	65907175	2	1
16415181	65907176	2	1
16415182	65907177	1	1
16415183	65907178	1	1
16415187	65907185	2	1
16415188	65907186	2	1
16415189	65907187	2	1
16415194	65907190	2	1
16415195	65907191	2	1
16415196	65907192	2	1
16415197	65907193	2	1
16415201	65907197	5	1
16415206	65907202	5	1
16415209	65907206	2	1
16415210	65907207	2	1
16415214	65907211	4	1
16415217	65907214	2	1
16415218	65907215	1	1
16415219	65907216	1	1
16415220	65907217	1	1
16415223	65907220	4	1
16415225	65565284	2	1
16415229	65907229	1	1
16415230	65582679	2	1
16415233	65582681	2	1
16415234	65683425	2	1
16415237	65907239	4	1
16415239	65907242	2	1
16415242	65907250	2	1
16415243	65907251	2	1
16415245	65907253	2	1
16415250	65907262	2	1
16415256	65907272	2	1
16415257	65907273	2	1
16415264	65907280	1	1
16415267	65907286	2	1
16415268	65907287	2	1
16415269	65907288	2	1
16415271	65907290	1	1
16415272	65907291	1	1
16415277	65907298	5	1
16415279	65907300	1	1
16415281	65907301	2	1
16415283	65907303	2	1
16415284	65907304	1	1
16415287	65907307	6	1
16415291	65856215	1824	1
16415292	65838103	TPK18	3
16415293	65908139	TPK18	3
16415296	65908146	PRIORITY17	1
16415298	65908148	PRIORITY17	1
16415299	65908149	PRIORITY17	1
16415300	65671458	TPK18	3
16415301	65908163	PRIORITY 17	1
16415302	65872652	TIMBER19	1
16415303	65908181	PRIORITY 17	1
16415304	65908182	PRIORITY 17	1
16415305	65908184	PRIORITY 17	1
16415306	65872661	MEC CHECK-CONFIRMED	7
16415308	65908187	MEC CHECK-CONFIRMED	7
16415309	65908188	PRIORITY17	1
16415310	65908189	PRIORITY17	1
16415311	65908191	PRIORITY17	1
16415313	65838141	GAS2019	1
16415314	65872812	GAS2019	1
16415315	65908202	PRIORITY17	1
16415316	65908203	PRIORITY17	1
16415318	65908205	PRIORITY17	1
16415319	65908206	PRIORITY17	1
16415320	65908215	PRIORITY17	1
16415321	65908216	PRIORITY17	1
16415322	65908216	MEC CHECK NO CONTACT	7
16415323	65908217	PRIORITY17	1
16415324	65908217	MEC CHECK CONFIRMED	7
16415326	65908221	PRIORITY 17	1
16415327	65908222	PRIORITY17	1
16415328	65872751	GAS2019	1
16415329	65872751	MED CHECKED - CONFIRMED	7
16415330	65908230	MED CHECKED - CONFIRMED	7
16415331	65556309	TPK18	3
16415332	65801369	TPK18	3
16415333	65838102	TPK18	3
16415334	65908261	11300	9
16415335	65908261	HW	10
16415336	65801524	MEC-CONFIRMED	7
16415337	65894977	MEC- NOT CONFIRMED	7
16415338	65908595	MX	10
16415339	65908615	MX	10
16415340	65908628	MX	10
16415341	65908629	MX	10
16415343	65859235	BASIC	10
16415344	65745961	BASIC	10
16415345	65685764	BASIC	10
16415346	65711537	BASIC	10
16415347	65909007	BASIC	10
16415348	65884341	BASIC	10
16415350	65909009	BASIC	10
16415351	65909010	BASIC	10
16415352	65909011	BASIC	10
16415353	65909012	BASIC	10
16415354	65909018	BASIC	10
16415355	65909019	BASIC	10
16415357	65909033	BASIC	10
16415358	65909034	BASIC	10
16415360	65909035	BASIC	10
16415361	65909036	BASIC	10
16415362	65909037	BASIC	10
16415364	65909046	BASIC	10
16415366	65909048	BASIC	10
16415368	65711569	BASIC	10
16415369	65839460	BASIC	10
16415370	65884302	BASIC	10
16415371	65884355	BASIC	10
16415372	65909058	BASIC	10
16415373	65909059	BASIC	10
16415374	65909060	BASIC	10
16415375	65909061	BASIC	10
16415376	65909062	BASIC	10
16415377	65909063	BASIC	10
16415378	65909064	BASIC	10
16415380	65909069	BASIC	10
16415381	65543831	BASIC	10
16415382	65792878	BASIC	10
16415385	65909077	BASIC	10
16415386	65909078	BASIC	10
16415389	65909081	BASIC	10
16415391	65814258	BASIC	10
16415392	65909095	BASIC	10
16415393	65909097	BASIC	10
16415394	65814183	BASIC	10
16415395	65909100	BASIC	10
16415399	65909111	BASIC	10
16415400	65909112	BASIC	10
16415401	65826065	BASIC	10
16415402	65859054	BASIC	10
16415404	65909116	BASIC	10
16415405	65598659	MEC CHECK-CONFIRMED	7
16415406	65909117	BASIC	10
16415407	65909118	BASIC	10
16415408	65909119	BASIC	10
16415409	65884357	BASIC	10
16415410	65909120	BASIC	10
16415411	65909121	BASIC	10
16415412	65909122	BASIC	10
16415413	65543832	BASIC	10
16415414	65909125	BASIC	10
16415415	65672670	MEC CHECK-CONFIRMED	7
16415418	65909127	BASIC	10
16415419	65909128	BASIC	10
16415420	65909129	BASIC	10
16415422	65909134	BASIC	10
16415423	65909136	BASIC	10
16415425	65685748	BASIC	10
16415427	65909139	BASIC	10
16415428	65909140	BASIC	10
16415429	65909141	BASIC	10
16415430	65909142	BASIC	10
16415431	65909143	BASIC	10
16415432	65909144	BASIC	10
16415433	65909145	BASIC	10
16415435	65909148	MEC CHECK-CONFIRMED	7
16415436	65909149	MEC CHECK-CONFIRMED	7
16415437	65909151	MEC CHECK-CONFIRMED	7
16415438	65909152	BASIC	10
16415439	65839498	BASIC	10
16415440	65909158	BASIC	10
16415441	65909159	BASIC	10
16415442	65909163	BASIC	10
16415443	65909164	BASIC	10
16415445	65909167	BASIC	10
16415446	65909168	BASIC	10
16415447	65909169	BASIC	10
16415448	65909170	BASIC	10
16415449	65909182	BASIC	10
16415452	65909185	BASIC	10
16415453	65909186	BASIC	10
16415454	65909187	BASIC	10
16415455	65909188	BASIC	10
16415457	65909192	BASIC	10
16415459	65873929	BASIC	10
16415460	65909194	BASIC	10
16415461	65909195	BASIC	10
16415462	65543976	BASIC	10
16415463	65623905	BASIC	10
16415464	65895792	BASIC	10
16415465	65909200	BASIC	10
16415467	65909202	BASIC	10
16415468	65909203	BASIC	10
16415469	65909204	BASIC	10
16415470	65909206	BASIC	10
16415471	65909207	BASIC	10
16415472	65909208	BASIC	10
16415473	65909209	BASIC	10
16415474	65909210	BASIC	10
16415475	65909211	BASIC	10
16415478	65909216	BASIC	10
16415480	65909219	BASIC	10
16415481	65909220	BASIC	10
16415483	65909222	BASIC	10
16415484	65909223	BASIC	10
16415485	65909775	MEC CHECK CONFIRMED	7
16415486	65909860	YES	1
16415487	65909860	YES	2
16415488	65910027	YES	1
16415489	65910027	YES	2
16415492	65545914	MEC CHECK-NO CONTACT	7
16415495	65910448	HIGH PRIORITY OIL 2019	1
16415496	65910449	HIGH PRIORITY 2019	1
16415497	65910450	HIGH PRIORITY 2019	1
16415498	65910491	HIGH PRIORITY 2019	1
16415499	65910565	HIGH PRIORITY 2019	1
16415500	65910566	HIGH PRIORITY 2019	1
16415504	65912226	MEC: 04/04/2020	7
16415505	65912227	MEC: 05/16/2019	7
16415506	65912228	MEC: 05/08/2019	7
16415507	65912229	MEC: 12/13/2020	7
16415508	65912230	MEC: 10/02/2020	7
16415509	65912231	MEC: 06/27/2019	7
16415510	65912232	MEC: 11/14/2019	7
16415511	65912233	MEC: 07/12/2019	7
16415512	65912234	MEC: 12/21/2019	7
16415513	65912235	MEC: 04/16/2019	7
16415514	65912236	MEC: 06/15/2020	7
16415515	65912237	MEC: 02/06/2019	7
16415516	65912238	MEC: 05/18/2020	7
16415517	65912239	MEC: 06/27/2019	7
16415518	65912240	MEC: 06/15/2020	7
16415519	65912241	MEC: NONE	7
16415520	65912242	MEC: 11/26/2020	7
16415521	65912243	MEC: 12/10/2020	7
16415522	65912244	MEC: 05/08/2019	7
16415523	65912245	MEC: 08/08/2019	7
16415524	65912246	MEC: 08/06/2020	7
16415525	65912247	MEC: 10/17/2020	7
16415526	65912248	MEC: 12/20/2020	7
16415527	65912249	MEC: NONE	7
16415528	65912250	MEC: 09/22/2019	7
16415529	65912251	MEC: 11/01/2020	7
16415530	65912252	MEC: 08/17/2019	7
16415534	65604094	MEDICAL: 08/14/2019	7
16415535	65912254	MEC: 09/05/2019	7
16415536	65912255	MEC: 10/02/2020	7
16415537	65661905	MEC: NOT IN POSSESION	7
16415538	65661914	MEC: 09/15/2019	7
16415539	65912256	MEC 01/27/2019	7
16415540	65912257	MEC: 02/08/2020	7
16415541	65912258	MEC: 11/14/2019	7
16415542	65912259	MEC: 05/04/2020	7
16415543	65912260	MEC: 06/22/2019	7
16415544	65912261	MEC: 02/01/2020	7
16415545	65661930	MEDICAL: 02/13/2019	7
16415547	65912263	MEC: 09/15/2019	7
16415548	65912264	MEC: 08/29/2019	7
16415549	65912265	MEC: 09/06/2020	7
16415550	65912266	MEC: 06/12/2019	7
16415551	65912267	MEC: 08/20/2020	7
16415552	65912268	MEC: 10/04/2019	7
16415564	65901904	FARM	3
16415565	65901844	FARM	3
16415567	65855939	SB	1
16415568	65870112	SB	1
16415570	65870091	SB	1
16415573	65882642	CELL PHONE	1
16415574	65855981	SB	1
16415575	65822417	SB	1
16415578	65916058	MEDICAL CARD CONFIRMED	7
16415580	65916137	MEDICAL CARD CONFIRMED	7
16415581	65916139	MEDICAL CARD CONFIRMED	7
16415582	65916141	MEDICAL CARD CONFIRMED	7
16415584	65916144	MEDICAL CARD CONFIRMED	7
16415588	65907264	2	1
16415591	65907199	1	1
16415593	65907208	2	1
16415594	65916150	4	1
16415595	65882864	3	1
16415597	65907061	1	1
16415598	65916161	1	1
16415599	65916162	1	1
16415601	65916168	1	1
16415603	65907105	2	1
16415605	65916174	1	1
16415607	65633616	MEC CHECK-NOT CONFIRMED	7
16415608	65916781	TM40	1
16415609	65916782	TM40	1
16415610	65916783	TM40	1
16415611	65916792	TM40	1
16415612	65916793	TM40	1
16415613	65916794	TM40	1
16415622	65917523	8600	9
16415623	65917523	HW	10
16415625	65780603	BASIC	10
16415626	65711381	BASIC	10
16415627	65920728	BASIC	10
16415628	65658382	BASIC	10
16415629	65672821	BASIC	10
16415630	65685763	BASIC	10
16415631	65598750	BASIC	10
16415633	65802531	BASIC	10
16415634	65920733	BASIC	10
16415635	65920734	BASIC	10
16415638	65745924	BASIC	10
16415640	65711366	BASIC	10
16415641	65920756	BASIC	10
16415643	65920765	BASIC	10
16415644	65920766	BASIC	10
16415645	65746128	BASIC	10
16415646	65746151	BASIC	10
16415647	65759911	BASIC	10
16415648	65895791	BASIC	10
16415649	65920770	BASIC	10
16415650	65920771	BASIC	10
16415651	65920772	BASIC	10
16415652	65920773	BASIC	10
16415653	65920776	BASIC	10
16415654	65920777	BASIC	10
16415655	65920778	BASIC	10
16415657	65920780	BASIC	10
16415658	65920781	BASIC	10
16415660	65772030	BASIC	10
16415661	65909115	BASIC	10
16415662	65920786	BASIC	10
16415668	65920792	BASIC	10
16415669	65920793	BASIC	10
16415672	65920796	BASIC	10
16415673	65920797	BASIC	10
16415674	65920799	BASIC	10
16415675	65920800	BASIC	10
16415676	65920801	BASIC	10
16415677	65920802	BASIC	10
16415678	65920803	BASIC	10
16415680	65920805	BASIC	10
16415681	65920806	BASIC	10
16415682	65920807	BASIC	10
16415684	65920809	BASIC	10
16415686	65920811	BASIC	10
16415687	65920812	BASIC	10
16415688	65920813	BASIC	10
16415689	65884447	BASIC	10
16415690	65920816	BASIC	10
16415691	65920817	BASIC	10
16415692	65711511	MEC CHECK-CONFIRMED	7
16415693	65746086	MEC CHECK-CONFIRMED	7
16415694	65920821	MEC CHECK-CONFIRMED	7
16415696	65746142	BASIC	10
16415697	65839530	BASIC	10
16415698	65920822	BASIC	10
16415699	65873871	BASIC	10
16415700	65745923	26200	9
16415701	65527755	BASIC	10
16415702	65543840	BASIC	10
16415703	65826236	BASIC	10
16415704	65873916	BASIC	10
16415705	65920827	BASIC	10
16415706	65920828	BASIC	10
16415707	65920829	BASIC	10
16415709	65920831	BASIC	10
16415710	65920832	BASIC	10
16415712	65793007	BASIC	10
16415713	65920834	BASIC	10
16415714	65909083	BASIC	10
16415715	65920840	BASIC	10
16415716	65920843	BASIC	10
16415717	65920844	BASIC	10
16415718	65920845	BASIC	10
16415719	65920846	BASIC	10
16415720	65920847	BASIC	10
16415721	65920864	BASIC	10
16415722	65920865	BASIC	10
16415723	65920866	BASIC	10
16415724	65611300	BASIC	10
16415725	65672768	BASIC	10
16415726	65598853	BASIC	10
16415728	65920868	BASIC	10
16415730	65792936	BASIC	10
16415731	65802608	BASIC	10
16415733	65920872	BASIC	10
16415734	65814103	BASIC	10
16415735	65873715	BASIC	10
16415736	65920873	BASIC	10
16415737	65658287	BASIC	10
16415738	65839383	BASIC	10
16415742	65920880	BASIC	10
16415743	65920882	BASIC	10
16415744	65920883	BASIC	10
16415745	65920884	BASIC	10
16415746	65920885	BASIC	10
16415747	65920886	BASIC	10
16415748	65920887	BASIC	10
16415749	65920888	BASIC	10
16415750	65920889	BASIC	10
16415751	65920890	BASIC	10
16415752	65611227	BASIC	10
16415753	65672682	BASIC	10
16415754	65859244	BASIC	10
16415755	65920893	BASIC	10
16415758	65839428	BASIC	10
16415759	65859233	BASIC	10
16415761	65920896	BASIC	10
16415762	65920897	BASIC	10
16415765	65921272	YES	1
16415766	65921272	YES	2
16415767	65921279	MEC CHECK CONFIRMED	7
16415768	65921320	YES	1
16415769	65921320	YES	2
16415770	65921369	L	1
16415771	65921421	MEC CHECK CONFIRMED	7
16415772	65921492	YES	1
16415773	65921492	YES	2
16415774	65921581	YES	1
16415775	65921581	YES	2
16415776	65921613	HIGH PRIORITY 2019	1
16415777	65921638	2019 HIGH PRIORITY OP	1
16415778	65921639	2019 HIGH PRIORITY OP	1
16415779	65921640	2019 HIGH PRIORITY OP	1
16415780	65921641	2019 HIGH PRIORITY OP	1
16415781	65921650	HIGH PPRIORITY 2019	1
16415782	65921654	2019 HIGH PRIORITY	1
16415783	65921655	2019 HIGH PRIORITY	1
16415784	65921673	HIGH PRIORITY 2019	1
16415785	65921682	HIGH PRIORITY 2019	1
16415786	65921683	HIGH PRIORITY 2019	1
16415787	65921684	HIGH PRIORITY 2019	1
16415788	65921707	2019 HIGH PRIORITY OP	1
16415789	65921708	2019 HIGH PRIORITY OP	1
16415790	65921709	2019 HIGH PRIORITY OP	1
16415791	65921710	2019 HIGH PRIORITY	1
16415792	65821728	HIGH PRIORITY 2019	1
16415793	65921731	HIGH PRIORITY OP 2019	1
16415794	65921770	2019 HIGH PRIORITY	1
16415795	65921771	2019 HIGH PRIORITY	1
16415798	65921776	HIGHT PRORIORITY 2019	1
16415799	65921777	HIGH PRIORITY 2019	1
16415800	65921786	HIGH PRIORITY OP 2019	1
16415801	65921788	HIGH PRIORITY OP 2019	1
16415802	65921832	HIGH PRIORITY 2019	1
16415803	65921852	HIGH PRIORITY OPS 2019	1
16415804	65921853	HIGH PRIORITY OPS 2019	1
16415805	65921854	HIGH PRIORITY OPS 2019	1
16415806	65921855	HIGH PRIORITY OPS 2019	1
16415807	65921860	HIGH PRIORITY 2019	1
16415809	65921862	HIGH PRIORITY 2019	1
16415810	65921863	HIGH PRIORITY 2019	1
16415811	65921880	HIGH PRIORITY OPS 2019	1
16415812	65921881	HIGH PRIORITY OPS 2019	1
16415813	65921882	HIGH PRIORITY OPS 2019	1
16415814	65921883	HIGH PRIORITY OPS 2019	1
16415815	65910579	HIGH PRIORTY 2019	1
16415816	65921921	HIGH PRIORITY 2019	1
16415817	65921922	HIGH PRIORITY 2019	1
16415818	65910408	HIGH PRIORTY OIL 2019	1
16415819	65910409	HIGH PRIORTY OIL 2019	1
16415820	65910580	HIGH PRIORITY 2019	1
16415821	65910581	HIGH PRIORITY 2019	1
16415822	65910582	HIGH PRIORITY 2019	1
16415823	65921991	HIGH PRIORITY OP 2019	1
16415824	65922044	2019 HIGH PRIORITY OP	1
16415825	65922045	2019 HIGH PRIORITY OP	1
16415826	65922074	2019 HIGH PRIORITY	1
16415827	65922098	2019 HIGH PRIORITY	1
16415828	65922099	2019 HIGH PRIORITY	1
16415830	65900879	FY17 HP TACT	1
16415831	65900896	FY17 HP TACT	1
16415838	65924376	FY17 HP TACT I40	1
16415839	65924377	FY17 HP TACT I40	1
16415840	65924411	FY17 HP TACT	1
16415841	65924412	FY17 HP TACT	1
16415842	65924413	FY17 HP TACT	1
16415843	65924557	FY17 HP TACT	1
16415845	65924559	FY17 HP TACT	1
16415846	65924560	FY17 HP TACT	1
16415847	65924588	FY17 HP TACT	1
16415848	65924589	FY17 HP TACT	1
16415849	65924590	FY17 HP TACT	1
16415850	65912385	I	1
16415851	65912386	I	1
16415852	65878412	I	1
16415853	65901571	I	1
16415855	65912382	I	1
16415856	65912393	I	1
16415858	65717252	I	1
16415859	65863031	I	1
16415860	65878419	I	1
16415861	65925161	I	1
16415862	65925162	I	1
16415863	65925164	I	1
16415864	65925165	I	1
16415865	65925166	I	1
16415866	65925167	I	1
16415867	65925168	I	1
16415869	65925180	I	1
16415870	65925189	I	1
16415871	65925190	I	1
16415872	65925192	I	1
16415873	65925193	I	1
16415874	65925198	I	1
16415876	65926341	YES	5
16415878	65856044	SB/DD	1
16415879	65822456	SB	1
16415881	65932330	SB	1
16415882	65932331	SB	1
16415884	65855976	SB	1
16415885	65932335	SB	1
16415886	65855924	SEAT BELT	1
16415888	65855930	SB	1
16415890	65882669	SB	1
16415892	65870106	SB	1
16415893	65855940	SB	1
16415895	65526406	SB	1
16415896	65855931	SB	1
16415901	65856035	S/B	1
16415902	65870115	S/B	1
16415903	65882639	SB	1
16415905	65932373	5	1
16415907	65932375	5	1
16415917	65932389	2	1
16415918	65932390	3	1
16415919	65932391	3	1
16415920	65932392	3	1
16415921	65932393	1	1
16415922	65932394	2	1
16415924	65932396	1	1
16415925	65932397	1	1
16415926	65932398	1	1
16415927	65932399	1	1
16415929	65932400	3	1
16415931	65932402	6	1
16415935	65932405	2	1
16415938	65932407	2	1
16415940	65932409	1	1
16415946	65932421	2	1
16415947	65932422	2	1
16415950	65932431	2	1
16415951	65932432	2	1
16415952	65932433	2	1
16415957	65932438	1	1
16415958	65932439	1	1
16415964	65932445	1	1
16415965	65932446	2	1
16415966	65932447	2	1
16415968	65932455	4	1
16415972	65932459	2	1
16415973	65932460	1	1
16415977	65932466	2	1
16415978	65932467	2	1
16415979	65932468	2	1
16415980	65932469	2	1
16415983	65932473	1	1
16415984	65932475	1	1
16415985	65932476	2	1
16415986	65932477	2	1
16415987	65932478	1	1
16415992	65932492	4	1
16415995	65932497	3	1
16415996	65932498	3	1
16415997	65932499	2	1
16416002	65932512	2	1
16416003	65932513	2	1
16416004	65932514	2	1
16416005	65932515	2	1
16416006	65932516	1	1
16416008	65932518	1	1
16416010	65932520	2	1
16416013	65932521	1	1
16416015	65932528	1	1
16416019	65893042	T198	1
16416021	65933178	T198	1
16416022	65933190	T198	1
16416023	65933191	T198	1
16416024	65933192	T198	1
16416025	65933193	T198	1
16416027	65933195	TM40	1
16416028	65933196	TM40	1
16416035	65933199	TM40	1
16416037	65933201	TM40	1
16416038	65933202	TM40	1
16416043	65916852	TM40	1
16416044	65916853	TM40	1
16416045	65916860	TM40	1
16416047	65916862	TM40	1
16416048	65916863	TM40	1
16416049	65933276	TM40	1
16416050	65933277	TM40	1
16416052	65655278	TM40	1
16416053	65933292	T198	1
16416054	65933293	T198	1
16416055	65933294	T198	1
16416057	65933299	TM40	1
16416058	65933300	TM40	1
16416059	65933301	TM40	1
16416060	65933302	TM40	1
16416061	65933321	T198	1
16416062	65933322	T198	1
16416063	65933323	T198	1
16416064	65933324	T198	1
16416065	65933325	T198	1
16416066	65933326	T198	1
16416069	65933341	TM40	1
16416070	65933342	TM40	1
16416071	65933343	TM40	1
16416074	65933363	T198	1
16416075	65933364	T198	1
16416076	65933365	T198	1
16416077	65933366	TM40	1
16416078	65933367	TM40	1
16416082	65933973	PRIORITY 17	1
16416083	65933974	PRIORITY 17	1
16416084	65933982	PRIORITY17	1
16416085	65933983	PRIORITY17	1
16416086	65933985	PRIORITY17	1
16416087	65894887	PRIORITY17	1
16416088	65894902	PRIORITY17	1
16416091	65934023	MEC CHECK-CONFIRMED	7
16416092	65934027	TIMBER19	1
16416093	65934036	PRIORITY17	1
16416094	65934037	PRIORITY17	1
16416095	65934041	GAS2019	1
16416096	65883657	GAS2019	1
16416097	65934046	PRIORITY17	1
16416098	65934046	MEC CHECK NO CONTACT	7
16416099	65934047	PRIORITY17	1
16416100	65934048	PRIORITY17	1
16416101	65894921	GAS2019	1
16416102	65883630	TPK18	3
16416104	65894855	TIMBER19	1
16416105	65934052	PRIORITY17	1
16416106	65934053	PRIORITY17	1
16416107	65934053	MEC CHECK CONFIRMED	7
16416109	65934058	TPK18	3
16416111	65934060	PRIORITY17	1
16416112	65934061	GAS2019	1
16416113	65934061	MED CHECKED - CONFIRMED	7
16416114	65934067	GAS2019	1
16416115	65934068	GAS2019	1
16416116	65934068	MED CHECKED - CONFIRMED	7
16416117	65934069	MED CHECKED - CONFIRMED	7
16416118	65934176	3600	9
16416119	65934176	HW	10
16416124	65934356	BASIC	10
16416125	65793022	BASIC	10
16416126	65934358	BASIC	10
16416127	65934359	BASIC	10
16416128	65934360	BASIC	10
16416129	65895642	BASIC	10
16416130	65934363	BASIC	10
16416134	65934364	BASIC	10
16416135	65934365	BASIC	10
16416136	65934366	BASIC	10
16416137	65934367	BASIC	10
16416138	65909079	BASIC	10
16416139	65934370	MEC CHECK-CONFIRMED	7
16416141	65934372	MEC CHECK-CONFIRMED	7
16416143	65934391	BASIC	10
16416144	65934395	BASIC	10
16416146	65934400	BASIC	10
16416147	65934402	MEC CHECK-CONFIRMED	7
16416148	65934403	MEC CHECK-CONFIRMED	7
16416152	65934413	BASIC	10
16416153	65934414	BASIC	10
16416157	65934429	BASIC	10
16416163	65934443	BASIC	10
16416166	65934446	BASIC	10
16416169	65728539	BASIC	10
16416170	65934447	BASIC	10
16416174	65934456	BASIC	10
16416179	65934459	BASIC	10
16416181	65934463	BASIC	10
16416185	65934467	BASIC	10
16416186	65934468	BASIC	10
16416187	65934469	BASIC	10
16416188	65934470	BASIC	10
16416189	65934471	BASIC	10
16416190	65934472	BASIC	10
16416191	65934473	BASIC	10
16416192	65814390	BASIC	10
16416195	65711688	BASIC	10
16416196	65934476	BASIC	10
16416198	65934479	BASIC	10
16416202	65934484	BASIC	10
16416203	65934485	BASIC	10
16416205	65934489	BASIC	10
16416206	65934490	BASIC	10
16416207	65934491	BASIC	10
16416209	65934504	BASIC	10
16416210	65934525	BASIC	10
16416211	65934529	BASIC	10
16416213	65934531	BASIC	10
16416214	65934532	BASIC	10
16416215	65839535	BASIC	10
16416217	65934552	BASIC	10
16416219	65934554	BASIC	10
16416224	65935326	YES	1
16416225	65935326	YES	2
16416226	65935340	MEC CHECK-CONFIRMED	7
16416227	65935385	MEC CHECK-NO CONTACT	7
16416228	65935393	YES	1
16416229	65935393	YES	2
16416230	65935528	YES	1
16416231	65935528	YES	2
16416232	65935539	MEC CHECK CONFIRMED	7
16416233	65935567	MEC CHECK CONFIRMED	7
16416236	65935666	HIGH PRIORITY 2019	1
16416237	65935667	HIGH PRIORITY 2019	1
16416238	65935675	HIGH PRIORITY 2019	1
16416239	65935676	HIGH PRIORITY 2019	1
16416240	65935685	HIGH PRIORITY OP 2019	1
16416241	65935686	HIGH PRIORITY OP 2019	1
16416242	65935688	HIGH PRIORITY 2019	1
16416243	65935690	HIGH PRIORITY 2019	1
16416244	65935701	HIGH PRIORITY 2019	1
16416246	65935708	HIGH PRIORITY OPS 2019	1
16416247	65935709	HIGH PRIORITY OPS 2019	1
16416248	65935710	HIGH PRIORITY OPS 2019	1
16416249	65935711	HIGH PRIORITY OPS 2019	1
16416250	65935713	HIGH PRIORITY OP 2019	1
16416251	65935714	HIGH PRIORITY OP 2019	1
16416252	65935739	HIGH PRIORITY OPS 2019	1
16416253	65935740	HIGH PRIORITY OPS 2019	1
16416254	65935742	HIGH PRIORITY OPS 2019	1
16416255	65935767	HIGH PRIORITY OPS 2019	1
16416256	65935768	HIGH PRIORITY OPS 2019	1
16416257	65935769	HIGH PRIORITY OPS 2019	1
16416258	65935770	HIGH PRIORITY OPS 2019	1
16416259	65935772	HIGH PRIORITY OP 2019	1
16416260	65935773	HIGH PRIORITY OP 2019	1
16416261	65935799	HIGH PRIORTY OPS 2019	1
16416262	65935800	HIGH PRIORITY OPS 2019	1
16416263	65935801	HIGH PRIORITY OPS 2019	1
16416264	65935802	HIGH PRIORITY OPS 2019	1
16416265	65935803	HIGH PRIORITY OP 2019	1
16416266	65935804	HIGH PRIORITY OP 2019	1
16416267	65935805	HIGH PRIORITY OP 2019	1
16416268	65935806	HIGH PRIORITY OP 2019	1
16416269	65821445	HIGH PRIORITY 2019	1
16416270	65935832	HIGH PRIORITY OPS 2019	1
16416271	65935833	HIGH PRIORITY OPS 2019	1
16416272	65794143	HIGH PRIORITY 2019	1
16416273	65821444	HIGH PRIORITY 2019	1
16416274	65821448	HIGH PRIORITY 2019	1
16416275	65821454	HIGH PRIORITY OP 2019	1
16416276	65821710	HIGH PRIORITY 2019	1
16416277	65922065	2019 HIGH PRIORITY IN SAN JUAN COUNTY	1
16416278	65922066	2019 HIGH PRIORITY IN SAN JUAN COUNTY	1
16416279	65921642	2019 HIGH PRIORITY IN SAN JUAN COUNTY	1
16416280	65921643	2019 HIGH PRIORITY IN SAN JUAN COUNTY	1
16416281	65820767	HIGH PRIORITY 2019	1
16416282	65935886	HIGH PRIORITY 2019	1
16416283	65935887	HIGH PRIORITY 2019	1
16416284	65921644	2019 HIGH PRIORITY IN SAN JUAN COUNTY	1
16416286	65921772	2019 HIGH PRIORITY IN SAN JUAN	1
16416287	65921773	2019 HIGH PRIORITY IN SAN JAUN	1
16416288	65935912	HIGH PRIORITY 2019	1
16416289	65935913	HIGH PRIORITY 2019	1
16416290	65935914	HIGH PRIORITY 2019	1
16416291	65935915	HIGH PRIORITY 2019	1
16416292	65821267	HIGH PRIORITY 2019	1
16416293	65821268	HIGH PRIORITY 2019	1
16416294	65935926	2019 HIGH PRIORITY IN SAN JUAN COUNTY	1
16416295	65935927	2019 HIGH PRIORITY IN SAN JUAN COUNTY	1
16416296	65935928	2019 HIGH PRIORITY IN SAN JUAN COUNTY	1
16416297	65935929	2019 HIGH PRIORITY IN SAN JUAN COUNTY	1
16416298	65935943	HIGH PRIORITY 2019	1
16416299	65935944	HIGH PRIORITY 2019	1
16416300	65935945	HIGH PRIORITY 2019	1
16416301	65935955	2019 HIGH PRIORITY	1
16416302	65935958	2019 HIGH PRIORITY	1
16416303	65935979	HIGH PRIORITY 2019	1
16416304	65935980	HIGH PRIORITY 2019	1
16416305	65935982	HIGH PRIORITY 2019	1
16416306	65935987	2019 HIGH PRIORITY	1
16416307	65935988	2019 HIGH PRIORITY	1
16416308	65935989	2019 HIGH PRIORITY	1
16416309	65935990	2019 HIGH PRIORITY	1
16416310	65935993	2019 HIGH PRIORITY	1
16416311	65936012	2019 HIGH PRIORITY	1
16416312	65936013	2019 HIGH PRIORITY	1
16416313	65936014	2019 HIGH PRIORITY	1
16416314	65936015	2019 HIGH PRIORITY	1
16416316	65936046	2019 HIGH PRIORITY	1
16416317	65936047	2019 HIGH PRIORITY	1
16416318	65936048	2019 HIGH PRIORITY	1
16416319	65936049	2019 HIGH PRIORITY	1
16416320	65803455	2019-02	1
16416321	65803497	2019-02	1
16416322	65803500	2019-02	1
16416323	65803509	2019-02	1
16416325	65936889	COVERED FARM VEHICLE	1
16416326	65730158	FARM VEHICLE	3
16416327	65937426	3206	1
16416328	65937427	3206	1
16416329	65937466	3206	1
16416330	65937467	3206	1
16416331	65937476	3206	1
16416332	65937477	3206	1
16416333	65937478	3206	1
16416334	65937479	3206	1
16416335	65937480	FARM	3
16416336	65937488	3206	1
16416337	65937489	3206	1
16416338	65937490	3206	1
16416339	65937491	3206	1
16416340	65937538	3206	1
16416341	65937539	3206	1
16416342	65877177	FARM	4
16416343	65938701	I	1
16416345	65938710	I	1
16416346	65938711	I	1
16416347	65938712	I	1
16416348	65938713	I	1
16416349	65938722	I	1
16416351	65938732	I	1
16416352	65785728	I	1
16416353	65938737	I	1
16416355	65938739	I	1
16416356	65938750	I	1
16416357	65938751	I	1
16416358	65938752	I	1
16416359	65938755	I	1
16416360	65938756	I	1
16416361	65938758	I	1
16416362	65938936	NQV	8
16416363	65938937	NQV	8
16416364	65938998	MED CHECK VERIFIED	7
16416365	65939009	OIL PRODUCTION CMV	6
16416366	65939030	FARM	3
16416368	65882643	SEAT BELT	1
16416371	65526369	SB	1
16416372	65892328	SB	1
16416375	65943145	SB	1
16416376	65943146	SB	1
16416380	65526448	SB	1
16416382	65943158	SB	1
16416383	65526449	SB	1
16416386	65856054	SB	1
16416390	65526427	S/B	1
16416391	65892335	S/B	1
16416393	65892375	SB	1
16416394	65882658	SB	1
16416395	65943174	SB	1
16416396	65943176	SB	1
16416398	65526444	SB	1
16416399	65943327	MEDICAL CARD CONFIRMED	7
16416401	65943336	MEDICAL CARD CONFIRMED	7
16416402	65943337	MEDICAL CERTIFICATE CONFIRMED	7
16416403	65943346	MEDICAL CARD CONFIRMED	7
16416406	65943352	1	1
16416413	65943365	2	1
16416414	65943366	2	1
16416415	65943367	2	1
16416416	65943368	2	1
16416417	65943369	4	1
16416420	65943373	2	1
16416421	65943375	1	1
16416422	65943376	2	1
16416424	65943378	2	1
16416426	65943381	4	1
16416427	65943382	5	1
16416428	65943383	5	1
16416429	65943384	5	1
16416430	65943385	2	1
16416431	65943386	2	1
16416434	65943389	2	1
16416435	65943390	2	1
16416438	65943393	5	1
16416439	65943394	5	1
16416440	65943397	4	1
16416442	65943399	2	1
16416443	65943400	2	1
16416444	65943402	1	1
16416445	65943407	2	1
16416447	65943408	1	1
16416448	65943410	1	1
16416449	65943414	2	1
16416450	65943415	2	1
16416451	65943416	2	1
16416452	65943417	2	1
16416453	65943422	2	1
16416454	65943423	2	1
16416455	65943424	2	1
16416459	65943428	2	1
16416460	65943429	1	1
16416461	65709281	T198	1
16416464	65893023	TM40	1
16416466	65944053	T198	1
16416469	65944056	TM40	1
16416470	65944057	T198	1
16416471	65944058	T198	1
16416472	65944059	T198	1
16416474	65944068	T198	1
16416475	65944069	T198	1
16416477	65944074	T198	1
16416481	65944095	62820	9
16416482	65944095	HW	10
16416486	65709363	TM40	1
16416488	65944177	TM40	1
16416489	65944178	TM40	1
16416490	65944179	TM40	1
16416492	65893234	TM40	1
16416493	65944192	TM40	1
16416494	65944193	TM40	1
16416495	65944194	TM40	1
16416499	65944233	T999	1
16416500	65944242	MEC CHECK-CONFIRMED	7
16416501	65944357	MED CHECKED - CONFIRMED	7
16416502	65944358	MEC CHECK - CONFIRMED	7
16416503	65944359	MEC CHECK - CONFIRMED	7
16416505	65908147	PRIORITY17	1
16416506	65894897	PRIORITY17	1
16416507	65908185	MEC CHECK-CONFIRMED	7
16416508	65944400	MEC CHECK-CONFIRMED	7
16416509	65944401	MEC CHECK-CONFIRMED	7
16416511	65944404	PRIORITY17	1
16416512	65883625	TPK18	3
16416513	65944409	MEC CHECK-CONFIRMED	7
16416520	65944417	TPK18	3
16416522	65944423	PRIORITY17	1
16416523	65944424	PRIORITY17	1
16416524	65944425	PRIORITY17	1
16416525	65944429	GAS2019	1
16416526	65944430	GAS2019	1
16416527	65944515	MED CHECK CONFIRMED 2-15-19@0952	7
16416528	65944516	MED CHECK CONFIRMED 2-15-2019@1258	7
16416531	65945168	RADAR	1
16416532	65945173	RADAR	1
16416534	65945758	PE	1
16416536	65946038	BASIC	10
16416537	65946039	BASIC	10
16416539	65946050	BASIC	10
16416541	65946052	BASIC	10
16416542	65946053	BASIC	10
16416543	65946054	BASIC	10
16416544	65946055	BASIC	10
16416546	65946057	BASIC	10
16416547	65946058	BASIC	10
16416549	65946060	BASIC	10
16416550	65825993	BASIC	10
16416552	65895650	MEC CHECK-CONFIRMED	7
16416553	65571377	BASIC	10
16416554	65571378	BASIC	10
16416555	65571379	BASIC	10
16416557	65895668	13000  14000	9
16416559	65946073	BASIC	10
16416563	65946078	BASIC	10
16416566	65946081	BASIC	10
16416568	65946083	BASIC	10
16416569	65802569	BASIC	10
16416570	65946084	BASIC	10
16416571	65946087	BASIC	10
16416572	65946088	BASIC	10
16416573	65839510	BASIC	10
16416574	65946090	BASIC	10
16416576	65946092	BASIC	10
16416579	65946095	BASIC	10
16416580	65873873	BASIC	10
16416581	65946099	BASIC	10
16416582	65946100	BASIC	10
16416583	65946101	BASIC	10
16416584	65946102	BASIC	10
16416589	65946112	BASIC	10
16416590	65946119	BASIC	10
16416591	65946120	BASIC	10
16416592	65946121	BASIC	10
16416593	65946122	BASIC	10
16416594	65946124	BASIC	10
16416596	65946134	BASIC	10
16416597	65946135	BASIC	10
16416598	65946137	BASIC	10
16416599	65946140	BASIC	10
16416600	65946144	BASIC	10
16416601	65946145	BASIC	10
16416602	65946147	BASIC	10
16416603	65920794	BASIC	10
16416604	65920810	BASIC	10
16416605	65946148	BASIC	10
16416606	65946149	BASIC	10
16416607	65946150	BASIC	10
16416608	65946157	BASIC	10
16416610	65946167	BASIC	10
16416611	65934466	BASIC	10
16416612	65946170	BASIC	10
16416613	65946171	BASIC	10
16416614	65839388	BASIC	10
16416615	65946174	BASIC	10
16416616	65826290	BASIC	10
16416617	65895728	BASIC	10
16416620	65946188	BASIC	10
16416622	65946190	BASIC	10
16416623	65921645	2019 HIGH PRIORITY IN SAN JUAN COUNTY	1
16416624	65935959	2019 HIGH PRIORITY	1
16416625	65936016	2019 HIGH PRIORITY	1
16416626	65936018	2019 HIGH PRIORITY	1
16416627	65921671	HIGH PRIORITY 2019	1
16416628	65946598	HIGH PRIORITY 2019	1
16416629	65946606	HIGH PRIORITY 2019	1
16416630	65946607	HIGH PRIORITY 2019	1
16416631	65946716	2019 HIGH PRIORITY	1
16416632	65935702	HIGH PRIORITY 2019	1
16416633	65947897	C	10
16416634	65947902	C	2
16416635	65947903	C	1
16416636	65947905	C	10
16416637	65947917	C	1
16416638	65947918	C	1
16416639	65947919	C	1
16416642	65947937	C	10
16416644	65947942	C	10
16416645	65947943	C	10
16416646	65947977	C	10
16416647	65947978	C	10
16416648	65947979	C	10
16416649	65947980	C	10
16416650	65947981	C	10
16416651	65947982	C	10
16416652	65947987	C	10
16416653	65947988	C	10
16416654	65947989	C	10
16416655	65947990	C	10
16416656	65948003	C	1
16416657	65948004	C	1
16416659	65948006	C	1
16416660	65948054	C	10
16416661	65948055	C	10
16416662	65948056	C	10
16416663	65948057	C	10
16416664	65948058	C	10
16416665	65948059	C	10
16416666	65948060	C	10
16416667	65948061	C	10
16416671	65948065	C	10
16416672	65948066	C	10
16416673	65948067	C	10
16416674	65948068	C	10
16416675	65948069	C	10
16416677	65948072	C	10
16416678	65948073	C	10
16416680	65948083	C	1
16416681	65948084	C	1
16416683	65948090	C	10
16416687	65948129	C	10
16416688	65948130	C	10
16416689	65948131	C	10
16416690	65948132	C	10
16416691	65948133	C	10
16416693	65948137	C	10
16416694	65948138	C	10
16416695	65948139	C	10
16416696	65948140	C	10
16416697	65948141	C	10
16416698	65948145	C	10
16416699	65948146	C	10
16416700	65948147	C	10
16416702	65948157	C	1
16416703	65948158	C	1
16416706	65948200	C	10
16416707	65948201	C	10
16416708	65948202	C	10
16416709	65948203	C	10
16416710	65948205	C	10
16416711	65948206	C	10
16416712	65948207	C	10
16416713	65948208	C	10
16416714	65948209	C	10
16416715	65948210	C	10
16416716	65948211	C	10
16416717	65948215	C	10
16416718	65948216	C	10
16416719	65948217	C	10
16416720	65948218	C	10
16416723	65948234	C	10
16416724	65948239	C	10
16416726	65948241	C	10
16416728	65948245	C	10
16416730	65948251	C	10
16416731	65948252	C	10
16416732	65948253	C	10
16416733	65948266	C	10
16416734	65948267	C	10
16416735	65948268	C	10
16416736	65948269	C	10
16416737	65948270	C	10
16416739	65948272	C	10
16416740	65948273	C	10
16416741	65948281	C	10
16416742	65948282	C	10
16416743	65948283	C	10
16416744	65948297	C	10
16416745	65948298	C	10
16416747	65948300	C	10
16416748	65948303	C	10
16416749	65948304	C	10
16416750	65948305	C	10
16416751	65948306	C	10
16416752	65948309	C	10
16416754	65948311	C	10
16416756	65948330	C	10
16416757	65948331	C	10
16416758	65948332	C	10
16416760	65948334	C	10
16416761	65948335	C	10
16416762	65948359	C	10
16416764	65948363	C	10
16416765	65948364	C	10
16416766	65948365	C	10
16416768	65948371	C	10
16416772	65948390	C	10
16416773	65948391	C	10
16416774	65948392	C	10
16416775	65948393	C	10
16416776	65948394	C	10
16416777	65948395	C	10
16416778	65948396	C	10
16416781	65948403	C	10
16416782	65948425	C	10
16416784	65948427	C	10
16416785	65948428	C	10
16416786	65948451	C	10
16416787	65948452	C	10
16416788	65948453	C	10
16416789	65948454	C	10
16416790	65948455	C	10
16416792	65948484	C	1
16416793	65948485	C	1
16416794	65948486	C	1
16416795	65948487	C	10
16416796	65948515	C	10
16416797	65948516	C	10
16416798	65948517	C	10
16416799	65948518	C	10
16416800	65948547	C	1
16416801	65948548	C	1
16416802	65948549	C	1
16416803	65948550	C	1
16416804	65948579	C	10
16416805	65948580	C	10
16416806	65948581	C	10
16416807	65948582	C	10
16416808	65948595	C	1
16416809	65948596	C	1
16416810	65948597	C	1
16416811	65948608	C	10
16416812	65948609	C	10
16416813	65948610	C	1
16416814	65948611	C	1
16416815	65948612	C	1
16416818	65948652	C	10
16416819	65948653	C	10
16416821	65948657	C	1
16416822	65948658	C	1
16416823	65948668	C	10
16416824	65948669	C	10
16416825	65948672	C	1
16416826	65948673	C	1
16416827	65948674	C	1
16416828	65948675	C	1
16416830	65948720	C	1
16416831	65948735	C	1
16416833	65948737	C	1
16416837	65948745	C	10
16416838	65948746	C	10
16416839	65948801	C	1
16416840	65948802	C	1
16416841	65948803	C	1
16416842	65948804	C	1
16416843	65948814	C	10
16416844	65948815	C	10
16416847	65948867	C	1
16416848	65948868	C	1
16416849	65948869	C	1
16416850	65948870	C	1
16416851	65948879	C	10
16416852	65948880	C	10
16416854	65948882	C	10
16416856	65948912	C	1
16416857	65948913	C	1
16416858	65948914	C	1
16416860	65948928	C	1
16416861	65948929	C	1
16416862	65948930	C	1
16416863	65948935	C	1
16416864	65948936	C	1
16416865	65948937	C	1
16416866	65948938	C	1
16416868	65948948	C	10
16416869	65948949	C	10
16416875	65831984	MED CERT - NOT CONFIRMED	7
16416878	65951176	MED CERT - NOT CONFIRMED	7
16416880	65951190	MEC - UNABLE TO VERIFY	7
16416881	65951195	MEC UNABLE TO VERIFY	7
16416882	65951199	MEC - UNABLE TO VERIFY	7
16416883	65951238	MEC - UNABLE TO VERIFY	7
16416885	65845276	YES	5
16416886	65954886	3200	1
16416887	65954886	D	2
16416888	65954887	FARM	3
16416889	65954896	3200	1
16416890	65954896	D	2
16416891	65954897	3200	1
16416892	65954897	D	2
16416893	65954898	3200	1
16416894	65954898	D	2
16416895	65954899	3200	1
16416896	65954899	D	2
16416898	65954915	3206	1
16416899	65954923	3206	1
16416900	65954924	3206	1
16416901	65954925	3206	1
16416902	65954926	3206	1
16416903	65954931	3206	1
16416904	65954971	3200	1
16416905	65954971	D	2
16416906	65954972	3200	1
16416907	65954972	D	2
16416908	65954973	3200	1
16416909	65954973	D	2
16416910	65954974	3200	1
16416911	65954974	D	2
16416912	65954986	3206	1
16416913	65954995	3206	1
16416914	65954996	3200	1
16416915	65954996	D	2
16416916	65954997	3200	1
16416917	65954997	D	2
16416920	65955029	3200	1
16416921	65955029	D	2
16416922	65955030	3200	1
16416923	65955030	D	2
16416924	65955035	3206	1
16416925	65955043	3206	1
16416926	65955044	3206	1
16416927	65955819	BASIC	10
16416928	65955820	BASIC	10
16416929	65859238	BASIC	10
16416931	65955825	BASIC	10
16416932	65955827	BASIC	10
16416933	65955828	BASIC	10
16416934	65955829	BASIC	10
16416935	65826044	BASIC	10
16416936	65955832	BASIC	10
16416940	65955837	BASIC	10
16416945	65895679	BASIC	10
16416946	65895645	BASIC	10
16416950	65873891	BASIC	10
16416952	65955849	BASIC	10
16416961	65873869	BASIC	10
16416964	65955862	BASIC	10
16416965	65955863	BASIC	10
16416966	65955866	BASIC	10
16416967	65955871	BASIC	10
16416968	65955872	BASIC	10
16416969	65955873	BASIC	10
16416971	65920833	BASIC	10
16416972	65955879	BASIC	10
16416973	65955880	BASIC	10
16416974	65955881	BASIC	10
16416975	65955885	BASIC	10
16416976	65955886	BASIC	10
16416979	65955889	BASIC	10
16416980	65955894	BASIC	10
16416982	65955896	BASIC	10
16416983	65955897	BASIC	10
16416984	65955905	BASIC	10
16416985	65955906	BASIC	10
16416986	65955907	BASIC	10
16416987	65955908	BASIC	10
16416991	65826243	BASIC	10
16416992	65884440	BASIC	10
16416993	65955929	BASIC	10
16416994	65884328	BASIC	10
16416995	65895758	BASIC	10
16416999	65636461	BASIC	10
16417000	65955940	BASIC	10
16417005	65955952	BASIC	10
16417006	65955953	BASIC	10
16417007	65955954	BASIC	10
16417010	65955957	BASIC	10
16417015	65955970	BASIC	10
16417016	65955980	BASIC	10
16417017	65955997	BASIC	10
16417018	65956000	BASIC	10
16417023	65814249	BASIC	10
16417029	65814355	BASIC	10
16417030	65884321	BASIC	10
16417037	65826099	BASIC	10
16417038	65859269	BASIC	10
16417041	65884322	BASIC	10
16417050	65772220	BASIC	10
16417051	65956042	BASIC	10
16417052	65956043	BASIC	10
16417056	65956056	BASIC	10
16417058	65956058	BASIC	10
16417059	65956059	BASIC	10
16417063	65956063	BASIC	10
16417065	65956073	BASIC	10
16417067	65956075	BASIC	10
16417075	65623641	BASIC	10
16417076	65699810	BASIC	10
16417077	65780624	BASIC	10
16417081	65859186	BASIC	10
16417082	65884307	BASIC	10
16417083	65920878	BASIC	10
16417084	65920879	BASIC	10
16417086	65956094	BASIC	10
16417091	65956107	BASIC	10
16417093	65956109	BASIC	10
16417094	65956110	BASIC	10
16417096	65934478	BASIC	10
16417097	65780558	BASIC	10
16417098	65792821	BASIC	10
16417099	65873777	BASIC	10
16417100	65956130	BASIC	10
16417101	65746158	BASIC	10
16417102	65956343	MEC CHECK-CONFIRMED	7
16417103	65956348	MEC CHECK-CONFIRMED	7
16417104	65956414	MEC CHECK CONFIRMED	7
16417105	65956458	YES	1
16417106	65956458	YES	2
16417107	65956494	YES	1
16417108	65956494	YES	2
16417109	65956505	MEC CHECK-CONFIRMED	7
16417110	65956594	MEC CHECK - CONFIRMED	7
16417111	65956619	MEC CHECK CONFIRMED	7
16417112	65956676	YES	1
16417113	65956676	YES	2
16417114	65956679	MEC  CHECK - CONFIRMED	7
16417115	65956697	MEC CHECK-CONFIRMED	7
16417116	65956711	MEC CHECK-NO CONTACT	7
16417117	65956723	YES	1
16417118	65956723	YES	2
16417119	65956738	MEC CHECK - CONFIRMED	7
16417120	65956748	MEC CHECK - CONFIRMED	7
16417121	65673306	YES	1
16417122	65673306	YES	2
16417123	65673519	YES	1
16417124	65673519	YES	2
16417125	65956772	MEC CHECK - CONFIRMED	7
16417126	65782219	YES	1
16417127	65782219	YES	2
16417128	65793574	YES	1
16417129	65793574	YES	2
16417130	65956816	MEC CHECK - CONFIRMED	7
16417131	65956836	YES	1
16417132	65956836	YES	2
16417133	65956852	MEC CHECK-NO CONTACT	7
16417134	65956870	MEC CHECK-NO CONTACT	7
16417136	65956963	MEC CHECK-NO CONTACT	7
16417137	65956964	MEC CHECK-NO CONTACT	7
16417138	65956976	YES	1
16417139	65956976	YES	2
16417140	65956976	MEC CHECK-NO CONTACT	7
16417141	65956990	MEC CHECK-CONFIRMED	7
16417142	65957000	MEC CHECK-NO CONTACT	7
16417143	65856059	SB	1
16417144	65856060	SB	1
16417145	65958046	SB	1
16417146	65958047	SB	1
16417148	65822470	SB	1
16417149	65943130	SB	1
16417151	65958060	SB	1
16417153	65958068	SB	1
16417154	65855938	SB	1
16417155	65958069	SB	1
16417156	65855942	SB	1
16417157	65609267	SB	1
16417158	65822418	SB	1
16417159	65855963	SB	1
16417160	65892343	SB	1
16417162	65958098	SB	1
16417163	65958102	SB	1
16417165	65856043	SB/DD	1
16417166	65958106	SB/DD	1
16417167	65855987	SB	1
16417168	65892329	SB	1
16417169	65654609	SB	1
16417173	65822455	SB	1
16417177	65856014	SB	1
16417179	65958128	1	1
16417180	65958129	1	1
16417181	65958130	5	1
16417183	65958132	2	1
16417184	65958133	2	1
16417187	65958137	2	1
16417188	65958138	2	1
16417190	65958143	2	1
16417193	65958146	2	1
16417194	65958147	2	1
16417197	65958150	2	1
16417198	65958151	2	1
16417199	65958152	2	1
16417200	65958153	5	1
16417203	65958156	2	1
16417204	65958157	2	1
16417206	65958159	2	1
16417207	65958160	5	1
16417209	65958162	5	1
16417210	65958163	5	1
16417213	65958166	2	1
16417214	65958167	2	1
16417215	65958168	5	1
16417216	65958169	2	1
16417217	65958170	2	1
16417218	65958171	2	1
16417219	65958172	2	1
16417220	65958173	2	1
16417226	65958179	2	1
16417227	65958180	2	1
16417228	65958181	2	1
16417229	65958182	1	1
16417231	65958186	5	1
16417232	65958187	5	1
16417233	65958188	2	1
16417236	65958191	2	1
16417237	65958192	2	1
16417238	65958193	2	1
16417239	65958194	2	1
16417241	65958207	4	1
16417243	65958209	5	1
16417244	65958210	5	1
16417245	65958211	5	1
16417249	65958215	2	1
16417251	65958217	5	1
16417253	65958219	4	1
16417258	65958226	1	1
16417259	65958227	1	1
16417262	65958229	5	1
16417263	65958230	5	1
16417264	65958231	5	1
16417265	65958232	5	1
16417266	65958233	5	1
16417267	65958234	5	1
16417269	65870479	1824	1
16417271	65959376	MEC CHECK-CONFIRMED	7
16417273	65959384	MEC CHECK-NOT CONFIRMED	7
16417274	65959385	MEC CHECK-NOT CONFIRMED	7
16417275	65959390	MEC CHECK-CONFIRMED FALSE	7
16417276	65892913	MEC CHECK-CONFIRMED	7
16417277	65959401	TM40	1
16417278	65959402	TM40	1
16417279	65959403	TM40	1
16417281	65959416	TM40	1
16417283	65959418	TM40	1
16417285	65959421	TM40	1
16417286	65959426	TM40	1
16417287	65959427	TM40	1
16417289	65959439	TM40	1
16417290	65959440	TM40	1
16417291	65959441	TM40	1
16417292	65959442	TM40	1
16417293	65959444	TM40	1
16417294	65959445	TM40	1
16417298	65959451	TM40	1
16417299	65959452	TM40	1
16417300	65959453	TM40	1
16417301	65959462	TM40	1
16417302	65959463	TM40	1
16417304	65959465	TM40	1
16417306	65959473	TM40	1
16417308	65959477	TM40	1
16417309	65959478	TM40	1
16417315	65655279	TM40	1
16417316	65959498	TM40	1
16417317	65959499	TM40	1
16417320	65959502	TM40	1
16417321	65959503	TM40	1
16417323	65959505	TM40	1
16417324	65959514	TM40	1
16417325	65959515	TM40	1
16417326	65959524	TM40	1
16417327	65959535	T853	1
16417328	65959536	TM40	1
16417330	65959538	TM40	1
16417331	65959539	TM40	1
16417332	65959544	T853	1
16417333	65959545	T853	1
16417334	65959546	T853	1
16417335	65959547	T853	1
16417336	65959555	T853	1
16417337	65959556	T853	1
16417338	65959557	T853	1
16417339	65959558	T853	1
16417340	65959559	T853	1
16417341	65959560	TM40	1
16417342	65959561	TM40	1
16417343	65959562	TM40	1
16417344	65959563	TM40	1
16417347	65959566	T853	1
16417348	65959567	T853	1
16417349	65959568	T853	1
16417350	65959569	T853	1
16417352	65959573	TM40	1
16417353	65959574	T853	1
16417354	65959575	T853	1
16417355	65959576	T853	1
16417356	65959577	T853	1
16417357	65959578	T853	1
16417358	65959579	TM40	1
16417359	65959581	T853	1
16417361	65959583	TM40	1
16417364	65959587	T853	1
16417365	65959588	T853	1
16417367	65959590	TM40	1
16417368	65959591	TM40	1
16417369	65959592	TM40	1
16417370	65959593	TM40	1
16417371	65959594	TM40	1
16417372	65959595	T853	1
16417373	65959596	T853	1
16417374	65959597	T853	1
16417375	65959598	T853	1
16417376	65959599	TM40	1
16417380	65959603	TM40	1
16417381	65959604	TM40	1
16417382	65959605	TM40	1
16417384	65959611	TM40	1
16417386	65959613	TM40	1
16417387	65959614	TM40	1
16417388	65959616	T198	1
16417389	65959617	T198	1
16417391	65792131	TM40	1
16417392	65959622	TM40	1
16417393	65959623	TM40	1
16417394	65959624	TM40	1
16417395	65959625	TM40	1
16417396	65959626	TM40	1
16417397	65959627	TM40	1
16417398	65959628	TM40	1
16417399	65944055	T198	1
16417401	65959637	T198	1
16417402	65959643	TM40	1
16417403	65959644	TM40	1
16417405	65959646	TM40	1
16417406	65959659	TM40	1
16417407	65959660	TM40	1
16417408	65959661	TM40	1
16417410	65959678	TM40	1
16417411	65959679	TM40	1
16417412	65959680	TM40	1
16417414	65959722	TM40	1
16417415	65959747	TM40	1
16417418	65959750	TM40	1
16417419	65959772	TM40	1
16417421	65959794	TM40	1
16417423	65959813	TM40	1
16417424	65959814	TM40	1
16417425	65959815	TM40	1
16417426	65959816	TM40	1
16417427	65959829	TM40	1
16417429	65959833	TM40	1
16417430	65959834	TM40	1
16417431	65959835	TM40	1
16417434	65959838	TM40	1
16417435	65959839	TM40	1
16417436	65959840	TM40	1
16417437	65959841	TM40	1
16417438	65959842	TM40	1
16417439	65959843	TM40	1
16417440	65959844	TM40	1
16417442	65959854	TM40	1
16417443	65959855	TM40	1
16417444	65959856	TM40	1
16417445	65959857	TM40	1
16417448	65959867	TM40	1
16417450	65959869	TM40	1
16417452	65959874	TM40	1
16417453	65959875	TM40	1
16417455	65959877	TM40	1
16417456	65959878	TM40	1
16417458	65959887	TM40	1
16417459	65959888	TM40	1
16417462	65791852	TM40	1
16417463	65959894	TM40	1
16417464	65959895	TM40	1
16417467	65959905	TM40	1
16417468	65959906	TM40	1
16417470	65959913	TM40	1
16417471	65959914	TM40	1
16417472	65959915	TM40	1
16417473	65959925	TM40	1
16417474	65959926	TM40	1
16417475	65959927	TM40	1
16417476	65959937	TM40	1
16417478	65959950	TM40	1
16417480	65959952	TM40	1
16417481	65959953	TM40	1
16417482	65959964	TM40	1
16417483	65959968	TM40	1
16417485	65959970	TM40	1
16417486	65959971	TM40	1
16417487	65811265	MEC - NOT CONFIRMED	7
16417488	65960596	MED CHECK CONFIRMED 2-18-19@1027	7
16417489	65960604	MED CHECK CONFIRMED 2-18-19@1311	7
16417490	65908661	MX	10
16417491	65585067	BASIC	10
16417492	65962154	BASIC	10
16417493	65962155	BASIC	10
16417494	65962156	BASIC	10
16417495	65962157	BASIC	10
16417496	65962158	BASIC	10
16417499	65920724	BASIC	10
16417500	65962165	BASIC	10
16417501	65946110	BASIC	10
16417502	65962166	BASIC	10
16417507	65962170	BASIC	10
16417508	65962171	BASIC	10
16417510	65962173	BASIC	10
16417513	65623895	MEC CHECK-CONFIRMED	7
16417514	65685833	MEC CHECK-CONFIRMED	7
16417515	65909126	MEC CHECK-CONFIRMED	7
16417516	65962176	BASIC	10
16417518	65962178	BASIC	10
16417520	65955850	MEC CHECK-CONFIRMED	7
16417522	65955852	MEC CHECK-CONFIRMED	7
16417523	65955853	MEC CHECK-CONFIRMED	7
16417525	65955854	MEC CHECK-CONFIRMED	7
16417526	65962186	MEC CHECK-CONFIRMED	7
16417527	65962187	MEC CHECK-CONFIRMED	7
16417528	65672702	BASIC	10
16417529	65746218	BASIC	10
16417531	65699762	BASIC	10
16417532	65711515	BASIC	10
16417533	65946091	BASIC	10
16417534	65745922	18200	9
16417535	65955858	BASIC	10
16417536	65962193	BASIC	10
16417537	65955846	BASIC	10
16417538	65955847	BASIC	10
16417539	65962194	BASIC	10
16417541	65962196	BASIC	10
16417542	65962197	BASIC	10
16417546	65658503	BASIC	10
16417548	65955823	BASIC	10
16417549	65802543	BASIC	10
16417550	65859197	BASIC	10
16417551	65920790	BASIC	10
16417552	65955833	BASIC	10
16417553	65955834	BASIC	10
16417554	65955835	BASIC	10
16417555	65955842	BASIC	10
16417557	65962215	BASIC	10
16417559	65962217	BASIC	10
16417560	65955909	BASIC	10
16417561	65909080	BASIC	10
16417562	65962223	BASIC	10
16417563	65962224	BASIC	10
16417564	65955843	BASIC	10
16417565	65598658	MEC CHECK-CONFIRMED	7
16417566	65623857	MEC CHECK-CONFIRMED	7
16417567	65884245	BASIC	10
16417568	65909065	BASIC	10
16417569	65955887	BASIC	10
16417571	65956006	BASIC	10
16417572	65956097	BASIC	10
16417573	65956098	BASIC	10
16417574	65543841	BASIC	10
16417575	65598683	BASIC	10
16417576	65658293	BASIC	10
16417577	65543867	BASIC	10
16417581	65934530	BASIC	10
16417582	65946076	BASIC	10
16417584	65543865	BASIC	10
16417586	65962248	BASIC	10
16417588	65909130	BASIC	10
16417589	65920746	BASIC	10
16417590	65946074	BASIC	10
16417591	65946075	BASIC	10
16417592	65956018	BASIC	10
16417593	65962269	MED CHECK VERIFIED	7
16417594	65962270	MED CHECK VERIFIED	7
16417597	65956019	BASIC	10
16417598	65956020	BASIC	10
16417599	65956021	BASIC	10
16417606	65956032	BASIC	10
16417608	65956034	BASIC	10
16417611	65962278	BASIC	10
16417614	65962285	BASIC	10
16417616	65711475	BASIC	10
16417619	65962288	BASIC	10
16417620	65962289	BASIC	10
16417621	65839616	BASIC	10
16417622	65873895	BASIC	10
16417623	65946059	BASIC	10
16417624	65956004	BASIC	10
16417628	65839497	BASIC	10
16417634	65826241	BASIC	10
16417635	65826010	BASIC	10
16417636	65839553	BASIC	10
16417637	65934555	BASIC	10
16417638	65934556	BASIC	10
16417640	65962315	BASIC	10
16417641	65962316	BASIC	10
16417642	65962317	BASIC	10
16417643	65962318	BASIC	10
16417644	65859260	BASIC	10
16417645	65962320	BASIC	10
16417646	65962322	BASIC	10
16417647	65962323	BASIC	10
16417649	65611283	BASIC	10
16417650	65746102	BASIC	10
16417651	65859086	BASIC	10
16417652	65884330	BASIC	10
16417653	65895763	BASIC	10
16417654	65955937	BASIC	10
16417655	65955948	BASIC	10
16417656	65962325	BASIC	10
16417659	65962328	BASIC	10
16417660	65962329	BASIC	10
16417661	65955949	BASIC	10
16417662	65839520	BASIC	10
16417663	65909201	BASIC	10
16417665	65955951	BASIC	10
16417666	65955966	BASIC	10
16417667	65955967	BASIC	10
16417668	65955968	BASIC	10
16417669	65909074	BASIC	10
16417670	65884437	BASIC	10
16417671	65792871	BASIC	10
16417672	65895767	BASIC	10
16417673	65895770	BASIC	10
16417674	65895772	BASIC	10
16417675	65909183	BASIC	10
16417676	65956074	BASIC	10
16417677	65962330	BASIC	10
16417680	65711573	BASIC	10
16417681	65859209	BASIC	10
16417682	65873781	BASIC	10
16417683	65884305	BASIC	10
16417684	65895789	BASIC	10
16417685	65909214	BASIC	10
16417686	65962333	BASIC	10
16417688	65956046	BASIC	10
16417689	65956047	BASIC	10
16417691	65956060	BASIC	10
16417696	65909218	BASIC	10
16417698	65934495	BASIC	10
16417699	65672683	BASIC	10
16417700	65685923	BASIC	10
16417701	65962759	MEC CHECK CONFIRMED	7
16417702	65962856	YES	1
16417703	65962856	YES	2
16417704	65827113	MEC CHECK CONFIRMED	7
16417705	65962905	MEC CHECK CONFIRMED	7
16417706	65963005	MEC CHECK-NOT CONFIRMED	7
16417708	65963074	MEC CHECK-CONFIRMED	7
16417711	65963149	YES	1
16417712	65963149	YES	2
16417713	65963212	MEC CHECK-NO CONTACT	7
16417714	65963260	MEC CHECK CONFIRMED	7
16417715	65840579	FARM	4
16417717	65964538	C	10
16417719	65964540	C	10
16417720	65964556	C	10
16417721	65964557	C	10
16417722	65964558	C	10
16417723	65964559	C	10
16417724	65964568	C	10
16417725	65964569	C	10
16417727	65964571	C	10
16417728	65964572	C	10
16417729	65964573	C	10
16417731	65964575	C	10
16417733	65964587	C	10
16417734	65964588	C	10
16417735	65964589	C	10
16417739	65815956	C	10
16417740	65964693	C	1
16417741	65964694	C	1
16417742	65964695	C	10
16417743	65964707	C	10
16417744	65964718	C	1
16417747	65964724	C	10
16417748	65964725	C	10
16417749	65964726	C	10
16417750	65964727	C	10
16417751	65964728	C	10
16417752	65964729	C	10
16417753	65964730	C	10
16417754	65964735	C	10
16417755	65964742	C	10
16417756	65964749	C	10
16417757	65964750	C	10
16417758	65964751	C	10
16417760	65964765	C	10
16417761	65964766	C	10
16417762	65964767	C	10
16417763	65964768	C	10
16417764	65964778	C	10
16417765	65964779	C	10
16417766	65964780	C	10
16417767	65964781	C	10
16417768	65964789	C	1
16417769	65964790	C	1
16417770	65964791	C	1
16417771	65964792	C	10
16417772	65964821	C	10
16417773	65964826	C	10
16417774	65964827	C	10
16417775	65964828	C	10
16417776	65964830	C	10
16417778	65964832	C	10
16417779	65964833	C	10
16417780	65964842	C	10
16417781	65964843	C	10
16417782	65964844	C	10
16417783	65964845	C	10
16417784	65964851	C	10
16417785	65688180	C	10
16417786	65715018	C	10
16417787	65964862	C	1
16417788	65964863	C	1
16417789	65774302	C	10
16417790	65964872	C	10
16417791	65964923	C	10
16417793	65964935	C	10
16417794	65964938	C	10
16417795	65964939	C	10
16417796	65964940	C	10
16417797	65964950	C	10
16417798	65964951	C	10
16417799	65964952	C	10
16417801	65964954	C	10
16417802	65964955	C	10
16417803	65964968	C	1
16417804	65964969	C	10
16417805	65964970	C	10
16417806	65964971	C	10
16417807	65964972	C	10
16417808	65964980	C	1
16417809	65964981	C	1
16417810	65964982	C	1
16417811	65964983	C	1
16417812	65964984	C	10
16417813	65964985	C	10
16417814	65964986	C	10
16417815	65964987	C	10
16417816	65964995	C	1
16417817	65964996	C	1
16417818	65964997	C	1
16417819	65964998	C	1
16417820	65964999	C	10
16417821	65965000	C	10
16417822	65965013	C	1
16417823	65965040	C	10
16417825	65965053	C	10
16417826	65965054	C	10
16417827	65965055	C	10
16417828	65965062	C	10
16417830	65965067	C	10
16417831	65965068	C	10
16417832	65965069	C	10
16417833	65965070	C	10
16417835	65965074	C	10
16417837	65965076	C	10
16417838	65641603	CFV	4
16417841	65715165	C	10
16417842	65828773	C	10
16417843	65965138	C	10
16417844	65965139	C	10
16417845	65965140	C	10
16417846	65965150	C	10
16417847	65965151	C	10
16417849	65965153	C	10
16417850	65965162	C	10
16417852	65828731	C	10
16417853	65886348	C	10
16417855	65965188	C	10
16417857	65965190	C	10
16417858	65965191	C	10
16417860	65965199	C	10
16417861	65965200	C	10
16417862	65965201	C	10
16417863	65965210	C	10
16417865	65965212	C	10
16417867	65965224	C	10
16417872	65965236	C	10
16417873	65965237	C	10
16417898	65968481	FARM	3
16417900	65968697	OILFIELD	6
16417901	65968700	OILFIELD	6
16417902	65968735	OILFIELD	6
16417903	65975178	SB	1
16417905	65975180	SB	1
16417907	65892371	SB	1
16417910	65975200	SB	1
16417911	65975201	SB	1
16417914	65975222	SB	1
16417915	65975224	SB DD	1
16417920	65975229	SB DD	1
16417922	65975231	SB DD	1
16417926	65975238	SB	1
16417930	65975267	SB	1
16417931	65975269	SB	1
16417934	65975272	SB	1
16417935	65975273	SB	1
16417937	65975280	SB	1
16417938	65975281	SB	1
16417940	65975282	SB	1
16417941	65975283	H/C	1
16417947	65975296	3	1
16417951	65975301	3	1
16417952	65975302	3	1
16417953	65975303	3	1
16417954	65975304	2	1
16417955	65975305	3	1
16417963	65975314	2	1
16417965	65975316	1	1
16417967	65975318	1	1
16417970	65975323	1	1
16417972	65975325	2	1
16417982	65975328	1	1
16417984	65975330	2	1
16417986	65975332	2	1
16417992	65975341	2	1
16417997	65975346	2	1
16417998	65975347	2	1
16418000	65975349	2	1
16418001	65975350	3	1
16418004	65975353	3	1
16418010	65975362	2	1
16418014	65975366	2	1
16418016	65975368	2	1
16418017	65975369	4	1
16418020	65975372	2	1
16418021	65975373	2	1
16418022	65975374	2	1
16418024	65975376	1	1
16418026	65975379	5	1
16418028	65975381	5	1
16418033	65975390	2	1
16418041	65882828	2	1
16418047	65975412	2	1
16418048	65975413	2	1
16418049	65975414	2	1
16418054	65975420	2	1
16418055	65975421	2	1
16418057	65975564	MEC CHECK - NO CONTACT	7
16418058	65975565	MEC CHECK - NO CONTACT	7
16418059	65975566	MEC CHECK - NO CONTACT	7
16418060	65975567	MEC CHECK - NO CONTACT	7
16418061	65975597	MEC CHECK-NOT CONFIRMED	7
16418064	65975651	HW	9
16418065	65975651	80340	10
16418074	65975850	MED CHECKED - CONFIRMED	7
16418075	65975851	MED CHECKED - CONFIRMED	7
16418076	65883653	MEC CHECK-CONFIRMED	7
16418077	65975856	MEC CHECK-CONFIRMED	7
16418078	65975860	MED CHECKED - CONFIRMED	7
16418079	65975866	MEC CHECK-CONFIRMED	7
16418080	65975870	GAS2019	1
16418081	65975871	MED CHECKED - CONFIRMED	7
16418083	65975891	TPK18	3
16418084	65975915	TPK18	3
16418085	65975916	TPK18	3
16418090	65934054	PRIORITY17	1
16418091	65934059	PRIORITY17	1
16418092	65801525	MEC - CONFIRMED	7
16418093	65838263	1100	9
16418094	65838263	HW	10
16418095	65976017	16300	9
16418096	65976017	HW	10
16418097	65976040	MED CHECK CONFIRMED 2-20-19@1219	7
16418098	65976041	MED CHECK CONFIRMED 2-20-2019@1416	7
16418099	65976217	MX	10
16418100	65745839	RADAR	1
16418101	65976787	BASIC	10
16418102	65976788	BASIC	10
16418103	65976789	BASIC	10
16418104	65976790	BASIC	10
16418106	65956077	BASIC	10
16418108	65956082	BASIC	10
16418109	65956083	BASIC	10
16418111	65976794	BASIC	10
16418112	65976795	BASIC	10
16418113	65976798	BASIC	10
16418114	65976799	BASIC	10
16418116	65976801	BASIC	10
16418117	65962241	BASIC	10
16418118	65962247	BASIC	10
16418120	65976803	BASIC	10
16418121	65976806	BASIC	10
16418123	65976808	BASIC	10
16418124	65976813	BASIC	10
16418127	65976816	BASIC	10
16418128	65976820	BASIC	10
16418129	65976821	BASIC	10
16418130	65976822	BASIC	10
16418132	65976824	BASIC	10
16418133	65976825	BASIC	10
16418134	65976826	BASIC	10
16418135	65956037	BASIC	10
16418136	65956038	BASIC	10
16418137	65623697	BASIC	10
16418138	65962302	BASIC	10
16418139	65962303	BASIC	10
16418140	65962304	BASIC	10
16418141	65746163	BASIC	10
16418142	65976828	BASIC	10
16418143	65976829	BASIC	10
16418145	65976831	BASIC	10
16418146	65976834	BASIC	10
16418148	65976837	BASIC	10
16418149	65976838	BASIC	10
16418150	65976839	BASIC	10
16418151	65976840	BASIC	10
16418152	65826053	BASIC	10
16418154	65976842	BASIC	10
16418155	65976843	BASIC	10
16418156	65976844	BASIC	10
16418160	65976853	BASIC	10
16418161	65895715	BASIC	10
16418162	65976859	BASIC	10
16418164	65962286	BASIC	10
16418168	65976871	BASIC	10
16418172	65920791	BASIC	10
16418173	65946080	BASIC	10
16418174	65976889	BASIC	10
16418175	65962277	BASIC	10
16418176	65976890	BASIC	10
16418177	65976891	BASIC	10
16418178	65976892	BASIC	10
16418184	65772056	BASIC	10
16418187	65976904	BASIC	10
16418188	65976905	BASIC	10
16418190	65976907	BASIC	10
16418191	65976908	BASIC	10
16418192	65976909	BASIC	10
16418193	65976916	BASIC	10
16418194	65976917	BASIC	10
16418195	65976918	BASIC	10
16418196	65976919	BASIC	10
16418197	65962334	BASIC	10
16418198	65956061	BASIC	10
16418199	65976926	BASIC	10
16418200	65976927	BASIC	10
16418201	65976928	BASIC	10
16418202	65962305	BASIC	10
16418203	65962306	BASIC	10
16418204	65976931	BASIC	10
16418205	65976932	BASIC	10
16418206	65839623	BASIC	10
16418207	65962294	BASIC	10
16418208	65962295	BASIC	10
16418209	65962296	BASIC	10
16418212	65976939	BASIC	10
16418214	65962338	BASIC	10
16418215	65976945	BASIC	10
16418217	65976950	MEC CHECK-CONFIRMED	7
16418218	65976951	MEC CHECK-CONFIRMED	7
16418219	65976960	BASIC	10
16418220	65976961	BASIC	10
16418221	65976962	BASIC	10
16418222	65976963	BASIC	10
16418226	65909184	BASIC	10
16418227	65962331	BASIC	10
16418228	65976977	BASIC	10
16418229	65976978	BASIC	10
16418235	65977005	BASIC	10
16418236	65977006	BASIC	10
16418237	65977007	BASIC	10
16418241	65977041	BASIC	10
16418242	65977042	BASIC	10
16418243	65977046	BASIC	10
16418245	65977048	BASIC	10
16418247	65977050	BASIC	10
16418250	65636456	BASIC	10
16418251	65977071	BASIC	10
16418252	65962271	MED CHECK VERIFIED	7
16418253	65962271	BASIC	10
16418254	65962272	MED CHECK VERIFIED	7
16418255	65962272	BASIC	10
16418256	65962273	MED CHECK VERIFIED	7
16418257	65962273	BASIC	10
16418258	65728543	BASIC	10
16418259	65977082	BASIC	10
16418260	65977083	BASIC	10
16418262	65977085	BASIC	10
16418263	65956013	BASIC	10
16418267	65977091	BASIC	10
16418270	65977101	BASIC	10
16418273	65598654	BASIC	10
16418274	65711538	BASIC	10
16418275	65956076	BASIC	10
16418276	65728381	BASIC	10
16418277	65956022	BASIC	10
16418278	65956035	BASIC	10
16418279	65956036	BASIC	10
16418280	65962274	MED CHECK VERIFIED	7
16418282	65746152	BASIC	10
16418283	65895799	BASIC	10
16418284	65977115	BASIC	10
16418285	65977116	BASIC	10
16418286	65977117	BASIC	10
16418288	65977119	BASIC	10
16418289	65977121	BASIC	10
16418290	65977122	BASIC	10
16418296	65977128	BASIC	10
16418297	65977129	BASIC	10
16418298	65977130	BASIC	10
16418299	65977316	MEC CHECK-NO CONTACT	7
16418300	65977386	YES	1
16418301	65977386	YES	2
16418302	65977505	YES	1
16418303	65977505	YES	2
16418305	65773913	C	10
16418306	65773814	C	10
16418307	65978312	C	10
16418308	65978313	C	10
16418309	65978314	C	10
16418310	65948402	C	10
16418312	65688176	C	10
16418313	65715011	C	10
16418314	65948848	C	1
16418315	65948927	C	1
16418316	65948744	C	10
16418317	65978366	C	10
16418318	65978367	C	10
16418319	65978381	C	10
16418320	65978382	C	10
16418321	65978383	C	10
16418322	65978384	C	10
16418323	65978385	C	10
16418324	65978386	C	10
16418326	65978388	C	10
16418327	65948713	C	10
16418328	65715003	C	10
16418329	65715004	C	10
16418330	65747562	C	10
16418331	65978394	C	10
16418332	65948613	C	1
16418333	65948299	C	10
16418334	65978413	C	10
16418335	65978414	C	10
16418336	65978415	C	10
16418337	65978416	C	10
16418338	65978428	C	10
16418339	65978429	C	10
16418340	65948148	C	10
16418341	65978445	C	10
16418342	65978446	C	10
16418343	65978447	C	10
16418345	65978460	C	10
16418348	65876157	C	10
16418349	65948372	C	10
16418350	65978542	C	10
16418352	65978544	C	10
16418353	65978545	C	10
16418355	65978546	C	10
16418357	65978548	C	10
16418359	65978550	C	10
16418361	65978552	C	10
16418363	65978562	C	10
16418365	65978570	C	10
16418366	65978571	C	10
16418367	65978572	C	10
16418368	65978573	C	10
16418369	65978574	C	10
16418370	65978575	C	10
16418371	65978576	C	10
16418374	65978583	C	10
16418375	65978584	C	10
16418376	65978585	C	10
16418377	65978586	C	10
16418378	65978587	C	10
16418379	65978588	C	10
16418380	65978589	C	10
16418381	65978590	C	10
16418383	65978592	C	10
16418384	65978593	C	10
16418385	65978594	C	10
16418386	65978595	C	10
16418387	65978596	C	10
16418388	65978597	C	10
16418389	65978614	C	10
16418390	65978615	C	10
16418391	65978623	C	10
16418392	65978624	C	10
16418393	65978625	C	10
16418394	65978626	C	10
16418395	65978627	C	10
16418397	65978633	C	10
16418398	65978634	C	10
16418399	65978635	C	10
16418400	65978636	C	10
16418402	65978666	C	10
16418403	65978667	C	10
16418406	65978670	C	10
16418407	65978671	C	10
16418410	65978685	C	10
16418414	65978689	C	10
16418415	65978697	C	10
16418418	65978706	C	10
16418419	65978707	C	10
16418423	65978718	C	10
16418424	65978719	C	10
16418425	65978757	C	10
16418426	65978759	C	10
16418427	65978760	C	10
16418429	65978762	C	10
16418430	65978763	C	10
16418431	65978764	C	10
16418432	65978765	C	10
16418433	65978766	C	10
16418435	65978773	C	10
16418437	65978775	C	10
16418438	65978781	C	10
16418439	65978782	C	10
16418442	65978785	C	10
16418443	65978786	C	10
16418444	65978787	C	10
16418445	65978788	C	10
16418446	65978796	C	10
16418448	65978839	C	10
16418451	65978860	C	10
16418452	65978861	C	10
16418454	65980155	FARM	3
16418455	65980160	3200	1
16418456	65980160	UT	2
16418457	65980259	3206	1
16418458	65980260	3206	1
16418459	65980261	3206	1
16418460	65980262	3206	1
16418461	65980263	3206	1
16418462	65980263	UT	2
16418463	65980272	3206	1
16418464	65980272	UT	2
16418465	65980273	3206	1
16418466	65980273	UT	2
16418468	65980278	3200	1
16418469	65980278	UT	2
16418470	65980279	3200	1
16418471	65980279	UT	2
16418472	65980330	3200	1
16418473	65980330	UT	2
16418474	65980331	3200	1
16418475	65980331	UT	2
16418476	65980334	ANNUAL	1
16418477	65980334	2494848	2
16418478	65980334	PUBLIC	3
16418479	65980334	3	4
16418480	65980334	P	5
16418483	65967105	TACT	1
16418484	65967106	TACT	1
16418486	65967047	"FY17 HP TACT"	1
16418491	65967070	FY17 HP TACT	1
16418494	65951107	FY17 HP TACT	1
16418495	65966958	FY17 HP TACT	1
16418500	65843870	I	1
16418501	65925199	I	1
16418502	65887765	I	1
16418503	65938738	I	1
16418504	65981523	I	1
16418505	65925169	I	1
16418526	65985050	SC1T	3
16418527	65985051	SC1T	3
16418528	65985052	SC1T	3
16418529	65985053	SC1T	3
16418556	65882662	SB	1
16418559	65987929	SB	1
16418567	65987945	SB	1
16418569	65987947	SB	1
16418571	65987951	2	1
16418572	65987952	2	1
16418574	65987958	2	1
16418575	65987959	2	1
16418578	65987966	2	1
16418579	65987967	2	1
16418582	65987971	1	1
16418583	65987972	2	1
16418589	65987979	2	1
16418591	65987981	2	1
16418592	65987982	2	1
16418593	65987983	2	1
16418595	65987995	4	1
16418596	65987996	4	1
16418602	65988001	4	1
16418603	65988002	2	1
16418606	65988005	1	1
16418607	65988010	2	1
16418611	65988013	1	1
16418615	65988018	2	1
16418616	65988023	2	1
16418618	65988028	4	1
16418620	65988035	4	1
16418622	65988037	4	1
16418624	65709468	TM40	1
16418630	65792106	TM40	1
16418641	65709198	TM40	1
16418643	65556306	TPK18	3
16418644	65944416	TPK18	3
16418645	65934022	MEC CHECK-CONFIRMED	7
16418646	65944410	MEC CHECK-CONFIRMED	7
16418647	65989106	GAS2019	1
16418648	65989106	MED CHECKED - CONFIRMED	7
16418649	65894896	PRIORITY17	1
16418651	65944412	PRIORITY17	1
16418654	65944413	PRIORITY17	1
16418655	65944414	PRIORITY17	1
16418656	65944411	PRIORITY17	1
16418657	65872718	TIMBER19	1
16418658	65894888	PRIORITY17	1
16418659	65944367	GAS2019	1
16418660	65989152	MED CHECK CONFIRMED 2-21-2019@0933	7
16418661	65989174	800	9
16418662	65989174	HW	10
16418666	65920808	BASIC	10
16418667	65955878	BASIC	10
16418668	65976847	BASIC	10
16418669	65990360	BASIC	10
16418670	65990361	BASIC	10
16418671	65934412	BASIC	10
16418672	65962181	BASIC	10
16418673	65976835	BASIC	10
16418674	65976993	BASIC	10
16418675	65990368	BASIC	10
16418676	65895777	BASIC	10
16418677	65977049	BASIC	10
16418679	65990370	BASIC	10
16418680	65976994	BASIC	10
16418681	65976995	BASIC	10
16418682	65990372	BASIC	10
16418684	65990375	BASIC	10
16418685	65977092	BASIC	10
16418686	65977123	BASIC	10
16418687	65977124	BASIC	10
16418688	65946037	BASIC	10
16418689	65672783	BASIC	10
16418690	65839459	BASIC	10
16418691	65977125	BASIC	10
16418692	65977126	BASIC	10
16418693	65976899	BASIC	10
16418695	65990381	BASIC	10
16418696	65990382	BASIC	10
16418698	65990384	BASIC	10
16418699	65990389	BASIC	10
16418700	65711646	BASIC	10
16418701	65711647	BASIC	10
16418702	65839481	BASIC	10
16418703	65990390	BASIC	10
16418705	65990392	BASIC	10
16418706	65976901	BASIC	10
