INSP_VIOLATION_ID	INSPECTION_ID	SEQ_NO	PART_NO	PART_NO_SECTION	INSP_VIOL_UNIT	INSP_UNIT_ID	INSP_VIOLATION_CATEGORY_ID	OUT_OF_SERVICE_INDICATOR	DEFECT_VERIFICATION_ID	CITATION_NUMBER	PART_SECTION_ID
222025671	65526374	1	392	16	D		11	N	3		9386
222025673	65526376	1	392	16	D		11	N	3		9386
222025700	65526381	1	392	2MI	D		14	N	3	Y966814-0	385703
222025701	65526381	2	391	41(a)	D		1	N	3		9377
222025773	65526393	1	392	16	D		11	N	3	Y966815-1	9386
222025803	65526405	1	392	16	D		11	N	3	Y966792-6	9386
222025804	65526405	2	392	16B	D		11	N	3		396396
222025872	65526417	1	392	16	D		11	N	3		9386
222025900	65526428	1	392	2IRP	2	166874100	30	N	3		385701
222025901	65526429	1	392	2	1	166874101	47	N	3	Y573757-0	390281
222025902	65526429	2	392	2-SLLEWA1	1	166874101	47	N	3	Y573757-0	390260
222025904	65526432	1	392	16	D		11	N	3		9386
222025948	65526445	1	392	2LV	D		14	N	3	Y966819-5	385702
222025950	65526447	1	392	2DL	D		14	N	3		385698
222025982	65526470	1	393	47(e)	1	166874158	15	N	3		257965
222025983	65526470	2	393	53(b)	1	166874158	16	N	3		385681
222025984	65526470	3	393	47(e)	1	166874158	15	N	3		257965
222025985	65526470	4	396	3(a)(1)	1	166874158	15	Y	99		383183
222026013	65526480	1	395	22(h)(4)	D		7	N	3		396422
222026014	65526480	2	395	22(h)(2)	D		7	N	3		396436
222026020	65526488	1	391	41(a)	D		1	N	3		9377
222026028	65526492	1	393	9(a)	1	166874203	20	N	3		9172
222026029	65526492	2	393	9(a)	2	166874204	20	Y	99		9183
222026030	65526492	3	393	75A	2	166874204	23	Y	99		8494
222026032	65526494	1	393	95(f)	1	166874207	28	N	3		9180
222026039	65526495	1	393	100(a)	2	166874214	25	Y	1		9417
222026040	65526496	1	393	9(a)	2	166874216	20	N	3		9172
222026041	65526496	2	393	75(f)	2	166874216	23	Y	99	46J0DLJ	9340
222026042	65526496	3	392	2-SLLEWA1	D		47	N	3	46H0DLJ	390260
222026043	65526496	4	383	23(a)(2)	D		14	Y	3		9547
222026044	65526496	5	393	23	2	166874216	20	Y	1	46K0DLJ	396337
222026050	65526500	1	392	2-SLLS3	D		45	N	3		390248
222026055	65526504	1	392	2-SLLEWA1	D		47	N	3	05B0TRD	390260
222026057	65526508	1	391	41(a)-FPC	D		1	Y	3		393833
222026058	65526508	2	390	21(b)	1	166874242	30	N	3		9426
222026059	65526508	3	393	95(a)	1	166874242	28	N	3		9178
222026092	65526526	1	393	75A	1	166874274	23	Y	99		8494
222026093	65526527	1	393	24(a)	1	166874275	20	N	3		257953
222026094	65526527	2	393	9(a)	1	166874275	20	N	3		9172
222026095	65526527	3	391	45(b)	D		1	Y	3	65X0ASN	8487
222026104	65526532	1	392	9b(a)	1	166874283	30	Y	99	5N00HBZ	396081
222026105	65526532	2	390	19(a)(1)	1	166874283	30	N	3		393823
222026128	65526549	1	392	2RG	1	166874309	30	N	3		385705
222026132	65526557	1	393	23	2	166874318	20	Y	99		396337
222026169	65526576	1	392	2DIM	2	166874349	30	N	3		385697
222026170	65526577	1	392	2DIM	2	166874351	30	N	3		385697
222026171	65526577	2	393	60(c)	2	166874351	26	N	3		257571
222026198	65526590	1	392	2	D		14	N	3		8496
222026199	65526590	2	391	41(a)-F	D		1	N	3		393832
222026200	65526590	3	392	9b(a)	1	166874381	30	N	3		396080
222026201	65526591	1	390	19(a)(1)	1	166874382	30	N	3		393823
222026209	65526593	1	393	81	1	166874385	30	N	3		9350
222026210	65526594	1	396	17(c)	2	166874387	29	N	3		9202
222026211	65526594	2	393	75C-OOS	2	166874387	99	N	3	DJP0AYY	396408
222026224	65526598	1	393	47(e)	1	166874392	15	N	3		257965
222026225	65526598	2	393	53(b)	1	166874392	16	N	3		385681
222026226	65526599	1	393	209(d)	1	166874393	21	Y	99	2J70FW5	8493
222026229	65526601	1	393	209(d)	1	166874397	21	Y	99	2J80FW5	8493
222026230	65526601	2	393	65(c)	1	166874397	18	N	3		9317
222026231	65526601	3	393	47(e)	1	166874397	15	N	3		257965
222026232	65526601	4	393	53(b)	1	166874397	16	N	3		385681
222026233	65526601	5	396	3(a)(1)	1	166874397	15	Y	99		383183
222026236	65526603	1	391	11(b)(4)	D		14	Y	3		9373
222026241	65526608	1	390	19(a)(1)	1	166874407	30	N	3		393823
222026242	65526610	1	391	11(b)(5)-DNL	D		14	Y	3		393827
222026243	65526610	2	392	2-SLLEWG1	D		47	N	3		390249
222026244	65526610	3	392	2FT	D		14	N	3		385699
222026252	65526612	1	392	2FT	D		14	N	3		385699
222026253	65526612	2	390	21(b)	1	166874412	30	N	3		9426
222026265	65526632	1	393	9(a)	2	166874445	20	N	3		396450
222026272	65526639	1	391	41(a)-FPC	D		1	Y	3	93Z0BJK	393833
222026273	65526639	2	392	9b(a)	1	166874458	30	Y	99	9410BJK	396448
222026274	65526639	3	390	21(b)	1	166874458	30	N	3	WARNING	9426
222026275	65526639	4	393	95(a)	1	166874458	28	N	3	9400BJK	9178
222026276	65526639	5	393	95(f)	1	166874458	28	N	3	WARNING	9180
222026323	65526652	1	391	45(b)	D		1	N	3		8487
222026324	65526652	2	390	21(b)	1	166874493	30	N	3		9426
222026325	65526652	3	393	75A	1	166874493	23	Y	99	5B10JF3	8494
222026326	65526652	4	390	19(a)(1)	1	166874493	30	N	3		393823
222026327	65526655	1	393	9(a)	1	166874498	20	N	3		9172
222026328	65526655	2	393	9(a)	2	166874499	20	N	3		9172
222026329	65526655	3	393	9(a)	2	166874499	20	N	3		9172
222026356	65526663	1	390	21(b)	1	166874512	30	N	3		9426
222026357	65526663	2	392	2RG	1	166874512	30	N	3		385705
222026358	65526663	3	392	2DIM	1	166874512	30	N	3	6W20B5N	385697
222026359	65526663	4	390	19(a)(1)	1	166874512	30	N	3		393823
222026363	65526665	1	392	2RG	2	166874515	30	N	3		385705
222026364	65526666	1	391	11(b)(5)-DEN	D		14	Y	3	6YB0ADG	393826
222026365	65526666	2	396	17(c)	1	166874516	29	N	3		9202
222026366	65526666	3	392	2FT	1	166874516	14	N	3		385699
222026367	65526666	4	392	2-SLLEWG1	1	166874516	47	N	3	6Y90ADG	390249
222026370	65526668	1	393	95(a)	1	166874518	28	N	3		9178
222026371	65526668	2	393	11	1	166874518	20	N	3		9422
222026378	65526679	1	392	2RG	1	166874533	30	N	3		385705
222026379	65526680	1	391	45(b)	D		1	N	3		8487
222026380	65526681	1	393	9(a)	1	166874535	20	N	3		9172
222026381	65526681	2	393	78	1	166874535	26	N	3		9347
222026401	65526694	1	393	9(a)	1	166874557	20	N	3		9172
222026402	65526694	2	393	9(a)	1	166874557	20	N	3		9182
222026403	65526694	3	393	71(h)(10)	1	166874557	17	Y	99		9331
222026404	65526694	4	393	17(b)	1	166874557	20	Y	99		9442
222026406	65526696	1	393	11	1	166874560	20	N	3		9422
222026407	65526696	2	393	9(a)	1	166874560	20	N	3		9172
222026412	65526697	1	391	41(a)-F	D		1	N	3		393832
222026413	65526697	2	392	9b(a)	1	166874562	30	N	3		396080
222026414	65526697	3	393	95(a)	1	166874562	28	N	3		9178
222026415	65526697	4	393	110(b)	1	166874562	25	Y	1		256389
222026416	65526697	5	396	3(a)(1)	2	166874563	30	N	3		9203
222026417	65526697	6	392	2	2	166874563	17	N	3		396414
222026432	65526700	1	395	8(a)	D		3	Y	3		254677
222026433	65526700	2	391	41(a)-F	D		1	N	3		393832
222026434	65526700	3	383	23(a)(2)	D		14	Y	3	69K0B3T	9547
222026435	65526700	4	390	21(b)	1	166874566	30	N	3		9426
222026436	65526700	5	393	95(a)	1	166874566	28	N	3		9178
222026437	65526700	6	393	95(f)	1	166874566	28	N	3		9180
222026438	65526700	7	392	2RG	1	166874566	30	N	3	69C0B3T	385705
222026439	65526700	8	392	2RG	1	166874566	30	N	3	69H0B3T	385705
222026440	65526700	9	393	9(a)	2	166874567	20	Y	99		283327
222026441	65526700	10	393	25(f)	2	166874567	20	N	3		9271
222026442	65526700	11	393	43	2	166874567	16	N	3	69J0B3T	9279
222026443	65526700	12	393	100(a)	2	166874567	25	Y	99		9417
222026445	65526704	1	393	9(a)	1	166874572	20	N	3		9172
222026446	65526704	2	393	9(a)	1	166874572	20	N	3		9172
222026448	65526709	1	393	45(b)(2)	2	166874583	16	N	3		392460
222026458	65526714	1	393	100(b)	1	166874590	25	Y	1		254958
222026459	65526714	2	393	41	1	166874590	16	N	3		9278
222026460	65526714	3	392	2WC	1	166874590	30	N	3		385707
222026461	65526714	4	393	95(a)	1	166874590	28	N	3		9178
222026462	65526714	5	396	17(c)	1	166874590	29	N	3		9202
222026463	65526714	6	390	21(b)	1	166874590	30	N	3		9426
222026464	65526714	7	390	19(a)(1)	1	166874590	30	N	3		393823
222026465	65526714	8	396	9(d)(2)	1	166874590	30	N	3		9214
222026466	65526715	1	393	75(a)(3)	1	166874591	23	Y	99		9334
222026467	65526715	2	390	21(b)	1	166874591	30	N	3		9426
222026468	65526715	3	393	9(a)	1	166874591	20	N	3		9172
222026469	65526715	4	393	78	1	166874591	26	N	3		9347
222026470	65526715	5	393	81	1	166874591	30	N	3		9350
222026471	65526715	6	393	95(a)	1	166874591	28	N	3		9178
222026472	65526715	7	392	2RG	1	166874591	30	N	3		385705
222026503	65526729	1	392	2-SLLS3	D		45	N	3		390248
222026504	65526729	2	393	78	1	166874618	26	N	3		9347
222026506	65526731	1	392	2-SLLS2	D		45	N	3		390247
222026507	65526731	2	392	16	D		11	N	3	C200AZB	9386
222026508	65526731	3	391	41(a)-FPC	D		1	Y	3		393833
222026509	65526731	4	392	2	D		14	N	3		8496
222026510	65526731	5	393	9(a)	1	166874621	20	N	3	C1Z0AZB	9172
222026511	65526731	6	393	11	1	166874621	20	N	3		9422
222026527	65526742	1	396	5(b)	1	166874638	30	N	3		9211
222026528	65526742	2	393	45(d)	1	166874638	16	N	3		392462
222026563	65526761	1	392	2LV	D		14	N	3		385702
222026564	65526761	2	390	21(b)	1	166874680	30	N	3		9426
222026565	65526761	3	393	95(f)	1	166874680	28	N	3	1P20AZ9	9180
222026566	65526761	4	392	2RG	2	166874681	30	N	3		385705
222026567	65526761	5	393	11	2	166874681	20	N	3		9422
222026574	65526765	1	392	2C	D		40	N	3	2230MD3	9389
222026575	65526765	2	393	9(a)	2	166874691	20	N	3		9172
222026576	65526765	3	393	9(a)	2	166874691	20	N	3		283327
222026577	65526765	4	393	9(a)	2	166874691	20	N	3		9172
222026578	65526765	5	392	2	D		14	N	3	2240MD3	8496
222026579	65526765	6	396	17(c)	1	166874690	29	N	3		9202
222026591	65526771	1	393	9(a)	1	166874703	20	Y	99	4YZ0CRK	283327
222026592	65526771	2	393	9(a)	1	166874703	20	N	3		9172
222026593	65526771	3	393	75C-OOS	1	166874703	99	Y	99		396408
222026594	65526771	4	393	75(a)(3)	1	166874703	23	Y	99	4YY0CRK	9334
222026595	65526771	5	393	75C	1	166874703	23	N	3		2909
222026596	65526771	6	393	75C	1	166874703	23	N	3		2909
222026599	65526776	1	177	834(a)	1	166874712	34	Y	99		9639
222026600	65526777	1	390	19(a)(1)	1	166874713	30	N	3		393823
222026601	65526777	2	393	95(a)	1	166874713	28	N	3		9178
222026602	65526777	3	393	23	2	166874714	20	Y	99		257952
222026618	65526782	1	396	17(c)	2	166874728	29	N	3		9202
222026619	65526782	2	395	22(h)(2)	D		7	N	3		396436
222026622	65526790	1	392	2-SLLEWA1	D		47	N	3	3DR0E66	390260
222026644	65526797	1	393	45(b)(2)	2	166874757	16	Y	99		257958
222026645	65526797	2	393	45(b)(2)	2	166874757	16	Y	99		257958
222026646	65526797	3	393	75A	1	166874756	23	Y	99		8494
222026647	65526798	1	393	75A	2	166874759	23	Y	99		8494
222026649	65526800	1	392	2DIM	2	166874763	30	N	3	3ZK0BMB	385697
222026651	65526803	1	392	5(a)(2)	D		10	Y	3	6000AYZ	396416
222026661	65526804	1	391	41(a)-F	D		1	N	3	7C80BGZ	393832
222026662	65526804	2	392	2MI	D		14	N	3	7C60BGZ	385703
222026663	65526804	3	390	21(b)	1	166874771	30	N	3		9426
222026664	65526804	4	392	9b(a)	1	166874771	30	Y	99	7C70BGZ	396448
222026665	65526804	5	393	75B	1	166874771	23	N	3		254322
222026669	65526807	1	393	45(b)(2)	1	166874778	16	Y	99		392461
222026670	65526807	2	396	5(b)	1	166874778	30	N	3		9211
222026671	65526807	3	395	24(d)	D		7	N	3		396428
222026673	65526809	1	395	22(h)(2)	D		7	N	3		396436
222026674	65526809	2	395	22(h)(4)	D		7	N	3		396422
222026675	65526809	3	393	95(a)	1	166874782	28	N	3		9178
222026681	65526818	1	392	2FT	D		14	N	3		385699
222026682	65526818	2	393	9(a)	2	166874796	20	N	3		9172
222026683	65526818	3	393	9(a)	2	166874796	20	N	3		9172
222026684	65526819	1	392	2MI	D		14	N	3	7C90BGZ	385703
222026687	65526821	1	391	41(a)-FPC	D		1	Y	3		393833
222026688	65526821	2	393	9(a)	2	166874802	20	N	3		9172
222026689	65526821	3	392	9b(a)	1	166874801	30	Y	99		396081
222026690	65526821	4	393	11	2	166874802	20	N	3		9422
222026691	65526821	5	393	95(f)	1	166874801	28	N	3		9180
222026692	65526821	6	392	2MI	D		14	N	3		385703
222026693	65526821	7	393	78	1	166874801	26	N	3		9347
222026694	65526821	8	390	19(a)(1)	1	166874801	30	N	3		393823
222026700	65526824	1	391	41(a)-F	D		1	N	3	3SQ0G2R	393832
222026701	65526824	2	391	11B2	D		14	N	3		9372
222026702	65526824	3	393	95(f)	1	166874805	28	N	3		9180
222026703	65526824	4	393	9(a)	1	166874805	20	N	3		9172
222026704	65526824	5	390	21(b)	1	166874805	30	N	3		9426
222026705	65526824	6	392	2-SLLEWG1	1	166874805	47	N	3	3SP0G2R	390249
222026706	65526824	7	393	75(f)	1	166874805	23	Y	99	3SR0G2R	9340
222026721	65526827	1	396	5(b)	1	166874810	30	N	3		9211
222026722	65526830	1	392	2DL	D		14	N	3		385698
222026723	65526830	2	390	21(c)	1	166874813	30	N	3		9368
222026724	65526830	3	393	95(f)	1	166874813	28	N	3		9180
222026725	65526830	4	393	9(a)	2	166874814	20	N	3		396450
222026726	65526830	5	393	9(a)	2	166874814	20	Y	99		283327
222026727	65526830	6	393	9(a)	2	166874814	20	N	3		9172
222026728	65526830	7	393	9(a)	2	166874814	20	N	3		9183
222026729	65526830	8	393	43	2	166874814	16	Y	1		9279
222026750	65526838	1	393	9(a)	1	166874824	20	N	3		9172
222026751	65526838	2	393	9(a)	1	166874824	20	N	3		9172
222026753	65526840	1	392	2C	D		40	N	3		9389
222026754	65526840	2	393	9(a)	1	166874826	20	N	3		9172
222026766	65526852	1	392	2C	D		40	N	3	58R0BJG	9389
222026767	65526852	2	390	21(e)	1	166874844	30	N	3		9369
222026774	65526853	1	392	2DL	D		14	N	3		385698
222026775	65526853	2	393	9(a)	2	166874847	20	N	3		9183
222026776	65526853	3	393	9(a)	2	166874847	20	N	3		9172
222026777	65526853	4	393	9(a)	2	166874847	20	Y	99		396450
222026778	65526853	5	393	9(a)	2	166874847	20	Y	99	94T0B8X	283327
222026779	65526853	6	392	2RG	2	166874847	30	N	3		385705
222026780	65526853	7	392	2RG	2	166874847	30	N	3	94V0B8X	385705
222026781	65526853	8	393	43	2	166874847	16	Y	99		9279
222026785	65526857	1	383	91(a)	D		14	Y	3		9552
222026786	65526857	2	392	2-SLLEWA1	D		47	N	3	54G0AD9	390260
222026795	65526863	1	391	11(b)(5)-DEN	D		14	Y	3		393826
222026802	65526870	1	392	16	D		11	N	3	94X0B8X	9386
222026803	65526870	2	393	60(c)	1	166874875	26	N	3		257571
222026806	65526872	1	391	41(a)-FPC	D		1	Y	3		393833
222026807	65526872	2	390	21(b)	1	166874877	30	N	3		9426
222026808	65526872	3	393	9(a)	2	166874878	20	N	3		9183
222026809	65526872	4	393	9(a)	2	166874878	20	N	3		9172
222026810	65526872	5	393	110(c)	2	166874878	25	Y	99		256595
222026811	65526872	6	393	43	2	166874878	16	Y	99	94Z0B8X	9279
222026846	65526890	1	391	41(a)	D		1	Y	3		9377
222026847	65526890	2	395	8(a)(1)	D		3	Y	3		396452
222026848	65526890	3	390	21(b)	1	166874914	30	N	3		9426
222026849	65526890	4	392	2IRP	1	166874914	30	N	3		385701
222026850	65526890	5	392	2FT	1	166874914	14	N	3		385699
222026851	65526891	1	391	45(b)	D		1	N	3		8487
222026852	65526891	2	392	2	D		14	N	3		8496
222026853	65526891	3	390	21(b)	1	166874915	30	N	3		9426
222026860	65526893	1	395	8F01	D		3	N	3		396252
222026861	65526893	2	383	111	D		14	N	3		390619
222026876	65526895	1	396	17(c)	1	166874923	29	N	3	19-887-366211	9202
222026877	65526895	2	393	95(a)	1	166874923	28	N	3		9178
222026878	65526895	3	393	95(f)	1	166874923	28	N	3		9180
222026879	65526895	4	393	60(c)	1	166874923	26	N	3		257571
222026880	65526895	5	393	11	1	166874923	20	N	3		9422
222026881	65526895	6	393	11	1	166874923	20	N	3		9422
222026882	65526895	7	393	11	1	166874923	20	N	3		9422
222026883	65526895	8	393	11	1	166874923	20	N	3		9422
222026884	65526895	9	393	11	1	166874923	20	N	3		9422
222026885	65526895	10	392	16	D		11	N	3		9386
222026886	65526895	11	392	7(a)	D		14	N	3		390280
222026887	65526895	12	392	8	D		14	N	3		9409
222026931	65526905	1	395	24(c)(1)(i)	D		50	N	3		396423
222026932	65526905	2	395	8	D		7	N	3		9194
222026933	65526905	3	395	8	D		7	N	3		9194
222026934	65526905	4	390	21(b)	1	166874958	30	N	3		9426
222026939	65526908	1	392	2	1	166874962	30	N	3		379214
222026940	65526908	2	392	2FT	1	166874962	14	N	3		385699
222026941	65526908	3	396	17(c)	2	166874963	29	N	3		9202
222026958	65526915	1	392	16	D		11	N	3		9386
222026959	65526915	2	391	41(a)-FPC	D		1	Y	3		393833
222026960	65526915	3	392	7(a)	D		14	N	3		390280
222026961	65526916	1	392	2-SLLS2	D		45	N	3		390247
222027074	65526947	1	392	2W	1	166875041	47	N	3		385680
222027075	65526949	1	392	2W	1	166875045	47	N	3		385680
222027076	65526949	2	392	9a(a)(1)	1	166875045	30	Y	99		337774
222027084	65526953	1	393	30	1	166875050	30	N	3		9274
222027085	65526953	2	393	9(a)	1	166875050	20	N	3		9172
222027145	65526974	1	393	95(a)	1	166875080	28	N	3		9178
222027146	65526975	1	383	23(a)(2)	D		14	Y	99	292S07V	9547
222027147	65526976	1	393	9(a)	1	166875082	20	Y	99	292S5KW	283327
222027148	65526976	2	393	100(b)	1	166875082	25	Y	99		254958
222027149	65526976	3	393	95(a)	1	166875082	28	N	3		9178
222027150	65526976	4	393	95(f)	1	166875082	28	N	3	292S5XV	9180
222027151	65526976	5	393	9(a)	1	166875082	20	N	3	292S61H	9172
222027152	65526976	6	393	19	1	166875082	20	N	3		9443
222027153	65526976	7	396	5(b)	1	166875082	30	N	3		9211
222027154	65526976	8	390	19	1	166875082	30	N	3		68237
222027155	65526976	9	392	2	1	166875082	30	N	3		379214
222027156	65526976	10	392	7(a)	D		14	N	3		390280
222027312	65527021	1	390	21(a)	1	166875139	30	N	3		9566
222027313	65527021	2	393	9(a)	1	166875139	20	N	3		9182
222027314	65527021	3	393	30	1	166875139	30	N	3		9274
222027315	65527021	4	393	203(c)	1	166875139	30	N	3		9453
222027316	65527021	5	393	203(e)	1	166875139	19	N	3		9455
222027317	65527021	6	393	9(a)	1	166875139	20	N	3		9172
222027412	65527042	1	391	41(a)	D		1	N	3		9377
222027419	65527044	1	393	95(f)	1	166875164	28	N	3		9180
222027420	65527044	2	393	9(a)	1	166875164	20	N	3		9182
222027421	65527044	3	393	9(a)	1	166875164	20	Y	99		283327
222027422	65527044	4	393	25(f)	1	166875164	20	N	3		9271
222027423	65527044	5	393	9(a)	1	166875164	20	N	3		9172
222027424	65527044	6	392	2RG	1	166875164	30	N	3		385705
222027425	65527044	7	392	2WC	1	166875164	30	N	3		385707
222027426	65527044	8	387	303(b)(4)	D		14	N	3		9560
222027427	65527045	1	392	2W	1	166875165	47	N	3		385680
222027428	65527045	2	393	95(a)	1	166875165	28	N	3		9178
222027429	65527045	3	393	95(f)	1	166875165	28	N	3		9180
222027430	65527045	4	393	78	1	166875165	26	N	3		9347
222027431	65527045	5	393	30	1	166875165	30	N	3		9274
222027432	65527045	6	393	75(a)(1)	1	166875165	23	Y	99		9332
222027433	65527045	7	392	8	D		14	N	3		9409
222027471	65527069	1	177	834(a)	1	166875199	34	Y	99	NCPD	9639
222027472	65527069	2	393	43	2	166875200	16	Y	99	NCPD	9279
222027548	65527103	1	395	15G	D		7	N	3		9188
222027549	65527103	2	393	55(c)(1)	1	166875250	16	N	3		9300
222027550	65527103	3	396	3(a)(1)	1	166875250	16	N	3		9204
222027551	65527103	4	393	48(a)	1	166875250	16	N	3	492RX98	9288
222027552	65527103	5	396	3(a)(1)	1	166875250	15	Y	99		383183
222027559	65527109	1	391	15(a)-SIN	D		8	Y	99		393830
222027560	65527109	2	391	41(a)	D		1	N	3		9377
222027561	65527109	3	390	21(a)	1	166875258	30	N	3		9566
222027562	65527109	5	393	95(f)	1	166875258	28	N	3		9180
222027563	65527109	6	393	9(a)	1	166875258	20	N	3		9172
222027564	65527109	7	393	81	1	166875258	30	N	3		9350
222027565	65527109	8	393	25(f)	1	166875258	20	N	3		9271
222027566	65527109	9	393	9(a)	1	166875258	20	Y	99		283327
222027567	65527109	10	393	11	1	166875258	20	N	3		9422
222027568	65527109	11	393	55(b)	1	166875258	16	N	3		9299
222027569	65527109	4	392	2RG	1	166875258	30	N	3		385705
222027570	65527110	1	393	95(f)	1	166875259	28	N	3		9180
222027571	65527111	1	393	9(a)	1	166875260	20	N	3		9172
222027621	65527130	1	392	2W	1	166875284	47	N	3		385680
222027622	65527130	2	396	17(c)	1	166875284	29	N	3		9202
222027623	65527130	3	393	11	1	166875284	20	N	3		9431
222027624	65527130	4	393	75C	2	166875285	23	N	3		2909
222027654	65527136	1	391	41(a)	D		1	N	3		9377
222027655	65527136	2	390	21(a)	1	166875293	30	N	3		9566
222027656	65527136	3	393	9(a)	1	166875293	20	N	3		9172
222027657	65527136	4	393	95(a)	1	166875293	28	N	3		9178
222027658	65527136	5	393	95(f)	1	166875293	28	N	3		9180
222027659	65527136	6	392	9a(a)(1)	1	166875293	30	Y	99		352343
222027660	65527137	1	390	21(a)	1	166875294	30	N	3		9566
222027661	65527137	2	393	95(a)	1	166875294	28	N	3		9178
222027662	65527137	3	392	2	1	166875294	14	N	3		8496
222027663	65527137	4	396	17(c)	1	166875294	29	N	3		9202
222027664	65527137	5	390	19	1	166875294	30	N	3		68237
222027665	65527137	6	393	55(b)	1	166875294	16	N	3		9299
222027964	65527253	1	390	21(b)	1	166875443	30	N	3		9426
222027965	65527253	2	392	2W	1	166875443	47	N	3		385680
222027966	65527253	3	392	2MI	2	166875444	14	N	3	592RQDJ	385703
222027979	65527262	1	392	9a(a)(1)	1	166875454	30	Y	99	4444550890	337774
222027980	65527262	2	393	95(a)	1	166875454	28	N	3	4444550908	9178
222027981	65527262	3	393	9(a)	1	166875454	20	N	3	4444550911	9172
222027982	65527262	4	392	9(a)	1	166875454	25	Y	99	4444550925	9411
222028059	65527295	1	393	55(d)(1)	1	166875497	16	N	3		9302
222028146	65527325	1	392	2RG	2	166875535	30	N	3		385705
222028147	65527325	2	392	2RG	2	166875535	30	N	3		385705
222028442	65527459	1	392	2C	D		40	N	3		9389
222028443	65527459	2	392	2RG	1	166875777	30	N	3		385705
222028499	65527476	2	392	2IN	1	166875848	30	N	3	5005706404	385700
222028500	65527476	3	393	45(d)	1	166875848	16	N	3		392463
222028501	65527476	4	393	95(a)	1	166875848	28	N	3		9178
222028502	65527476	5	393	75(a)(3)	2	166875849	23	Y	1		9334
222028503	65527476	1	392	2C	D		40	N	3	W001373	9389
222028525	65527481	1	393	95(a)	1	166875865	28	N	3		9178
222028526	65527481	2	393	75(a)(1)	2	166875866	23	Y	99	8007435772	9332
222028527	65527481	3	393	75C	2	166875866	23	N	3		2909
222028528	65527481	4	392	9(a)	2	166875866	25	Y	99		9411
222028529	65527482	1	393	104(f)(3)	2	166875868	25	Y	99	W000464	255027
222028532	65527485	1	392	2-SLLEWA1	1	166875875	47	N	3	W000637	390260
222028533	65527485	2	395	8E	D		2	Y	3	3003830238	253692
222028534	65527485	3	393	11	1	166875875	20	N	3		9422
222028535	65527485	4	393	78	1	166875875	26	N	3		9347
222028536	65527485	5	393	95(a)	1	166875875	28	N	3		9178
222028537	65527485	6	395	3(a)(2)-PROP	D		4	Y	3	W000637	393840
222028538	65527486	1	392	82(a)(1)	D		14	N	3	3003830239	392492
222028539	65527486	2	393	201(a)	1	166875877	19	N	3	W000638	9445
222028540	65527487	1	392	2-SLLEWA1	1	166875878	47	N	3	W000639	390260
222028568	65527490	1	395	22(h)(4)	D		7	N	3		396422
222028569	65527490	2	393	9(a)	1	166875890	20	N	3		9172
222028570	65527490	3	393	78	1	166875890	26	N	3		9347
222028571	65527490	4	393	75(a)(3)	2	166875891	23	Y	99	W000658	9334
222028572	65527490	5	392	9(a)(2)	2	166875891	25	Y	99	W000658	9413
222028573	65527490	6	393	104(b)	2	166875891	25	N	3		10044
222028574	65527490	7	393	9(a)	2	166875891	20	N	3		9172
222028582	65527492	2	391	11B2	D		14	N	3		9372
222028583	65527492	3	395	8K2	D		3	Y	3	W000660	9198
222028584	65527492	4	392	2-SLLEWA1	1	166875894	47	N	3	W000660	390260
222028585	65527493	1	392	2-SLLS4	D		45	N	3	8007435773	390240
222028586	65527493	2	391	41(a)-F	D		1	N	3	W000465	393832
222028587	65527493	3	393	95(a)	1	166875896	28	N	3		9178
222028588	65527494	1	392	2	1	166875897	47	N	3	669905	390241
222028589	65527496	1	392	2-SLLS3	D		45	N	3	8007435775	390248
222028626	65527504	1	395	8(a)(1)	D		3	Y	3	5006675436	396451
222028627	65527504	2	395	8	D		7	N	3		9194
222028628	65527504	3	395	8	D		7	N	3		9194
222028629	65527504	4	395	8	D		7	N	3		9194
222028630	65527504	5	395	8	D		7	N	3		9194
222028631	65527504	6	395	8	D		7	N	3		9194
222028632	65527504	7	395	8	D		7	N	3		9194
222028635	65527506	1	392	2-SLLEWA1	D		47	N	3	W000325	390260
222028636	65527506	2	395	8	D		7	N	3		9194
222028637	65527506	3	395	8	D		7	N	3		9194
222028638	65527506	4	395	8	D		7	N	3		9194
222028639	65527506	5	395	8	D		7	N	3		9194
222028640	65527506	6	395	8	D		7	N	3		9194
222028643	65527508	1	392	2IRP	D		30	N	3	5005451880	385701
222028644	65527508	2	392	2IN	D		30	N	3	5005451880	385700
222028645	65527508	3	395	3(a)(3)(ii)	D		7	N	3		395654
222028646	65527508	4	395	3(a)(2)	D		4	N	3		396339
222028647	65527508	5	395	8	D		7	N	3		9194
222028648	65527508	6	393	95(f)	1	166875939	28	N	3	W000809	9180
222028649	65527509	1	395	8E	D		2	Y	3	5005451881	253692
222028650	65527509	2	395	8	D		7	N	3		9194
222028651	65527509	3	395	8	D		7	N	3		9194
222028652	65527509	4	395	8	D		7	N	3		9194
222028653	65527509	5	395	8	D		7	N	3		9194
222028654	65527509	6	393	9(a)	1	166875940	20	N	3		283327
222028664	65527514	1	396	17(c)	1	166875952	29	N	3	W001452	9202
222028665	65527514	2	396	17(c)	2	166875953	29	N	3		9202
222028671	65527518	1	395	8	D		7	N	3		9194
222028672	65527518	2	395	8	D		7	N	3		9194
222028673	65527518	3	395	8	D		7	N	3		9194
222028674	65527518	4	395	8	D		7	N	3		9194
222028675	65527518	5	395	8	D		7	N	3		9194
222028676	65527518	6	395	8	D		7	N	3		9194
222028677	65527518	7	393	9(a)	1	166875960	20	N	3		9172
222028678	65527518	8	393	95(a)	1	166875960	28	N	3		9178
222028679	65527518	9	392	2IN	1	166875960	30	N	3		385700
222028680	65527518	10	393	23	2	166875961	20	Y	1	W000326	396337
222028681	65527518	11	393	9(a)	2	166875961	20	N	3		9172
222028685	65527525	1	392	2-SLLEWA2	D		47	N	3	W000525	390250
222028689	65527527	1	392	2DIM	2	166875979	30	N	3	W001454	385697
222028691	65527528	1	392	16	D		11	N	3	8007459771	9386
222028692	65527528	2	393	60(c)	1	166875981	26	N	3		257571
222028693	65527528	3	392	2RG	1	166875981	30	N	3		385705
222028694	65527529	2	396	17(c)	2	166875983	29	N	3	W000988	9202
222028695	65527529	1	393	9(a)	1	166875982	20	N	3	W000988	283327
222028713	65527535	1	392	2PK	D		14	N	3	W000051	385704
222028714	65527535	2	391	11B2	D		14	N	3	W000051	9372
222028739	65527540	1	392	2	1	166876017	30	N	3	W000000	379214
222028740	65527541	1	391	41(a)-FPC	D		1	Y	3	5007512401	393833
222028758	65527546	1	392	2-SLLS2	D		45	N	3	W000300	390247
222028759	65527546	2	392	2FC	D		41	N	3	5006312463	9390
222028785	65527550	1	396	17(c)	1	166876045	29	N	3		9202
222028786	65527550	2	396	17(c)	2	166876046	29	N	3		9202
222028790	65527552	1	392	2-SLLS2	D		45	N	3	5006312464	390247
222028791	65527552	2	392	2FC	D		41	N	3	5006312464	9390
222028792	65527552	3	392	2LC	D		42	N	3	5006312464	9392
222028804	65527556	1	392	2-SLLEWA2	D		47	N	3	W615	390250
222028805	65527557	1	395	8E	D		2	Y	3	4003809984	253692
222028806	65527559	1	383	51(a)-NSOUT	D		8	N	3	5005149224	393815
222028807	65527561	1	395	8(a)(1)	D		3	Y	3	5005149225	396451
222028808	65527561	2	393	60(e)-WS	1	166876080	30	N	3		390337
222028809	65527561	3	396	17(c)	1	166876080	29	N	3		9202
222028810	65527561	4	393	75(a)(3)	2	166876081	23	Y	99		9334
222028813	65527565	1	392	2-SLLEWG1	D		47	N	3	OL0661697	390249
222028840	65527573	1	392	2	1	166876118	30	N	3	W000283	379214
222028841	65527574	2	392	2IRP	2	166876121	30	N	3		385701
222028844	65527576	1	392	2	D		12	N	3		396348
222028845	65527576	2	395	22(g)	D		7	N	3		396435
222028846	65527577	1	395	22(g)	D		7	N	3		396435
222028847	65527578	1	395	22(g)	D		7	N	3		396435
222028849	65527580	1	392	16	D		11	N	3	~W000719	9386
222028860	65527590	1	392	2IRP	2	166876159	30	N	3		385701
222028866	65527596	1	395	22(h)(2)	D		7	N	3		396436
222028867	65527596	2	392	60(a)	D		14	N	3	W000310	9405
222028868	65527596	3	396	17(c)	2	166876172	29	N	3		9202
222028869	65527598	1	391	41(a)-F	D		1	N	3	W000505	393832
222028870	65527599	1	392	2-SLLS3	D		45	N	3	8003813166	390248
222028871	65527599	2	392	2RG	2	166876177	30	N	3	W000506	385705
222028872	65527600	1	392	2C	D		40	N	3	4003851051	9389
222028873	65527600	2	395	8(a)(1)	D		3	Y	3	4003851051	396451
222028874	65527600	3	393	11	1	166876178	20	N	3		9422
222028876	65527603	1	392	2W	D		47	N	3	0666615	385680
222028886	65527613	1	392	2IN	1	166876203	30	N	3	8003813167	385700
222028887	65527613	2	393	23	2	166876204	20	Y	1	W000508	396337
222028889	65527617	1	395	8E	D		2	Y	3	4003851054	253692
222028890	65527617	2	393	11	1	166876209	20	N	3		9422
222028891	65527618	1	392	2C	D		40	N	3	4003851055	9389
222028917	65527624	1	395	8F01	D		3	N	3	W000893	396252
222028918	65527624	2	393	95(a)	1	166876231	28	N	3		9178
222028924	65527626	1	392	2FC	D		41	N	3	W000894	9390
222028925	65527628	1	392	2C	D		40	N	3	4003851057	9389
222028926	65527628	2	395	8(a)(1)	D		3	Y	3	4003851057	396451
222028955	65527629	1	393	47(e)	1	166876257	15	N	3		257965
222028956	65527629	2	393	53(b)	1	166876257	16	N	3		385681
222028957	65527629	3	393	75(a)(3)	1	166876257	23	Y	99	W000303	9334
222028985	65527639	1	392	2-SLLEWG1	D		47	N	3	0665674	390249
222028986	65527639	2	393	9(a)	1	166876279	20	N	3	W000691	9182
222028987	65527639	3	393	9(a)	1	166876279	20	N	3		283327
222028988	65527639	4	393	45PC	1	166876279	16	N	3		392459
222028989	65527639	5	392	2	2	166876280	14	N	3	W000691	8496
222028990	65527641	1	392	2-SLLS3	D		45	N	3	5003915952	390248
222028991	65527641	2	391	11B2	D		14	N	3		9372
222028992	65527643	1	392	2	1	166876287	30	N	3		379214
222028993	65527643	2	393	9(a)	1	166876287	20	N	3		9182
222028994	65527643	3	393	9(a)	1	166876287	20	N	3		283327
222028995	65527643	4	393	134(b)(2)	1	166876287	25	Y	99	W000310	257415
222028997	65527645	1	392	2-SLLS2	D		45	N	3	5007439177	390247
222029020	65527648	1	392	2IN	1	166876310	30	N	3	W000631	385700
222029021	65527648	2	396	17(c)	2	166876311	29	N	3	W000631	9202
222029022	65527650	1	395	22(h)(4)	D		7	N	3	W000632	396422
222029023	65527650	2	392	2-SLLEWA1	D		47	N	3	W000632	390260
222029024	65527650	3	396	17(c)	2	166876315	29	N	3	W000632	9202
222029025	65527651	1	391	41(a)-F	D		1	N	3	W000633	393832
222029027	65527653	1	392	2DL	D		14	N	3	W000752	385698
222029028	65527653	2	392	2	1	166876318	47	N	3	00668806	390241
222029029	65527654	1	392	16	D		11	N	3	5006524798	9386
222029030	65527654	2	392	2-SLLEWA1	1	166876320	47	N	3	W000753	390260
222029037	65527656	2	392	2RG	1	166876325	30	N	3	W000634	385705
222029038	65527656	3	393	78	1	166876325	26	N	3	W000634	9347
222029041	65527659	1	392	2-SLLS2	D		45	N	3	W000754	390247
222029042	65527661	1	393	60(c)	1	166876338	26	N	3		257571
222029043	65527661	2	393	78	1	166876338	26	N	3		9347
222029044	65527661	3	392	2WC	1	166876338	30	N	3		385707
222029045	65527662	1	392	2-SLLS2	D		45	N	3		390247
222029068	65527663	1	392	2-SLLS2	D		45	N	3	W000755	390247
222029069	65527663	2	392	2IN	D		30	N	3	W000755	385700
222029098	65527668	1	392	2-SLLS3	D		45	N	3	~W001646	390248
222029099	65527668	2	393	30	2	166876359	30	N	3		9274
222029117	65527675	1	392	2WC	2	166876373	30	N	3	3007345502	385707
222029118	65527675	2	393	205(c)	2	166876373	24	N	3	~W001649	9458
222029119	65527675	3	393	60(c)	1	166876372	26	N	3		257571
222029120	65527675	4	393	203	1	166876372	30	N	3		9450
222029121	65527676	1	392	2-SLLS3	D		45	N	3	~W001648	390248
222029122	65527676	2	393	11	2	166876375	20	Y	99		9422
222029123	65527676	3	393	9(a)	2	166876375	20	N	3		9172
222029124	65527676	4	393	9(a)	2	166876375	20	N	3		9172
222029125	65527676	5	393	9(a)	2	166876375	20	N	3		9172
222029126	65527676	6	393	75(a)(2)	2	166876375	23	N	3		9333
222029127	65527676	7	393	82	1	166876374	30	N	3		9351
222029128	65527676	8	392	2RG	2	166876375	30	N	3		385705
222029129	65527676	9	392	2IN	1	166876374	30	N	3	~W001648	385700
222029130	65527676	10	396	17(c)	2	166876375	29	N	3		9202
222029131	65527676	12	393	116	2	166876375	25	Y	1	3007345501	3542
222029133	65527681	1	390	21(b)	1	166876383	30	N	3	~W001650	9426
222029134	65527681	2	392	2RG	1	166876383	30	N	3		385705
222029135	65527681	3	396	17(c)	1	166876383	29	N	3		9202
222029136	65527681	4	392	2RG	2	166876384	30	N	3		385705
222029137	65527681	5	396	17(c)	2	166876384	29	N	3		9202
222029138	65527681	6	393	60(c)	1	166876383	26	N	3		257571
222029139	65527681	7	393	100(a)	1	166876383	25	Y	1		9417
222029140	65527681	8	392	2RG	1	166876383	30	N	3	VN938686	385705
222029141	65527681	9	393	75(a)(1)	2	166876384	23	N	3		9332
222029142	65527681	10	393	75C-OOS	2	166876384	99	N	3		396408
222029143	65527681	11	393	75C	2	166876384	23	Y	99		2909
222029144	65527681	12	393	47(d)	1	166876383	16	Y	99	3007345503	257964
222029145	65527681	13	393	47(d)	1	166876383	16	Y	99		257964
222029146	65527681	14	393	9(a)	1	166876383	20	N	3		9172
222029147	65527681	15	393	9(a)	1	166876383	20	N	3		9172
222029148	65527681	16	393	9(a)	1	166876383	20	N	3		9172
222029149	65527681	17	393	11	2	166876384	20	N	3		9422
222029150	65527681	18	393	9(a)	2	166876384	20	Y	99		9172
222029160	65527688	1	393	205(c)	2	166876398	24	N	3	W000871	9458
222029161	65527690	1	393	9(a)	1	166876401	20	N	3		9183
222029162	65527690	2	393	9(a)	2	166876402	20	Y	1	W000619	9172
222029178	65527696	1	392	2-SLLS2	1	166876418	45	N	3	W000587	390247
222029184	65527700	1	392	2MI	1	166876428	14	N	3	~W000316	385703
222030848	65528995	1	393	9(a)	1	166878929	20	N	3		9172
222030849	65528995	2	393	75(a)(3)	1	166878929	23	Y	99		9334
222030850	65528995	3	393	75(a)(3)	1	166878929	23	Y	99		9334
222030851	65528996	1	393	9(a)	2	166878931	20	Y	99		283327
222030867	65529022	1	393	9(a)	1	166878982	20	N	3		9172
222030868	65529022	2	393	9(a)	1	166878982	20	N	3		9172
222030869	65529022	3	393	9(a)	1	166878982	20	N	3		9172
222030870	65529022	4	393	9(a)	2	166878983	20	Y	99		9172
222030871	65529041	1	393	75(a)(3)	2	166879020	23	Y	99		9334
222030872	65529043	1	393	75(a)(3)	1	166879023	23	Y	99		9334
222030873	65529043	2	393	75(a)(3)	2	166879024	23	Y	99		9334
222030874	65529044	1	393	9(a)	2	166879026	20	Y	99		9172
222030875	65529044	2	393	9(a)	2	166879026	20	Y	99		9172
222030876	65529044	3	396	3(a)(1)	2	166879026	30	N	3		9203
222030877	65529044	4	396	3(a)(1)	2	166879026	30	N	3		9203
222030878	65529045	1	393	203(e)	1	166879027	19	N	3		9455
222030879	65529045	2	393	203(c)	1	166879027	30	Y	99		9453
222030880	65529045	3	393	9(a)	1	166879027	20	N	3		9172
222030881	65529045	4	396	3(a)(1)	1	166879027	30	N	3		9203
222030885	65529063	1	393	75C	2	166879067	23	N	3		2909
222030886	65529065	1	392	2	D		12	N	3		396347
222030887	65529065	2	393	203(e)	1	166879070	19	N	3		9455
222030888	65529065	3	393	203(c)	1	166879070	30	N	3		9453
222030889	65529065	4	396	3(a)(1)	1	166879070	30	N	3		9203
222030901	65529076	1	392	2IN	2	166879102	30	N	3		385700
222030902	65529083	1	393	75(a)(3)	1	166879115	23	Y	99		9334
222030903	65529084	1	392	9a(a)(1)	1	166879117	30	Y	99		337774
222030913	65529085	1	393	75(a)(3)	1	166879123	23	Y	99		9334
222030914	65529085	2	393	203(b)	1	166879123	19	N	3		9452
222030915	65529085	3	393	65	1	166879123	18	Y	99		9315
222030916	65529085	4	393	24(a)	1	166879123	20	N	3		257953
222030917	65529085	5	396	5(b)	1	166879123	30	N	3		9211
222030918	65529085	6	393	201(a)	2	166879124	19	Y	99		9445
222030919	65529085	7	393	207(a)	2	166879124	22	Y	99		9459
222030920	65529085	8	393	100(b)	2	166879124	25	Y	99		254958
222030921	65529086	1	393	75(a)(3)	1	166879125	23	Y	99		9334
222030922	65529086	2	393	60(c)	1	166879125	26	N	3		257571
222030923	65529086	3	393	203(a)	1	166879125	30	N	3		9451
222030924	65529086	4	393	209(d)	1	166879125	21	Y	99		8493
222030925	65529086	5	393	203(b)	1	166879125	19	N	3		9452
222030926	65529086	6	393	207(c)	1	166879125	22	Y	99		9328
222030927	65529086	7	396	5(b)	1	166879125	30	N	3		9211
222030928	65529086	8	393	209(d)	1	166879125	21	Y	99		8493
222030929	65529086	9	393	24(a)	1	166879125	20	N	3		257953
222030930	65529086	10	393	9(a)	1	166879125	20	N	3		9172
222030931	65529086	11	396	3(a)(1)	2	166879126	30	N	3		9203
222030933	65529093	1	392	2IN	1	166879141	30	N	3		385700
222030934	65529094	1	393	75(a)(3)	2	166879144	23	Y	99		9334
222030935	65529103	1	392	2	D		14	N	3		8496
222030936	65529107	1	393	55(e)	2	166879169	16	N	3		9305
222030945	65529112	1	393	102(a)	2	166879185	25	Y	99		9419
222030946	65529112	2	393	75(a)(3)	2	166879185	23	Y	99		9334
222030947	65529123	1	392	2IRP	1	166879206	30	N	3		385701
222030948	65529129	1	395	30(b)(1)	D		50	N	3		396430
222030953	65529134	1	393	75(a)(3)	2	166879230	23	Y	99		9334
222030954	65529137	1	395	8(a)	D		3	Y	3		254677
222030955	65529139	1	393	102(a)	1	166879239	25	Y	99		9419
222030956	65529139	2	393	75(a)(3)	1	166879239	23	Y	99		9334
222030957	65529140	1	393	9(a)	1	166879241	20	N	3		9182
222030958	65529141	1	393	55(e)	2	166879244	16	N	3		9305
222030959	65529141	2	392	2RG	2	166879244	30	N	3		385705
222030960	65529141	3	393	102(a)	1	166879243	25	Y	99		9419
222030961	65529145	1	393	9(a)	2	166879254	20	Y	99		283327
222030967	65529149	1	392	2IRP	1	166879264	30	N	3		385701
222030968	65529149	2	393	75(a)(3)	1	166879264	23	Y	99		9334
222030969	65529149	3	393	45PC	1	166879264	16	N	3		392459
222030970	65529149	4	392	2IRP	2	166879265	30	N	3		385701
222030975	65529157	1	392	2C	D		40	N	3	8564261	9389
222030976	65529157	2	392	2	D		14	N	3	8564262	8496
222030977	65529158	1	392	2-SLLS3	D		45	N	3	8564264	390248
222030978	65529160	1	395	8(a)	D		3	Y	3		254677
222030979	65529166	1	393	95(f)	2	166879298	28	N	3		9180
222030980	65529166	2	393	102(a)	1	166879297	25	Y	99		9419
222030981	65529167	1	392	2MI	D		14	N	3	8568606	385703
222030982	65529168	1	392	2MI	D		14	N	3	8568607	385703
222030983	65529169	1	392	2MI	D		14	N	3	8568608	385703
222030984	65529170	1	392	2MI	D		14	N	3	8568609	385703
222030985	65529170	2	392	2FC	D		41	N	3	8568610	9390
222030986	65529172	1	392	2-SLLS2	D		45	N	3	8525086	390247
222030987	65529173	1	392	16	D		11	N	3		9386
222030989	65529179	1	392	2-SLLS4	D		45	N	3	8564265	390240
222030990	65529180	1	393	9(a)	1	166879325	20	N	3	8564266	9182
222030991	65529180	2	393	9(a)	2	166879326	20	Y	99	8654267	396450
222030993	65529182	1	392	2-SLLS4	D		45	N	3	8564269	390240
222030994	65529186	2	393	55(d)(3)	2	166879338	16	N	3		9304
222030995	65529186	3	395	22(h)(4)	D		7	N	3		396422
222030996	65529186	4	393	95(b)	1	166879337	28	N	3		257980
222031004	65529197	1	393	9(a)	2	166879367	20	N	3		9172
222031005	65529199	1	393	60(b)	1	166879370	26	N	3		257570
222031006	65529199	2	393	80	1	166879370	30	N	3		9349
222031021	65529204	1	392	2C	D		40	N	3	8547623	9389
222031022	65529205	1	392	2-SLLS2	D		45	N	3	8516166	390247
222031025	65529212	1	393	75(a)(3)	1	166879410	23	Y	99		9334
222031032	65529215	1	393	45(b)(2)	1	166879416	16	N	3		392461
222031033	65529215	2	395	24(c)(2)(i)	D		50	N	3		396437
222031034	65529215	3	395	8	D		7	N	3		9194
222031035	65529216	1	395	8	D		7	N	3		9194
222031036	65529217	1	393	9(a)	1	166879420	20	N	3		283327
222031037	65529217	2	393	19	1	166879420	20	N	3		9443
222031038	65529217	3	393	25(f)	1	166879420	20	N	3		9271
222031039	65529217	4	392	2IRP	2	166879421	30	N	3		385701
222031040	65529217	5	395	15I9	D		7	N	3		396267
222031042	65529219	1	392	2C	D		40	N	3	8547625	9389
222031047	65529221	1	393	75C	2	166879449	23	N	3		2909
222031048	65529222	1	393	19	2	166879451	20	N	3		9443
222031049	65529222	2	393	9(a)	2	166879451	20	Y	99		283327
222031050	65529225	1	393	9(a)	2	166879457	20	N	3		9172
222031051	65529225	2	393	201(a)	2	166879457	19	Y	99		9445
222031052	65529226	1	390	21(a)	1	166879458	30	N	3		9566
222031064	65529235	1	395	8	D		7	N	3		9194
222031065	65529235	2	395	3(b)(2)	D		6	Y	3		393843
222031066	65529235	3	393	9(a)	1	166879503	20	N	3		283327
222031067	65529236	1	393	9(a)	1	166879504	20	N	3		283327
222031068	65529236	2	393	9(a)	1	166879504	20	N	3		9172
222031069	65529237	1	393	9(a)	2	166879507	20	N	3		9172
222031070	65529241	1	392	2	1	166879514	14	N	3		8496
222031071	65529241	2	393	9(a)	2	166879515	20	N	3		9172
222031072	65529241	3	395	24(c)(2)(iii)	D		50	N	3		396427
222031073	65529241	4	395	8	D		7	N	3		9194
222031074	65529241	5	395	8	D		7	N	3		9194
222031075	65529241	6	395	22(h)(4)	D		7	N	3		396422
222031082	65529247	1	393	9(a)	1	166879546	20	N	3		9182
222031083	65529247	2	393	9(a)	2	166879547	20	Y	99		9172
222031084	65529248	1	393	95(f)	1	166879548	28	N	3		9180
222031085	65529251	1	395	8	D		7	N	3		9194
222031086	65529251	2	395	20(b)	D		7	N	3		396438
222031087	65529252	1	393	75(a)(1)	2	166879557	23	Y	99		9332
222031088	65529261	1	393	45(d)	1	166879589	16	N	3		257960
222031089	65529261	2	393	9(a)	1	166879589	20	N	3		9183
222031090	65529261	3	393	75(a)(3)	2	166879590	23	Y	99		9334
222031091	65529261	4	393	75(a)(1)	2	166879590	23	N	3		9332
222031092	65529264	1	393	75(a)(3)	2	166879596	23	Y	99		9334
222031093	65529271	1	392	2	2	166879610	14	N	3		8496
222031094	65529272	1	392	2	D		14	N	3		8496
222031096	65529279	1	392	2	D		14	N	3	8544632	8496
222031097	65529279	2	392	2	D		14	N	3	8544633	8496
222031098	65529280	1	392	2	D		14	N	3	8544634	8496
222031099	65529280	2	395	8(a)	D		3	Y	3	8544635	254677
222031100	65529280	3	392	2	D		14	N	3	8544636	8496
222031101	65529282	1	393	75(a)(3)	1	166879639	23	Y	99		9334
222031103	65529290	1	392	2	2	166879656	14	N	3		8496
222031104	65529297	1	393	75(a)(3)	1	166879675	23	Y	99		9334
222031106	65529299	1	393	75(a)(3)	1	166879679	23	Y	99		9334
222031107	65529300	1	393	75(a)(3)	1	166879680	23	Y	99		9334
222031437	65529391	1	392	2FC	D		41	N	3		9390
222031438	65529391	2	393	9(a)	2	166879958	20	N	3		9172
222031444	65529398	1	393	9(a)	1	166879973	20	N	3		283327
222031445	65529398	2	393	75(a)(3)	1	166879973	23	Y	99		9334
222031446	65529398	3	393	60(c)	1	166879973	26	N	3		257571
222031447	65529398	4	392	2RG	2	166879974	30	N	3		385705
222031454	65529410	1	392	2-SLLS2	D		45	N	3		390247
222031455	65529410	2	393	95(f)	1	166879997	28	N	3		9180
222031521	65529436	1	392	2-SLLEWA2	D		47	N	3	M920935	390250
222031522	65529436	2	392	2	D		47	N	3	M920954	390281
222031523	65529436	3	392	2-SLLEWA2	D		47	N	3		390250
222031524	65529436	4	393	75(f)(2)	2	166880047	23	N	3		9342
222031525	65529437	1	392	2	D		14	N	3	M909278	8496
222031526	65529437	2	393	70B1I	1	166880048	17	Y	99		396253
222031527	65529437	3	396	3(a)(1)	2	166880049	30	Y	99		9203
222031528	65529437	4	393	28	2	166880049	30	N	3		9273
222031529	65529437	5	393	201(a)	2	166880049	19	Y	99		9445
222031530	65529437	6	178	345-8(c)	2	166880049	39	N	3		9531
222031544	65529452	1	393	78	1	166880082	26	N	3		9347
222031545	65529452	2	393	9(a)	2	166880081	20	N	3		9172
222031546	65529452	3	393	45(d)	1	166880082	16	N	3		257960
222031547	65529452	4	396	5(b)	1	166880082	24	N	3		392472
222031548	65529452	5	393	45	2	166880081	16	Y	99		9283
222031549	65529452	6	396	3(a)(1)	1	166880082	16	Y	99		9208
222031550	65529452	7	395	8(a)(1)	D		3	Y	3		396451
222031551	65529452	8	396	17(c)	1	166880082	29	N	3		9202
222031589	65529465	1	393	45PC	1	166880120	16	N	3		392459
222031593	65529466	1	392	2-SLLS2	D		45	N	3		390247
222031594	65529467	1	392	2-SLLS2	D		45	N	3		390247
222031627	65529476	1	383	51(a)-SIN	D		8	Y	3	M706072	393816
222031628	65529476	2	392	2	D		47	N	3		390266
222031646	65529485	1	393	9(a)	2	166880178	20	Y	4		396450
222031683	65529496	1	392	2-SLLS1	D		45	N	3		390251
222031684	65529496	2	395	8(a)(1)	D		3	Y	3		396451
222031691	65529503	1	393	9(a)	1	166880220	20	N	3		9172
222031696	65529507	1	392	2-SLLS1	D		45	N	3		390251
222031712	65529511	1	392	2-SLLS2	D		45	N	3		390247
222031713	65529511	2	392	2RG	1	166880244	30	N	3		385705
222031715	65529518	1	392	16	D		11	N	3		9386
222031716	65529518	2	393	93(b)	1	166880259	30	N	3		9177
222031717	65529518	3	393	130	1	166880259	25	Y	4		3556
222031767	65529533	1	392	2IRP	2	166880297	30	N	3		385701
222031768	65529533	2	392	2-SLLSWZ	D		45	N	3		390297
222031769	65529534	1	392	2-SLLS1	D		45	N	3		390251
222031786	65529546	1	392	2-SLLS1	D		45	N	3		390251
222031787	65529546	2	392	2RG	1	166880325	30	N	3		385705
222031858	65529588	1	392	2IRP	D		30	N	3	M874206	385701
222031859	65529588	2	393	9(a)	1	166880416	20	N	3		283327
222031860	65529588	3	393	95(a)	1	166880416	28	N	3		9178
222031861	65529588	4	393	9(a)	1	166880416	20	N	3		283327
222031862	65529588	5	393	25(f)	1	166880416	20	N	3		9271
222031863	65529588	6	393	9(a)	1	166880416	20	N	3		9172
222031864	65529588	7	396	3A1T	2	166880417	23	N	3		9209
222031865	65529588	8	390	19(a)(1)	1	166880416	30	N	3		393823
222031866	65529588	9	392	2IN	1	166880416	30	N	3		385700
222031868	65529590	1	392	2-SLLS2	D		45	N	3		390247
222031869	65529590	2	392	2	D		14	N	3		8496
222031876	65529598	1	392	2-SLLS1	D		45	N	3		390251
222031877	65529599	1	392	2-SLLSWZ	D		45	N	3		390297
222031901	65529602	1	396	17(c)	1	166880456	29	N	3		9202
222031926	65529613	1	392	2IN	1	166880486	30	N	3		385700
222031927	65529613	2	393	75A	2	166880487	23	Y	99		8494
222031936	65529615	1	392	2-SLLS2	D		45	N	3		390247
222031996	65529634	1	392	2RG	1	166880538	30	N	3		385705
222031997	65529634	2	383	91(a)	D		14	Y	3		9552
222031998	65529634	3	393	9(a)	2	166880539	20	N	3		9183
222031999	65529634	4	393	9(a)	2	166880539	20	N	3		9172
222032000	65529634	5	392	2P	D		43	N	3		9393
222032056	65529659	1	393	60(c)	1	166880588	26	N	3		257571
222032057	65529659	2	393	9(a)	2	166880589	20	N	3		9172
222032100	65529670	1	392	2RG	D		30	N	3		385705
222032101	65529670	2	392	2RG	D		30	N	3		385705
222032102	65529670	3	396	17(c)	2	166880642	29	N	3	W531421	9202
222032103	65529670	4	393	9(a)	2	166880642	20	N	3		9172
222032104	65529670	5	393	9(a)	2	166880642	20	N	3		9172
222032135	65529676	1	383	23(a)(2)	D		14	Y	3	20192420311998	9547
222032136	65529676	2	393	9(a)	1	166880670	20	N	3		9172
222032137	65529676	3	393	9(a)	1	166880670	20	N	3		9172
222032138	65529676	4	393	9(a)	1	166880670	20	N	3		9172
222032139	65529676	5	396	17(c)	1	166880670	29	N	3	W533467	9202
222032140	65529676	6	396	17(c)	2	166880671	29	N	3		9202
222032141	65529676	7	393	9(a)	2	166880671	20	Y	99		9172
222032142	65529677	1	392	2-SLLS3	D		45	N	3		390248
222032197	65529684	1	392	16	D		11	N	3	20192420311999	9386
222032205	65529686	1	392	2LV	D		14	N	3	W540418	385702
222032207	65529688	1	392	2	D		30	N	3		379214
222032208	65529688	2	392	82(a)(1)	D		14	N	3	W540420	392492
222032209	65529688	3	392	9a(a)(1)	1	166880745	30	Y	99	W540421	337774
222032233	65529692	1	392	2LC	D		42	N	3		9392
222032234	65529694	1	392	82(a)(1)	D		14	N	3		392492
222032241	65529696	1	392	2IN	D		30	N	3		385700
222032242	65529696	2	392	2MI	D		14	N	3	20192420368562	385703
222032264	65529700	1	392	2LV	D		14	N	3	W540422	385702
222032284	65529705	1	392	2MI	D		14	N	3	20192420513832	385703
222032285	65529706	1	392	82(a)(1)	D		14	N	3	W542872	392492
222032286	65529706	2	392	2DL	D		14	N	3		385698
222032344	65529717	1	396	17(c)	D		29	N	3	W534269	9202
222032345	65529717	2	393	9(a)	1	166880907	20	N	3		9172
222032346	65529717	3	393	9(a)	1	166880907	20	N	3		9172
222032347	65529717	4	393	9(a)	2	166880908	20	N	3		9172
222032348	65529719	1	392	16	D		11	N	3	20192420367839	9386
222032358	65529722	1	392	2DIM	2	166880922	30	N	3	W540651	385697
222032359	65529722	2	392	2RG	2	166880922	30	N	3		385705
222032360	65529724	1	392	2IRP	1	166880924	30	N	3	20192420605870	385701
222032361	65529724	2	396	17(c)	1	166880924	29	N	3	W540653	9202
222032362	65529724	3	393	45(d)	1	166880924	16	N	3		257960
222032363	65529724	4	393	9(a)	1	166880924	20	N	3		9172
222032364	65529724	5	392	2FT	D		14	N	3	20192420605869	385699
222032365	65529724	6	396	9(d)(2)	1	166880924	30	N	3	W540654	9214
222032366	65529724	7	387	301(a)	D		14	N	3		9558
222032371	65529727	1	392	2-SLLS4	D		45	N	3	20192420593052	390240
222032372	65529727	2	396	17(c)	2	166880938	29	N	3	W530693	9202
222032394	65529732	1	395	15G01	D		7	N	3		396254
222032395	65529732	2	392	2IN	D		30	N	3		385700
222032396	65529732	3	393	78	1	166880962	26	N	3		9347
222032397	65529732	4	393	45(d)	1	166880962	16	N	3		392462
222032402	65529734	1	393	95(a)	1	166880977	28	N	3		9178
222032403	65529734	2	393	75C	1	166880977	23	N	3		2909
222032404	65529734	3	393	75C-OOS	1	166880977	99	Y	99		396408
222032405	65529734	4	393	75C-OOS	1	166880977	99	Y	99	W527042	396408
222032413	65529738	1	392	2IRP	1	166880988	30	N	3	20192420525016	385701
222032414	65529738	2	393	95(a)	1	166880988	28	N	3		9178
222032415	65529738	3	393	95(f)	1	166880988	28	N	3		9180
222032416	65529738	4	393	75(a)(3)	1	166880988	23	Y	99		9334
222032433	65529739	1	393	78	1	166881008	26	N	3		9347
222032434	65529739	2	393	48(a)	1	166881008	16	N	3		9288
222032435	65529739	3	396	5(b)	1	166881008	24	Y	99		392472
222032554	65529751	1	392	2W	D		47	N	3	W541229	385680
222032555	65529751	2	383	23(a)(2)	D		14	Y	3		9547
222032581	65529756	1	395	22(h)(2)	D		7	N	3		396436
222032582	65529756	2	392	2-SLLEWA1	D		47	N	3	W542790	390260
222032583	65529756	3	396	17(c)	1	166881143	29	N	3	W542791	9202
222032584	65529756	4	396	17(c)	2	166881144	29	N	3	W542792	9202
222032636	65529765	1	393	75(a)(3)	2	166881211	23	Y	99		9334
222032639	65529767	1	392	2MI	D		14	N	3	W542794	385703
222032640	65529767	2	392	2DIM	2	166881216	30	N	3	W542795	385697
222032660	65529780	1	392	16	D		11	N	3	20192420050442	9386
222032697	65529787	1	392	2DIM	D		30	N	3	W534414	385697
222032734	65529799	1	392	2-SLLS2	D		45	N	3		390247
222032736	65529801	1	392	2-SLLS2	D		45	N	3		390247
222032853	65529815	1	392	2-SLLS2	D		45	N	3		390247
222032854	65529815	2	393	9(a)	1	166881472	20	N	3		9172
222032855	65529815	3	393	75C	2	166881473	23	N	3		2909
222032885	65529829	1	392	2LV	D		14	N	3		385702
222032954	65529844	1	392	2-SLLEWG1	D		47	N	3	W526946	390249
222032955	65529845	1	392	2-SLLEWA1	D		47	N	3	W526947	390260
222032962	65529851	1	393	75(a)(3)	2	166881602	23	Y	99		9334
222032964	65529853	1	392	2DIM	D		30	N	3	W537334	385697
222032965	65529853	2	395	8E	D		2	Y	3		253692
222032970	65529856	1	392	2IRP	D		30	N	3		385701
222032971	65529856	2	396	17(c)	1	166881616	29	N	3		9202
222032972	65529856	3	393	95(a)	1	166881616	28	N	3		9178
222032973	65529856	4	390	21(b)	1	166881616	30	N	3		9426
222032974	65529856	5	393	43	2	166881617	16	Y	1	W539929	9279
222032975	65529856	6	396	17(c)	2	166881617	29	N	3		9202
222032996	65529858	1	392	2-SLLEWA1	D		47	N	3	W542814	390260
222032997	65529859	1	393	9(a)	1	166881634	20	N	3		9172
222032998	65529859	2	393	9(a)	1	166881634	20	N	3		9183
222032999	65529859	3	396	3(a)(1)	1	166881634	30	N	3		9203
222033000	65529859	4	393	9(a)	2	166881635	20	N	3		9172
222033001	65529859	5	395	8(a)(1)	D		3	Y	3	W542815	396451
222033002	65529859	6	395	8E	D		2	Y	3		253692
222033057	65529874	1	392	9(a)(2)	D		25	Y	3		9413
222033058	65529876	1	392	16	D		11	N	3	20182420109187	9386
222033073	65529878	1	392	82(a)(1)	D		14	N	3	W540571	392492
222033074	65529878	2	396	17(c)	1	166881735	29	N	3	W540572	9202
222033075	65529879	1	392	2-SLLS1	D		45	N	3		390251
222033106	65529890	1	393	9(a)	2	166881768	20	Y	99		283327
222033107	65529890	2	392	2-SLLEWA2	2	166881768	47	N	3		390250
222033186	65529929	1	395	8(a)(1)	D		3	Y	3	190529782	396451
222033187	65529929	2	395	22(g)	D		7	N	3		396435
222033188	65529929	3	392	2	1	166881849	14	N	3		8496
222033189	65529929	4	393	86(a)(5)	2	166881850	30	N	3		9364
222033226	65529974	1	392	2-SLLEWA2	2	166881943	47	N	3		390250
222033227	65529974	2	392	2RG	1	166881942	30	N	3	190537891	385705
222033233	65530006	1	392	2-SLLEWA2	2	166881997	47	N	3		390250
222033234	65530007	1	392	2-SLLEWA2	2	166881999	47	N	3		390250
222033235	65530008	1	392	2	2	166882001	47	N	3		390266
222033237	65530013	1	392	2-SLLEWA1	1	166882008	47	N	3		390260
222033238	65530014	1	392	2-SLLEWA1	2	166882011	47	N	3		390260
222033246	65530023	1	392	2-SLLEWA1	2	166882027	47	N	3		390260
222033247	65530024	1	392	2-SLLEWA2	2	166882029	47	N	3		390250
222033264	65530047	1	393	70B1I	1	166882072	17	Y	99		396253
222033265	65530047	2	393	25(f)	2	166882073	20	Y	99		9271
222033266	65530047	3	393	47(d)	1	166882072	16	N	3		257964
222033267	65530047	4	392	2IRP	2	166882073	30	N	3	190530171	385701
222033291	65530076	1	393	9(a)	2	166882132	20	Y	99		283327
222033292	65530076	2	393	75A	2	166882132	23	Y	99		8494
222033325	65530120	1	392	2-SLLS3	D		45	N	3		390248
222033336	65530139	1	392	2-SLLEWA1	D		47	N	3	WARNING	390260
222033344	65530144	1	392	2Y	D		48	N	3	190547600	9398
222033351	65530165	1	392	2-SLLEWA1	D		47	N	3	WARNING	390260
222033371	65530191	1	392	2-SLLEWA2	D		47	N	3	WARNING	390250
222033404	65530235	1	393	47(a)	1	166882438	16	N	3		257961
222033405	65530236	1	393	47(d)	1	166882440	16	N	3		257964
222033406	65530236	2	396	3(a)(1)	1	166882440	15	Y	99		383183
222033501	65530380	1	395	15G02	D		7	N	3	W595335	396190
222033502	65530380	2	395	8F01	D		3	N	3	W595335	396252
222033503	65530380	3	392	2-SLLS3	D		45	N	3	W595335	390248
222033504	65530380	4	392	2IN	1	166882698	30	N	3	W595335	385700
222033520	65530397	1	392	2	D		12	N	3	190547974	396348
222033521	65530397	2	392	2MI	D		14	N	3	190547974	385703
222033522	65530397	3	393	60(c)	1	166882736	26	N	3		257571
222033523	65530397	4	393	203	1	166882736	30	N	3		9450
222033528	65530407	1	392	2-SLLS3	D		45	N	3		390248
222033569	65530455	1	396	3(a)(1)	2	166882860	15	Y	99		383183
222033615	65530475	1	392	2LV	D		14	N	3	190552293	385702
222033616	65530475	2	395	8K2	D		3	Y	3	190552293	9198
222033617	65530475	3	395	3(a)(3)-PROP	D		4	N	3		393841
222033618	65530475	4	395	3(a)(3)(ii)	D		7	N	3		395654
222034474	65530501	1	392	2-SLLS3	D		45	N	3	WARNING	390248
222034475	65530501	2	395	24(d)	D		7	N	3		396428
222034517	65530513	1	392	2-SLLS2	D		45	N	3		390247
222034542	65530518	1	392	2-SLLS3	D		45	N	3	WARNING	390248
222034563	65530523	1	392	2RG	1	166883704	30	N	3		385705
222034564	65530523	2	393	60(c)	1	166883704	26	N	3		257571
222034565	65530523	3	393	9(a)	1	166883704	20	N	3		9172
222034566	65530523	4	393	9(a)	1	166883704	20	N	3		9172
222034567	65530523	5	393	9(a)	1	166883704	20	N	3		9172
222034568	65530523	6	393	9(a)	2	166883705	20	Y	99		9172
222034569	65530523	7	393	9(a)	2	166883705	20	Y	99		9172
222034570	65530523	8	393	9(a)	2	166883705	20	Y	99		9172
222034571	65530523	9	392	2FT	1	166883704	14	N	3		385699
222034625	65530537	1	392	2-SLLS3	D		45	N	3		390248
222034652	65530540	1	392	2-SLLS3	D		45	N	3		390248
222034658	65530542	1	392	2-SLLS1	D		45	N	3		390251
222034704	65530556	1	392	2-SLLS3	D		45	N	3		390248
222034705	65530556	2	392	2MI	D		14	N	3		385703
222034716	65530564	1	392	2-SLLS3	D		45	N	3		390248
222034717	65530564	2	392	2LV	D		14	N	3		385702
222034718	65530564	3	395	8(a)(1)	D		3	Y	3		396451
222034754	65530579	1	392	2-SLLS1	D		45	N	3		390251
222034762	65530586	1	395	15G02	D		7	N	3		396190
222034862	65530601	1	392	2-SLLS2	D		45	N	3		390247
222034871	65530606	1	392	2-SLLS3	D		45	N	3		390248
222034972	65530617	1	393	9(a)	1	166884137	20	N	3		9172
222034974	65530619	1	393	9(a)	1	166884140	20	N	3		9172
222034975	65530619	2	396	5(b)	1	166884140	24	N	3		392474
222034976	65530619	3	391	41(a)-F	D		1	N	3		393832
222035034	65530627	1	392	2-SLLS3	D		45	N	3		390248
222035055	65530629	1	392	2-SLLS2	1	166884204	45	N	3		390247
222035095	65530638	1	392	2-SLLS2	D		45	N	3		390247
222035133	65530652	1	392	2-SLLS2	D		45	N	3		390247
222035134	65530653	1	392	2-SLLS2	D		45	N	3		390247
222035352	65530679	1	392	2-SLLS2	D		45	N	3	WARNING	390247
222035353	65530679	2	392	2FC	D		41	N	3		9390
222035354	65530680	1	392	2-SLLS2	D		45	N	3	WARNING	390247
222035355	65530680	2	392	2FC	D		41	N	3		9390
222035357	65530682	1	392	2-SLLS2	D		45	N	3	WARNING	390247
222035366	65530684	1	392	2LV	D		14	N	3		385702
222035367	65530684	3	392	2FC	D		41	N	3		9390
222035368	65530684	5	383	51(a)-NSIN	D		8	N	3		393814
222035375	65530688	1	392	2-SLLEWA1	D		47	N	3	11756407	390260
222035406	65530699	1	392	2-SLLS2	D		45	N	3		390247
222035407	65530699	2	395	8	D		7	N	3		9194
222035408	65530699	3	395	8	D		7	N	3		9194
222035409	65530699	4	395	8	D		7	N	3		9194
222035410	65530699	5	395	8	D		7	N	3		9194
222035411	65530699	6	395	8	D		7	N	3		9194
222035412	65530699	7	395	15G01	D		7	N	3		396254
222035413	65530699	8	396	17(c)	2	166884546	29	N	3		9202
222035423	65530703	1	392	2-SLLS4	D		45	N	3	WARNING	390240
222035424	65530703	2	392	2FC	D		41	N	3		9390
222035425	65530703	3	395	22(g)	D		7	N	3		396435
222035438	65530712	1	392	2-SLLEWA1	D		47	N	3	117574945	390260
222035475	65530718	1	392	2-SLLS2	D		45	N	3		390247
222035477	65530720	1	392	2-SLLS3	D		45	N	3		390248
222035478	65530721	1	392	2-SLLS2	D		45	N	3		390247
222035479	65530721	2	393	75(a)(2)	2	166884617	23	Y	99		9333
222035480	65530721	3	395	8E	D		2	Y	3	000120171633	253692
222035481	65530721	4	392	2DL	D		14	N	3		385698
222035483	65530723	1	395	8E	D		2	N	3		253692
222036237	65530840	1	392	2LV	D		14	N	3		385702
222036238	65530840	2	391	41(a)	D		1	N	3		9377
222036239	65530840	3	395	8(a)(1)	D		3	Y	3	X3430602	396451
222036241	65530842	1	392	2RG	D		30	N	3		385705
222036242	65530843	1	392	2MI	D		14	N	3	X3437950	385703
222036243	65530844	1	392	2-SLLEWA1	2	166885482	47	N	3		390260
222036244	65530844	2	392	2-SLLEWA1	2	166885482	47	N	3		390260
222036246	65530846	1	393	9(a)	1	166885485	20	N	3	X3437857	9182
222036247	65530846	2	392	2IRP	1	166885485	30	N	3		385701
222036248	65530846	3	393	9(a)	2	166885486	20	Y	99		9183
222036249	65530846	4	393	9(a)	2	166885486	20	N	3		9172
222036250	65530847	1	393	9(a)	1	166885487	20	N	3		9182
222036251	65530847	2	393	47(e)	2	166885488	15	N	3		257965
222036252	65530847	3	393	53(b)	2	166885488	16	N	3		385681
222036253	65530848	1	392	2RG	1	166885489	30	N	3	X3438153	385705
222036254	65530848	2	393	81	1	166885489	30	N	3		9350
222036255	65530848	3	393	9(a)	1	166885489	20	N	3		9172
222036256	65530848	4	393	9(a)	2	166885490	20	N	3		9172
222036257	65530848	5	393	55(e)	2	166885490	16	N	3		9305
222036258	65530848	6	393	130(c)	2	166885490	25	Y	99	X3438153	256308
222036259	65530849	1	383	71(h)	D		14	N	3		396336
222036260	65530849	2	383	23(a)(2)	D		14	Y	3	X3438185	9547
222036261	65530849	3	393	9(a)	1	166885491	20	N	3		9182
222036262	65530849	4	393	9(a)	1	166885491	20	N	3		283327
222036263	65530849	5	393	9(a)	1	166885491	20	Y	99	X3438185	283327
222036264	65530849	6	393	9(a)	1	166885491	20	Y	99		396450
222036265	65530850	1	392	2-SLLEWA2	D		47	N	3	X3438256	390250
222036266	65530851	1	393	100(c)	1	166885494	25	Y	1		254961
222036270	65530853	1	392	2RG	D		30	N	3	X3439506	385705
222036271	65530855	1	393	9(a)	1	166885500	20	N	3		9183
222036272	65530855	2	393	9(a)	1	166885500	20	N	3		283327
222036273	65530855	3	393	25(f)	1	166885500	20	N	3		9271
222036274	65530856	1	395	8(a)(1)	D		3	Y	3	X3437825	396451
222036275	65530856	2	395	15A2	1	166885502	7	N	3		396204
222036276	65530856	3	395	15G02	1	166885502	7	N	3		396190
222036277	65530856	4	393	9(a)	1	166885502	20	N	3		9182
222036278	65530856	5	393	9(a)	1	166885502	20	N	3		283327
222036279	65530857	1	392	2FC	D		41	N	3		9390
222036288	65530869	1	392	2W	D		47	N	3	X3416978	385680
222036289	65530870	1	392	2PK	D		14	N	3		385704
222036291	65530871	1	392	2MI	1	166885534	14	N	3		385703
222036301	65530875	1	392	2-SLLS2	D		45	N	3		390247
222036302	65530875	2	393	60(c)	1	166885540	26	N	3		257571
222036303	65530875	3	393	9(a)	1	166885540	20	N	3		9172
222036304	65530875	4	393	9(a)	1	166885540	20	N	3		9172
222036305	65530875	5	393	78	1	166885540	26	N	3		9347
222036306	65530875	6	390	21(c)	1	166885540	30	N	3		9368
222036307	65530875	7	393	9(a)	1	166885540	20	N	3		9183
222036308	65530875	8	392	2WC	2	166885541	30	N	3		385707
222036309	65530875	9	392	2WC	2	166885541	30	N	3		385707
222036310	65530875	10	393	9(a)	2	166885541	20	N	3		9172
222036311	65530875	11	393	201(a)	2	166885541	19	N	3		9445
222036312	65530875	12	392	9(a)(2)	2	166885541	25	Y	99		9413
222036313	65530876	1	392	2-SLLEWA1	D		47	N	3		390260
222036314	65530877	1	393	75(f)(2)	2	166885545	23	N	3		9342
222036315	65530877	2	396	3A1T	2	166885545	23	Y	99		9209
222036316	65530877	3	393	45(d)	2	166885545	16	N	3		392462
222036317	65530877	4	393	25(f)	2	166885545	20	Y	99	X3422459	9271
222036321	65530879	1	393	9(a)	1	166885553	20	N	3		9183
222036322	65530879	2	393	75A	2	166885554	23	Y	99	X3449875	8494
222036323	65530879	3	393	47(e)	2	166885554	15	N	3		257965
222036324	65530879	4	393	53(b)	2	166885554	16	N	3		385681
222036325	65530879	5	396	3(a)(1)	2	166885554	16	Y	99		9208
222036326	65530880	1	392	2-SLLEWA2	D		47	N	3		390250
222036328	65530882	1	392	2P	D		43	N	3	X3430465	9393
222036329	65530882	2	391	15(a)-SIN	D		8	Y	3	83-7-19	393830
222036333	65530884	1	392	2-SLLEWA2	D		47	N	3		390250
222036335	65530889	1	392	2IRP	1	166885571	30	N	3	X3443562	385701
222036336	65530890	1	392	2MI	D		14	N	3		385703
222036345	65530894	1	392	2PK	D		14	N	3		385704
222036380	65530905	1	383	23(a)(2)	D		14	Y	3	X3447037	9547
222036381	65530905	2	393	9(a)	1	166885608	20	N	3		9182
222036382	65530905	3	393	9(a)	1	166885608	20	N	3		9183
222036383	65530906	1	392	2IRP	1	166885609	30	N	3		385701
222036384	65530906	2	393	23	2	166885610	20	N	3		257952
222036385	65530906	3	393	25(f)	2	166885610	20	N	3		9271
222036386	65530906	4	393	75C	2	166885610	23	N	3		2909
222036387	65530906	5	393	75C-OOS	2	166885610	99	Y	99		396408
222036388	65530906	6	393	75C-OOS	2	166885610	99	Y	99	X3447347	396408
222036389	65530906	7	393	47(e)	2	166885610	15	N	3		257965
222036390	65530906	8	393	53(b)	2	166885610	16	N	3		385681
222036391	65530906	9	393	47(e)	2	166885610	15	N	3		257965
222036392	65530906	10	393	47(e)	2	166885610	15	N	3		257965
222036393	65530907	1	393	9(a)	1	166885611	20	N	3		9172
222036394	65530907	2	393	78	1	166885611	26	N	3		9347
222036395	65530908	1	392	2-SLLEWA1	D		47	N	3	X3447375	390260
222036400	65530911	1	393	9(a)	1	166885618	20	N	3	X3447685	9172
222036401	65530911	2	390	21(b)	D		30	N	3	X3447685	9426
222036402	65530911	3	392	2	D		30	N	3		379214
222036403	65530913	1	392	2LC	D		42	N	3		9392
222036405	65530914	1	392	2RG	1	166885625	30	N	3	X3417010	385705
222036410	65530917	1	392	2RG	1	166885631	30	N	3		385705
222036411	65530918	1	392	2MI	D		14	N	3		385703
222036412	65530918	2	390	21(b)	1	166885633	30	N	3	X3447376	9426
222036414	65530920	1	392	2PK	D		14	N	3		385704
222036415	65530921	1	392	2RG	1	166885641	30	N	3		385705
222036419	65530923	3	383	23(a)(2)	D		14	Y	3		9547
222036420	65530923	1	391	45(b)	D		1	N	3	X3438464	8487
222036421	65530923	2	392	2LV	D		14	N	3	X3438464	385702
222036428	65530926	1	392	2RG	1	166885653	30	N	3	X3438854	385705
222036429	65530926	2	393	70(d)(8)	2	166885652	17	Y	1		257975
222036461	65530941	1	393	9(a)	1	166885687	20	N	3	WARNING	283327
222036462	65530941	2	393	9(a)	1	166885687	20	N	3		9172
222036463	65530941	3	393	19	1	166885687	20	N	3		9443
222036464	65530941	4	392	2RG	1	166885687	30	N	3		385705
222036472	65530942	1	393	9(a)	1	166885692	20	N	3		9182
222036473	65530942	2	393	95(a)	1	166885692	28	N	3		9178
222036474	65530942	3	393	75C	1	166885692	23	N	3		2909
222036475	65530942	4	393	75C	1	166885692	23	N	3		2909
222036476	65530942	5	390	21(a)	1	166885692	30	N	3		9566
222036477	65530942	6	392	2IN	1	166885692	30	N	3	X3437847	385700
222036478	65530942	7	392	2RG	1	166885692	30	N	3	X3437847	385705
222036484	65530945	1	392	2RG	2	166885698	30	N	3		385705
222036485	65530945	2	393	9(a)	2	166885698	20	N	3		9183
222036486	65530945	3	393	9(a)	1	166885697	20	Y	99		283327
222036487	65530945	4	393	95(a)	1	166885697	28	N	3		9178
222036488	65530945	5	393	67(c)(7)	1	166885697	18	N	3		9320
222036489	65530945	6	396	3(a)(1)	1	166885697	16	Y	99	X3440258	9208
222036494	65530947	1	392	2C	D		40	N	3		9389
222036512	65530953	1	391	49(j)	D		1	N	3		9380
222036513	65530953	2	395	8(a)(1)	D		3	N	3		396451
222036514	65530953	3	395	22(h)(1)	D		7	N	3		396420
222036515	65530953	4	395	22(h)(2)	D		7	N	3		396436
222036516	65530953	5	395	22(h)(3)	D		7	N	3		396421
222036517	65530953	6	395	22(h)(4)	D		7	N	3		396422
222036518	65530953	7	390	21(a)	1	166885712	30	N	3		9566
222036519	65530954	1	392	2-SLLEWA2	D		47	N	3	X3436001	390250
222036520	65530955	1	393	60(c)	1	166885715	26	N	3		257571
222036521	65530955	2	393	9(a)	1	166885715	20	N	3		283327
222036522	65530955	3	393	25(f)	1	166885715	20	N	3		9271
222036523	65530955	4	393	19	1	166885715	20	N	3		9443
222036524	65530955	5	396	17(c)	1	166885715	29	N	3		9202
222036527	65530957	1	393	9(a)	1	166885722	20	N	3		9172
222036528	65530957	2	393	55(e)	2	166885723	16	N	3		9305
222036529	65530958	1	392	2-SLLEWA2	D		47	N	3	X3438965	390250
222036530	65530960	1	393	45(d)	2	166885729	16	N	3		257960
222036531	65530960	2	393	55(e)	2	166885729	16	N	3		9305
222036532	65530961	1	393	9(a)	1	166885730	20	N	3		9182
222036534	65530963	1	392	2IRP	1	166885733	30	N	3		385701
222036535	65530964	1	393	95(a)	1	166885734	28	N	3		9178
222036536	65530964	2	172	516(c)(6)	2	166885735	32	N	3		9576
222036538	65530966	1	393	11	1	166885737	20	N	3		9422
222036539	65530967	1	393	11	1	166885739	20	N	3		9422
222036540	65530968	1	393	11	1	166885741	20	N	3		9422
222036541	65530968	2	392	2RG	2	166885742	30	N	3		385705
222036560	65530979	1	395	22(g)	1	166885762	7	N	3		396435
222036561	65530979	2	393	9(a)	1	166885762	20	N	3		9183
222036562	65530979	3	393	9(a)	1	166885762	20	N	3		9172
222036563	65530980	1	392	2PK	D		14	N	3	X3442278	385704
222036570	65530988	1	383	23(a)(2)	D		14	Y	3		9547
222036571	65530988	2	393	95(a)	1	166885789	28	N	3		9178
222036572	65530988	3	393	95(f)	1	166885789	28	N	3		9180
222036573	65530988	4	392	2MI	1	166885789	14	N	3		385703
222036574	65530988	5	393	43	2	166885790	16	Y	99		9279
222036575	65530988	6	392	9(a)	2	166885790	25	Y	1		9411
222036576	65530988	7	392	2RG	2	166885790	30	N	3		385705
222036582	65530990	1	392	2-SLLEWA1	D		47	N	3	881916550001	390260
222036583	65530991	1	393	9(a)	1	166885799	20	N	3		9172
222036584	65530991	2	393	26	1	166885799	20	N	3		9272
222036585	65530992	1	390	21(a)	1	166885800	30	N	3		9566
222036586	65530992	2	392	2DIM	2	166885801	30	N	3		385697
222036587	65530992	3	393	43	2	166885801	16	N	3		9279
222036588	65530992	4	393	26	1	166885800	20	N	3		9272
222036589	65530992	5	393	25(f)	2	166885801	20	N	3		9271
222036590	65530992	6	393	9(a)	2	166885801	20	Y	99		283327
222036591	65530993	1	393	26	1	166885802	20	N	3		9272
222036592	65530994	1	392	2DL	D		14	N	3		385698
222036593	65530994	2	393	25(f)	2	166885804	20	Y	99		9271
222036594	65530994	3	393	9(a)	2	166885804	20	Y	99		283327
222036595	65530994	4	393	9(a)	1	166885803	20	N	3		9172
222036596	65530994	5	396	3(a)(1)	1	166885803	30	N	3		9203
222036597	65530994	6	392	2RG	1	166885803	30	N	3		385705
222036598	65530995	1	392	2-SLLEWA1	D		47	N	3		390260
222036599	65530996	1	392	2-SLLEWA1	D		47	N	3		390260
222036600	65530996	2	392	2RG	1	166885807	30	N	3		385705
222036601	65530996	3	395	8	D		7	N	3		9194
222036602	65530996	4	395	8F01	D		3	N	3		396252
222036606	65530998	1	393	11	1	166885811	20	N	3		9428
222036607	65530998	2	393	26	2	166885812	20	N	3		9272
222036608	65530998	3	392	2RG	1	166885811	30	N	3		385705
222036609	65530999	1	390	21(a)	1	166885813	30	N	3		9566
222036610	65530999	2	392	2WC	1	166885813	30	N	3		385707
222036611	65530999	3	393	26	1	166885813	20	N	3		9272
222036612	65530999	4	392	82(a)(1)	1	166885813	14	N	3		392492
222036613	65530999	5	177	834(a)	1	166885813	34	Y	1		9639
222036614	65531000	1	393	26	1	166885814	20	N	3		9272
222036618	65531002	1	393	55(d)(2)	2	166885826	16	N	3		9303
222036619	65531003	1	392	2-SLLS3	D		45	N	3		390248
222036620	65531003	2	392	2RG	1	166885827	30	N	3		385705
222036621	65531004	1	393	9(a)	1	166885831	20	N	3		9182
222036622	65531004	2	392	2RG	1	166885831	30	N	3		385705
222036628	65531005	1	392	16	D		11	N	3	881904390001	9386
222036629	65531005	2	392	16B	D		11	N	3		396396
222036630	65531005	3	393	9(a)	1	166885842	20	N	3		9172
222036631	65531007	1	395	8	D		7	N	3		9194
222036632	65531007	2	395	8	D		7	N	3		9194
222036633	65531007	3	395	8	D		7	N	3		9194
222036634	65531007	4	395	8	D		7	N	3		9194
222036635	65531007	5	395	8E	D		2	Y	3	881917140001	253692
222036636	65531008	1	392	2	D		47	N	3	881916590001	390266
222036637	65531008	2	392	2-SLLEWA2	D		47	N	3		390250
222036638	65531008	3	392	2-SLLEWA2	D		47	N	3		390250
222036639	65531008	4	393	95(a)	1	166885849	28	N	3		9178
222036640	65531008	5	393	75C	1	166885849	23	N	3		2909
222036641	65531009	1	392	2MI	1	166885850	14	N	3		385703
222036642	65531009	2	392	8	D		14	N	3		9409
222036643	65531009	3	393	95(a)	1	166885850	28	N	3		9178
222036644	65531010	1	392	2-SLLEWA1	D		47	N	3		390260
222036645	65531010	2	395	8E	D		2	Y	3		253692
222036646	65531014	1	392	2-SLLEWA1	D		47	N	3		390260
222036654	65531018	1	390	21(b)	1	166885872	30	N	3		9426
222036655	65531018	2	396	3A1T	2	166885873	23	N	3		9209
222036661	65531020	1	392	2-SLLEWA1	D		47	N	3		390260
222036662	65531021	1	392	82(a)(1)	D		14	N	3	881900730006	392492
222036663	65531021	2	392	2RG	D		30	N	3		385705
222036664	65531021	3	392	2RG	D		30	N	3		385705
222036665	65531022	1	392	82(a)(1)	D		14	N	3	881900730007	392492
222036666	65531022	2	383	23(a)(2)	D		14	Y	3		9547
222036667	65531023	1	392	2AU	1	166885885	30	N	3		385695
222036668	65531023	2	393	75B	1	166885885	23	N	3		254322
222036669	65531023	3	393	75B	1	166885885	23	N	3		254322
222036670	65531023	4	393	95(a)	1	166885885	28	N	3		9178
222036671	65531024	1	392	2DIM	D		30	N	3	881916200001	385697
222036672	65531025	1	393	201(b)	1	166885889	19	N	3		9446
222036673	65531026	1	392	2MI	1	166885890	14	N	3		385703
222036674	65531026	2	392	2MI	1	166885890	14	N	3		385703
222036675	65531027	1	393	11	1	166885892	20	N	3		9422
222036676	65531028	1	392	2-SLLEWA1	D		47	N	3		390260
222036677	65531029	1	395	15G01	D		7	N	3		396254
222036678	65531030	1	395	15G01	D		7	N	3		396254
222036679	65531031	1	392	2-SLLEWA1	D		47	N	3		390260
222036680	65531031	2	395	15G02	D		7	N	3		396190
222036681	65531032	1	392	2-SLLEWA1	1	166885902	47	N	3		390260
222036682	65531032	2	393	45(d)	1	166885902	16	Y	99		257960
222036683	65531033	1	392	2RG	2	166885904	30	N	3		385705
222036684	65531034	1	392	2AU	D		30	N	3		385695
222036685	65531034	2	392	2MI	1	166885905	14	N	3		385703
222036686	65531034	3	392	2MI	1	166885905	14	N	3		385703
222036687	65531034	4	393	95(a)	1	166885905	28	N	3	27	9178
222036688	65531034	5	393	95(f)	1	166885905	28	N	3		9180
222036689	65531034	6	392	2RG	1	166885905	30	N	3		385705
222036690	65531035	1	392	2-SLLEWA1	2	166885909	47	N	3		390260
222036692	65531039	1	393	95(a)	1	166885916	28	N	3		9178
222036693	65531039	2	393	9(a)	2	166885917	20	N	3		9172
222036694	65531039	3	393	25(f)	2	166885917	20	N	3		9271
222036695	65531039	4	393	9(a)	2	166885917	20	Y	99		283327
222036696	65531040	1	392	2C	D		40	N	3		9389
222036700	65531043	1	392	2-SLLEWA1	D		47	N	3	881917830001	390260
222036701	65531044	1	392	2-SLLEWA1	D		47	N	3		390260
222036702	65531044	2	393	45(b)(2)	1	166885931	16	N	3		392461
222036703	65531046	1	395	22(g)	1	166885935	7	N	3		396435
222036704	65531047	1	392	2WC	2	166885938	30	N	3		385707
222036705	65531048	1	393	55(e)	2	166885940	16	N	3		9305
222036708	65531050	1	391	41(a)-F	D		1	N	3	881904020013	393832
222036709	65531050	2	392	16	D		11	N	3	881904020014	9386
222036710	65531050	3	392	2DL	D		14	N	3		385698
222036711	65531052	1	392	2	D		14	N	3		8496
222036712	65531052	2	393	45	1	166885950	16	N	3		9283
222036713	65531055	1	392	2FT	1	166885955	14	N	3		385699
222036714	65531057	1	392	2-SLLEWA1	D		47	N	3		390260
222036715	65531057	2	392	2RG	D		30	N	3		385705
222036719	65531059	1	392	2MI	D		14	N	3		385703
222036720	65531060	1	392	2MI	D		14	N	3		385703
222036722	65531066	1	392	2-SLLS2	D		45	N	3		390247
222036723	65531066	2	392	2RG	1	166885979	30	N	3		385705
222036724	65531067	1	392	2-SLLS2	D		45	N	3		390247
222036725	65531069	1	393	95(a)	1	166885983	28	N	3		9178
222036726	65531071	1	390	21(b)	1	166885985	30	N	3		9426
222036727	65531071	2	393	9(a)	1	166885985	20	N	3		9172
222036728	65531071	3	393	95(a)	1	166885985	28	N	3		9178
222036729	65531073	1	392	2-SLLS2	D		45	N	3		390247
222036730	65531074	1	392	2-SLLS2	D		45	N	3		390247
222036731	65531075	1	392	2-SLLS2	D		45	N	3		390247
222036732	65531076	1	392	2-SLLS2	D		45	N	3		390247
222036733	65531077	1	376	11(d)(1)	D		14	N	3		396114
222036734	65531079	1	392	2-SLLEWA1	D		47	N	3		390260
222036735	65531080	1	391	41(a)-F	D		1	N	3		393832
222036736	65531080	2	393	60(d)	1	166885999	26	N	3		9308
222036737	65531081	1	392	16	D		11	N	3	881900710002	9386
222036738	65531081	2	392	2RG	D		30	N	3		385705
222036739	65531081	3	392	2FT	D		14	N	3		385699
222036740	65531082	1	392	2MI	D		14	N	3		385703
222036741	65531083	1	393	87(a)	1	166886004	30	Y	99		257978
222036742	65531087	1	392	2	D		12	N	3		396348
222036743	65531088	1	393	9(a)	2	166886013	20	N	3		9172
222036744	65531088	2	393	100(b)	2	166886013	25	Y	99		254958
222036745	65531089	1	392	2MI	1	166886014	14	N	3		385703
222036746	65531089	2	392	2RG	1	166886014	30	N	3		385705
222036747	65531090	1	392	2-SLLS2	D		45	N	3		390247
222037518	65531215	1	392	2IRP	1	166886654	30	N	3		385701
222037579	65531226	1	392	16	D		11	N	3		9386
222037580	65531226	2	393	60(c)	1	166886705	26	N	3		257571
222037581	65531226	3	393	203(a)	1	166886705	30	N	3		9451
222037582	65531226	4	393	48(a)	1	166886705	16	Y	99		9288
222037583	65531226	5	393	47(e)	1	166886705	15	N	3		257965
222037584	65531226	6	393	53(b)	1	166886705	16	N	3		385681
222037585	65531226	7	393	47(e)	1	166886705	15	N	3		257965
222037586	65531226	8	396	3(a)(1)	1	166886705	15	Y	99		383183
222037587	65531226	9	392	2RG	1	166886705	30	N	3		385705
222037588	65531226	10	392	2IN	1	166886705	30	N	3		385700
222037926	65531277	1	392	2WC	2	166887000	30	N	3		385707
222037927	65531277	2	392	9(a)(2)	D		25	N	3		9413
222037928	65531279	1	392	2-SLLS2	D		45	N	3	WARNING	390247
222037933	65531283	1	392	2-SLLS2	D		45	N	3	191319	390247
222037942	65531290	1	392	2C	D		40	N	3	U-0163	9389
222037943	65531290	2	395	15B	D		7	N	3		9185
222037974	65531306	1	172	202(a)(2)	D		31	N	3		8592
222037975	65531306	2	172	203(c)(2)	D		31	N	3		8602
222037976	65531306	3	172	202(b)	D		31	N	3		8596
222037997	65531325	1	393	11	1	166887113	20	N	3		9422
222037998	65531325	2	393	11	1	166887113	20	N	3		9422
222038024	65531334	1	392	9(a)(2)	1	166887131	25	Y	99		9413
222038025	65531334	2	390	21(a)	1	166887131	30	N	3		9566
222038026	65531334	3	393	95(a)	1	166887131	28	N	3		9178
222038035	65531339	1	395	15G01	D		7	N	3		396254
222038036	65531339	2	392	2RG	1	166887139	30	N	3		385705
222038037	65531339	3	396	17(c)	1	166887139	29	N	3		9202
222038047	65531346	1	393	78	1	166887157	26	N	3		9347
222038048	65531346	2	393	11	2	166887158	20	N	3		9422
222038053	65531353	1	392	2FC	D		41	N	3	WARNING	9390
222038072	65531366	1	392	2-SLLEWA1	D		47	N	3	1148	390260
222038075	65531372	1	383	71(h)	D		14	N	3		396336
222038078	65531378	1	383	23(a)(2)	D		14	Y	3		9547
222038084	65531393	1	392	2-SLLS2	D		45	N	3	WARNING	390247
222038092	65531401	1	392	2-SLLS3	D		45	N	3	13311139	390248
222038108	65531410	1	392	2-SLLS2	D		45	N	3	WARNING	390247
222038113	65531413	1	392	9(a)(1)	2	166887300	25	Y	1		9412
222038114	65531413	2	393	11	2	166887300	20	N	3		9422
222038115	65531413	3	392	2	2	166887300	14	N	3		8496
222038116	65531413	4	393	75C	2	166887300	23	N	3		2909
222038117	65531413	5	396	17(c)	2	166887300	29	N	3		9202
222038118	65531413	7	392	2	2	166887300	14	Y	99		8496
222038119	65531414	1	392	2-SLLEWA1	2	166887302	47	N	3	010220191430	390260
222038122	65531417	1	395	15G02	D		7	N	3		396190
222038123	65531417	2	396	17(c)	1	166887309	29	N	3		9202
222038129	65531427	1	395	24(c)(2)(ii)	D		50	N	3		396426
222038130	65531427	2	395	24(c)(2)(iii)	D		50	N	3		396427
222038134	65531430	1	392	2WC	2	166887336	30	N	3		385707
222038141	65531438	1	392	2	1	166887356	47	N	3	WARNING	390266
222038142	65531438	2	392	2-SLLEWA1	1	166887356	47	N	3	B542373	390260
222038163	65531451	1	393	9(a)	1	166887380	20	N	3		9172
222038164	65531451	2	393	45(d)	2	166887381	16	N	3		257960
222038165	65531454	1	393	75(a)(3)	1	166887386	23	Y	99		9334
222038166	65531454	2	392	2MI	D		14	N	3	20191119	385703
222038167	65531454	3	396	3A1-LLEAK	1	166887386	18	Y	99		396180
222038168	65531454	4	393	205(a)	1	166887386	24	Y	99		9456
222038169	65531454	5	393	75(a)(3)	2	166887387	23	Y	99		9334
222038170	65531454	6	393	207(a)	2	166887387	22	Y	99		9459
222038171	65531454	7	396	3(a)(1)	2	166887387	30	Y	99		9203
222038174	65531456	1	392	9(a)(1)	2	166887391	25	Y	99		9412
222038192	65531464	1	392	16	D		11	N	3		9386
222038204	65531471	1	392	2C	D		40	N	3	WARNING	9389
222038205	65531472	1	392	2MI	D		14	N	3	WARNING	385703
222038206	65531472	2	392	2IRP	2	166887436	30	N	3		385701
222038211	65531474	1	392	2RG	2	166887439	30	N	3	WARNING	385705
222038229	65531480	1	395	22(h)(4)	D		7	N	3		396422
222038234	65531482	1	392	9(a)(1)	2	166887455	25	Y	1		9412
222038235	65531482	2	172	502(a)(2)	1	166887454	32	N	3		8681
222038236	65531482	3	393	75C	2	166887455	23	N	3		2909
222038261	65531505	1	393	75(a)(3)	1	166887506	23	Y	99		9334
222038262	65531505	2	393	9(a)	1	166887506	20	N	3		9172
222038263	65531505	3	393	60(d)	1	166887506	26	N	3		9308
222038268	65531510	1	393	41	1	166887518	16	Y	99		9278
222038269	65531510	2	393	43(d)	2	166887519	16	Y	99		9281
222038271	65531512	1	392	2WC	2	166887523	30	N	3		385707
222038272	65531512	2	393	55(e)	2	166887523	16	N	3		9305
222038273	65531512	3	396	3(a)(1)	2	166887523	15	Y	99		383183
222038274	65531512	4	393	47(e)	2	166887523	15	N	3		257965
222038275	65531512	5	393	53(b)	2	166887523	16	N	3		385681
222038276	65531512	6	393	47(e)	2	166887523	15	N	3		257965
222038277	65531512	7	393	207(a)	2	166887523	22	Y	99		9459
222038278	65531512	8	393	207(a)	2	166887523	22	Y	99		9459
222038279	65531512	9	393	9(a)	1	166887522	20	N	3		9172
222038280	65531512	10	393	47(a)	1	166887522	16	Y	99		257961
222038302	65531530	1	392	82(a)(1)	D		14	N	3		392492
222038343	65531559	1	396	17(c)	1	166887626	29	N	3		9202
222038344	65531559	2	393	47(e)	1	166887626	15	N	3		257965
222038345	65531559	3	393	53(b)	1	166887626	16	N	3		385681
222038346	65531559	4	393	75(a)(2)	1	166887626	23	N	3		9333
222038347	65531559	5	393	75(a)(2)	1	166887626	23	N	3		9333
222038348	65531559	6	393	78	1	166887626	26	N	3		9347
222038349	65531559	7	396	3A1T	2	166887627	23	Y	1		9209
222038354	65531567	1	392	2-SLLEWA1	D		47	N	3	191151 (3020)	390260
222038355	65531567	2	392	2	D		47	N	3		390241
222038359	65531582	1	172	202(a)(3)	1	166887673	31	N	3		8593
222038377	65531606	1	392	2C	D		40	N	3	JK0ZK2U	9389
222038385	65531614	1	395	8K2	D		3	Y	3		9198
222038399	65531625	1	390	21(b)	1	166887774	30	N	3		9426
222038400	65531625	2	376	11(d)(1)	1	166887774	14	N	3		396114
222038403	65531634	1	391	41(a)-F	D		1	N	3		393832
222038404	65531634	2	395	8F01	D		3	Y	3		396252
222038405	65531634	3	392	2	1	166887791	30	N	3		379214
222038406	65531634	4	390	19B2-BIENNIAL	1	166887791	99	N	3		396411
222038424	65531640	1	393	9(a)	2	166887808	20	Y	99		9183
222038429	65531646	1	395	15G02	D		7	N	3		396190
222038447	65531659	1	392	2-SLLEWA2	D		47	N	3	SCBAFYD	390250
222038448	65531659	2	392	2IN	1	166887854	30	N	3		385700
222038449	65531659	3	393	9(a)	1	166887854	20	N	3		9172
222038450	65531659	4	393	78	1	166887854	26	N	3		9347
222038451	65531659	5	393	75A	1	166887854	23	Y	99		8494
222038452	65531659	6	393	9(a)	1	166887854	20	N	3		9172
222038460	65531667	1	392	2-SLLEWA2	D		47	N	3	OHP03150958	390250
222038461	65531667	2	393	9(a)	1	166887868	20	N	3		9172
222038463	65531670	1	393	9(a)	2	166887876	20	N	3		9172
222038468	65531675	1	392	2	D		47	N	3	181037	390281
222038478	65531680	1	392	71(a)	D		13	N	3		9408
222038483	65531684	1	393	95(a)	1	166887903	28	N	3		9178
222038503	65531690	1	390	21(b)	1	166887918	30	N	3		9426
222038504	65531690	2	393	95(a)	1	166887918	28	N	3		9178
222038505	65531690	3	393	95(f)	1	166887918	28	N	3		9180
222038506	65531690	4	393	43	2	166887919	16	Y	99		9279
222038507	65531690	5	391	41(a)-F	D		1	N	3		393832
222038509	65531694	1	395	8(a)(1)	D		3	Y	3		396451
222038510	65531694	2	393	9(a)	1	166887925	20	N	3		9172
222038513	65531698	1	393	23	2	166887934	20	Y	1		396337
222038530	65531720	1	392	2LC	D		42	N	3		9392
222038531	65531720	2	395	8E	D		2	Y	3		253692
222038536	65531728	1	393	75(a)(3)	1	166888001	23	Y	99		9334
222038537	65531728	2	393	75(a)(3)	1	166888001	23	Y	99		9334
222038538	65531728	3	393	75(a)(4)	1	166888001	23	Y	99		9335
222038539	65531728	4	392	2	1	166888001	14	N	3		8496
222038540	65531728	5	393	9(a)	1	166888001	20	N	3		9172
222038541	65531728	6	393	9(a)	1	166888001	20	N	3		9172
222038542	65531728	7	393	9(a)	1	166888001	20	N	3		9172
222038543	65531728	8	393	9(a)	1	166888001	20	N	3		9172
222038544	65531728	9	393	9(a)	1	166888001	20	N	3		9172
222038545	65531728	10	393	9(a)	1	166888001	20	N	3		9172
222038546	65531728	11	393	9(a)	1	166888001	20	N	3		9172
222038547	65531728	12	393	9(a)	1	166888001	20	N	3		9172
222038548	65531728	13	393	60(c)	1	166888001	26	N	3		257571
222038549	65531728	14	393	11	1	166888001	20	N	3		9422
222038550	65531728	15	393	9(a)	1	166888001	20	N	3		9172
222038551	65531728	16	393	9(a)	1	166888001	20	N	3		9172
222038552	65531728	17	393	9(a)	1	166888001	20	N	3		9172
222038553	65531729	1	395	8(a)(1)	D		3	Y	3		396451
222038595	65531763	1	392	2	D		12	N	3		396348
222038596	65531771	1	393	55(d)(3)	2	166888082	16	N	3		9304
222038597	65531774	1	390	21(b)	1	166888087	30	N	3		9426
222038598	65531776	1	393	9(a)	1	166888091	20	N	3		9172
222038599	65531795	1	392	82(a)(1)	D		14	N	3		392492
222038604	65531798	1	392	2FC	D		41	N	3	WARNING	9390
222038605	65531798	2	393	55(e)	2	166888134	16	N	3		9305
222038606	65531798	3	393	75C	2	166888134	23	N	3		2909
222038607	65531798	4	393	75C	2	166888134	23	N	3		2909
222038625	65531818	1	395	8K2	D		3	Y	3		9198
222038631	65531831	1	392	2	D		12	N	3		396348
222038633	65531834	1	392	2	D		47	N	3	191424	390241
222038634	65531835	1	392	2MI	D		14	N	3	191352	385703
222038651	65531845	1	392	16	D		11	N	3	1772	9386
222038652	65531845	2	393	9(a)	1	166888230	20	N	3		9182
222038653	65531845	3	393	9(a)	1	166888230	20	N	3		9172
222038654	65531845	4	392	9a(a)(1)	1	166888230	30	Y	99		337774
222038655	65531845	5	393	60(c)	1	166888230	26	N	3		257571
222038685	65531862	1	392	2IN	1	166888272	30	N	3		385700
222038686	65531862	2	396	17(c)	1	166888272	29	N	3		9202
222038687	65531862	3	392	2	1	166888272	14	N	3		8496
222038688	65531862	4	392	2	1	166888272	14	N	3		8496
222038689	65531862	5	393	203(a)	1	166888272	30	N	3		9451
222038699	65531872	1	393	9(a)	1	166888291	20	N	3		9172
222038714	65531884	1	392	8	D		14	N	3		9409
222038715	65531884	2	393	95(a)	1	166888322	28	N	3		9178
222038716	65531884	3	392	2RG	1	166888322	30	N	3		385705
222038717	65531886	1	393	86(a)(2)	2	166888326	30	N	3		9361
222038737	65531895	1	396	3(a)(1)	1	166888341	16	N	3		9208
222038738	65531895	2	393	45(b)(2)	1	166888341	16	N	3		392460
222038739	65531895	3	393	47(e)	1	166888341	15	N	3		257965
222038740	65531895	4	393	53(b)	1	166888341	16	N	3		385681
222038741	65531895	5	393	47(e)	2	166888342	15	N	3		257965
222038742	65531895	6	396	3(a)(1)	1	166888341	15	Y	99		383183
222038743	65531896	1	393	95(f)	1	166888343	28	N	3		9180
222038744	65531896	2	396	3(a)(1)	1	166888343	16	N	3		9208
222038745	65531896	3	393	45(b)(2)	1	166888343	16	N	3		257958
222038755	65531903	1	396	17(c)	1	166888356	29	N	3		9202
222038756	65531903	2	392	9(a)	1	166888356	25	Y	1		9411
222038757	65531904	1	390	19A1-NOREG	1	166888358	30	N	3		396391
222038758	65531904	2	390	19B2-BIENNIAL	1	166888358	99	N	3		396411
222038759	65531904	3	392	2	1	166888358	30	N	3		379214
222038770	65531908	1	393	9(a)	1	166888366	20	N	3		9172
222038771	65531908	2	393	207(f)	1	166888366	22	N	3		9263
222038772	65531908	3	393	45(d)	1	166888366	16	N	3		392462
222038773	65531908	4	393	45(d)	1	166888366	16	N	3		392463
222038774	65531909	1	393	19	1	166888368	20	N	3		9443
222038775	65531909	2	393	25(f)	1	166888368	20	N	3		9271
222038776	65531909	3	393	9(a)	1	166888368	20	N	3		283327
222038777	65531909	4	393	9(a)	1	166888368	20	N	3		9182
222038778	65531909	5	393	102(a)	1	166888368	25	N	3		9419
222038779	65531909	6	393	102(a)	2	166888369	25	N	3		9419
222038780	65531909	7	393	17(b)	2	166888369	20	Y	99		9442
222038781	65531909	8	392	2IN	1	166888368	30	N	3		385700
222038786	65531911	1	393	9(a)	2	166888373	20	Y	99		283327
222038787	65531911	2	393	19	2	166888373	20	N	3		9443
222038788	65531912	1	393	95(a)	1	166888374	28	N	3		9178
222038789	65531912	2	393	60(c)	1	166888374	26	N	3		257571
222038790	65531912	3	393	60(d)	1	166888374	26	N	3		9308
222038791	65531912	4	393	9(a)	1	166888374	20	N	3		9182
222038792	65531912	5	393	78	1	166888374	26	N	3		9347
222038793	65531913	1	392	2RG	1	166888376	30	N	3		385705
222038794	65531913	2	392	2RG	1	166888376	30	N	3		385705
222038795	65531913	3	392	2RG	1	166888376	30	N	3		385705
222038796	65531913	4	392	2RG	2	166888377	30	N	3		385705
222038797	65531914	1	390	21(b)	1	166888378	30	N	3		9426
222038798	65531914	2	393	9(a)	1	166888378	20	N	3		9172
222038825	65531929	1	395	8(a)(1)	D		3	Y	3		396452
222038826	65531929	2	383	91(a)	D		14	Y	3		9552
222038827	65531929	3	392	2RG	1	166888403	30	N	3		385705
222038828	65531929	4	392	2FT	1	166888403	14	N	3		385699
222038829	65531929	5	392	2	1	166888403	30	N	3		379214
222038830	65531929	6	393	55(d)(1)	1	166888403	16	N	3		9302
222038831	65531929	7	393	45(b)(2)	1	166888403	16	N	3		257958
222038832	65531929	8	393	47(e)	2	166888404	15	N	3	AE621172-6	257965
222038833	65531929	9	393	53(b)	2	166888404	16	N	3		385681
222038834	65531929	10	393	47(e)	2	166888404	15	N	3		257965
222038835	65531929	11	393	47(e)	2	166888404	15	N	3		257965
222038836	65531929	12	393	47(e)	2	166888404	15	N	3		257965
222038837	65531929	13	393	47(e)	2	166888404	15	N	3		257965
222038838	65531929	14	390	19A1-NOREG	1	166888403	30	N	3		396391
222038839	65531929	15	396	3(a)(1)	1	166888403	15	Y	99		383183
222038847	65531935	1	392	2-SLLS2	D		45	N	3		390247
222038848	65531936	1	393	11	1	166888416	20	N	3		9422
222038849	65531937	1	392	2-SLLS3	D		45	N	3		390248
222038853	65531942	1	393	55(d)(2)	1	166888427	16	N	3		9303
222038854	65531942	2	393	110(b)	1	166888427	25	Y	99		256389
222038863	65531946	1	393	9(a)	1	166888434	20	N	3		9172
222038864	65531950	1	393	11	1	166888441	20	N	3		9428
222038865	65531950	2	393	9(a)	1	166888441	20	N	3		9172
222038866	65531950	3	393	55(d)(2)	2	166888442	16	N	3		9303
222038867	65531951	1	390	21(b)	1	166888443	30	N	3		9426
222038868	65531952	1	393	9(a)	1	166888445	20	N	3		9172
222038869	65531952	3	393	95(a)	1	166888445	28	N	3		9178
222038870	65531952	4	393	55(d)(3)	2	166888446	16	N	3		9304
222038871	65531953	1	390	21(a)	1	166888447	30	N	3		9566
222038872	65531953	2	393	75C	1	166888447	23	N	3		2909
222038873	65531953	3	393	75C	1	166888447	23	N	3		2909
222038874	65531953	4	393	95(a)	1	166888447	28	N	3		9178
222038875	65531953	5	393	207(c)	1	166888447	22	Y	99		9328
222038914	65531970	1	392	2RG	1	166888476	30	N	3		385705
222038915	65531971	1	393	25(f)	2	166888478	20	Y	1		9271
222038931	65531978	1	393	45(d)	1	166888487	16	N	3		392462
222038932	65531978	2	396	5(b)	2	166888488	24	N	3		392474
222038933	65531978	3	396	5(b)	2	166888488	24	N	3		392474
222038934	65531978	4	396	3(a)(1)	2	166888488	16	N	3		9204
222038935	65531979	1	393	47(e)	1	166888489	15	N	3		257965
222038936	65531979	2	393	53(b)	1	166888489	16	N	3		385681
222038937	65531979	3	393	47(e)	1	166888489	15	N	3		257965
222038938	65531979	4	393	9(a)	1	166888489	20	N	3		9182
222038939	65531979	5	396	3(a)(1)	1	166888489	16	N	3		9204
222038940	65531979	6	396	5(b)	2	166888490	24	N	3		392474
222038941	65531979	7	396	5(b)	2	166888490	24	N	3		392474
222038946	65531984	1	393	55(d)(3)	1	166888501	16	N	3		9304
222038947	65531984	2	393	55(e)	2	166888502	16	N	3		9305
222038948	65531984	3	395	8E	D		2	N	3		253692
222038949	65531986	1	392	2FT	1	166888505	14	N	3		385699
222038950	65531986	2	396	17(c)	1	166888505	29	N	3		9202
222038951	65531989	2	392	2RG	1	166888511	30	N	3		385705
222038952	65531989	3	393	75A	1	166888511	23	Y	99	BC756650	8494
222038953	65531989	4	396	3(a)(1)	1	166888511	30	Y	99	BC756649	9203
222038954	65531989	5	393	75A	1	166888511	23	Y	99		8494
222038955	65531989	1	392	2RG	1	166888511	30	N	3		385705
222038956	65531990	1	392	2RG	1	166888512	30	N	3		385705
222038957	65531990	2	392	2RG	1	166888512	30	N	3		385705
222038958	65531990	3	393	11	2	166888513	20	N	3		9422
222038959	65531991	1	392	2RG	1	166888514	30	N	3		385705
222038960	65531991	2	392	2RG	1	166888514	30	N	3		385705
222038961	65531991	3	392	2IN	1	166888514	30	N	3		385700
222038962	65531991	4	391	11(b)(5)-DEN	D		14	Y	3		393826
222038981	65532002	1	393	9(a)	1	166888530	20	N	3		9182
222038982	65532002	2	392	2RG	1	166888530	30	N	3		385705
222038983	65532003	1	393	23	2	166888532	20	Y	99		396337
222038984	65532003	2	393	23	2	166888532	20	N	3		396337
222038985	65532003	3	395	15G02	1	166888531	7	N	3		396190
222038986	65532004	1	393	9(a)	1	166888533	20	N	3		9182
222038987	65532004	3	392	2RG	2	166888534	30	N	3		385705
222038995	65532010	1	392	82(a)(1)	D		14	N	3		392492
222038996	65532011	1	392	2LC	D		42	N	3		9392
222038997	65532011	2	393	11	2	166888544	20	N	3		9422
222039000	65532014	1	392	2W	1	166888548	47	N	3		385680
222039001	65532014	2	392	2DIM	1	166888548	30	N	3		385697
222039002	65532014	3	392	2DIM	1	166888548	30	N	3		385697
222039003	65532015	1	393	55(c)(1)	1	166888551	16	N	3		9300
222039004	65532015	2	393	55(c)(2)	2	166888552	16	N	3		9301
222039005	65532015	3	393	9(a)	2	166888552	20	N	3		9183
222039006	65532015	4	393	9(a)	2	166888552	20	N	3		9172
222039007	65532015	5	393	9(a)	2	166888552	20	N	3		9172
222039008	65532016	1	393	9(a)	2	166888554	20	Y	99		283327
222039009	65532016	2	393	19	2	166888554	20	N	3		9443
222039010	65532016	3	393	9(a)	2	166888554	20	N	3		9183
222039011	65532016	4	393	9(a)	1	166888553	20	N	3		9172
222039012	65532016	5	393	9(a)	1	166888553	20	N	3		9182
222039013	65532016	6	393	9(a)	1	166888553	20	N	3		283327
222039014	65532016	7	393	19	1	166888553	20	N	3		9443
222039015	65532016	8	393	78	1	166888553	26	N	3		9347
222039016	65532016	9	393	95(f)	1	166888553	28	N	3		9180
222039017	65532016	10	395	15G02	D		7	N	3		396190
222039018	65532016	11	395	8E	D		2	N	3		253692
222039019	65532016	12	395	8E	D		2	N	3		253692
222039020	65532017	1	393	47(e)	1	166888555	15	N	3		257965
222039021	65532017	2	393	53(b)	1	166888555	16	N	3		385681
222039022	65532017	3	393	11	1	166888555	20	N	3		9428
222039023	65532017	4	393	95(a)	1	166888555	28	N	3		9178
222039033	65532020	1	393	95(a)	1	166888561	28	N	3		9178
222039034	65532020	2	393	43	2	166888560	16	Y	99		9279
222039035	65532021	1	392	2PK	D		14	N	3		385704
222039036	65532021	2	395	8E	D		2	N	3		253692
222039037	65532021	3	395	8E	D		2	N	3		253692
222039038	65532021	4	393	205(c)	1	166888562	24	N	3		9458
222039039	65532021	5	393	60(d)	1	166888562	26	N	3		9308
222039040	65532022	1	392	16	D		11	N	3	BC662169-4	9386
222039041	65532022	2	392	2	2	166888565	14	N	3		8496
222039042	65532024	1	393	55(d)(1)	1	166888567	16	N	3		9302
222039105	65532037	7	395	8E	D		2	N	3		253692
222039106	65532037	1	396	3(a)(1)	2	166888589	15	Y	99		383183
222039107	65532037	2	393	48(a)	2	166888589	16	N	3		9288
222039108	65532037	3	393	48(a)	2	166888589	16	N	3		9288
222039109	65532037	4	396	3(a)(1)	2	166888589	16	N	3		9204
222039110	65532037	5	393	55(c)(2)	2	166888589	16	N	3		9301
222039111	65532037	6	393	70B1I	1	166888588	17	N	3		396253
222039127	65532041	1	392	2W	1	166888600	47	N	3		385680
222039128	65532042	1	392	2W	1	166888602	47	N	3		385680
222039156	65532047	1	392	2W	1	166888614	47	N	3	BC648798-3	385680
222039217	65532070	1	396	17(c)	1	166888669	29	N	3		9202
222039218	65532070	2	396	17(c)	2	166888670	29	N	3		9202
222039219	65532071	1	396	3(a)(1)	2	166888672	16	N	3		9204
222039220	65532072	2	393	9(a)	2	166888674	20	Y	99		283327
222039221	65532072	3	396	3(a)(1)	1	166888673	30	N	3		9203
222039222	65532072	4	396	3(a)(1)	2	166888674	30	N	3		9203
222039223	65532072	5	396	3(a)(1)	2	166888674	30	N	3		9203
222039225	65532076	1	392	2-SLLS2	D		45	N	3		390247
222039247	65532087	1	392	16	D		11	N	3	9 - 919001002	9386
222039248	65532087	2	391	11B2	D		14	N	3		9372
222039249	65532087	3	395	8(a)(1)	D		3	Y	3		396451
222039250	65532089	1	390	17	D		14	N	3		390405
222039251	65532089	2	393	78	1	166888706	26	N	3		9347
222039252	65532090	1	392	16	D		11	N	3	9 - 919001003	9386
222039253	65532091	1	392	16	D		11	N	3	9 - 919001004	9386
222039254	65532091	2	392	2RG	2	166888711	30	N	3		385705
222039325	65532113	1	392	16	D		11	N	3	911470011900100	9386
222039326	65532114	1	392	16	D		11	N	3	911470019001002	9386
222039337	65532119	1	392	2FC	D		41	N	3		9390
222039338	65532119	2	392	2-SLLS2	D		45	N	3		390247
222039339	65532120	1	392	16	D		11	N	3	911470019001004	9386
222039340	65532120	2	395	24(d)	D		7	N	3		396428
222039341	65532121	1	392	2-SLLS2	D		45	N	3	911470019001005	390247
222039409	65532153	1	393	9(a)	1	166888849	20	Y	99		9172
222039410	65532154	2	392	2RG	1	166888850	30	N	3		385705
222039411	65532154	3	392	2IRP	1	166888850	30	N	3		385701
222039412	65532154	4	393	95(f)	1	166888850	28	N	3		9180
222039413	65532154	5	393	11	2	166888851	20	N	3		9422
222039414	65532154	6	393	9(a)	2	166888851	20	N	3		9183
222039415	65532154	7	395	8(a)(1)	D		3	N	3		396451
222039416	65532154	8	395	22(g)	D		7	N	3		396435
222039417	65532154	9	391	41(a)-F	D		1	N	3		393832
222039418	65532159	1	392	9(a)(3)	1	166888860	14	N	3		9414
222039419	65532159	2	392	2FT	1	166888860	14	N	3		385699
222039420	65532159	3	393	60(c)	1	166888860	26	N	3		257571
222039421	65532159	4	395	8(a)(1)	D		3	Y	3		396451
222039422	65532160	1	393	9(a)	1	166888862	20	N	3		9172
222039423	65532161	1	395	22(h)(1)	D		7	N	3		396420
222039424	65532161	2	395	22(h)(2)	D		7	N	3		396436
222039425	65532161	3	393	67	1	166888864	18	N	3		9319
222039426	65532161	4	393	9(a)	1	166888864	20	N	3		9172
222039427	65532162	1	392	2WC	2	166888867	30	N	3		385707
222039428	65532162	2	393	11	2	166888867	20	N	3		9431
222039429	65532162	3	392	9(a)(3)	1	166888866	14	N	3		9414
222039430	65532163	1	392	2-SLLS4	D		45	N	3		390240
222039431	65532163	2	395	3(a)(3)-PROP	D		4	N	3		393841
222039432	65532164	1	392	2-SLLS3	D		45	N	3		390248
222039433	65532165	1	392	2-SLLS2	D		45	N	3		390247
222039434	65532165	2	392	16	C		11	N	3		9386
222039435	65532166	1	392	2-SLLS3	D		45	N	3		390248
222039436	65532166	2	395	15G02	D		7	N	3		396190
222039457	65532171	1	392	2-SLLS3	D		45	N	3		390248
222039458	65532171	2	392	2IN	D		30	N	3	19001002	385700
222039459	65532172	1	393	9(a)	1	166888886	20	Y	99		9183
222039460	65532172	2	396	9(c)(2)	D		14	N	3	19001003	9213
222039461	65532173	1	392	2PK	D		14	N	3		385704
222039468	65532178	1	392	2-SLLS3	D		45	N	3		390248
222039469	65532178	2	395	8	D		7	N	3		9194
222039470	65532178	3	395	15I9	D		7	N	3		396267
222039471	65532179	1	392	2-SLLS4	D		45	N	3		390240
222039568	65532196	1	393	110(b)	2	166888932	25	Y	99		256389
222039592	65532207	1	393	9(a)	1	166888949	20	N	3		283327
222039593	65532207	2	393	11	1	166888949	20	N	3		9422
222039598	65532212	1	396	17(c)	1	166888958	29	N	3		9202
222039599	65532212	2	393	11	1	166888958	20	N	3		9423
222039600	65532213	1	395	22(g)	D		7	N	3		396435
222039601	65532213	2	395	22(h)(1)	D		7	N	3		396420
222039602	65532213	3	395	22(h)(2)	D		7	N	3		396436
222039603	65532213	4	393	9(a)	1	166888960	20	N	3		9172
222039604	65532213	5	393	9(a)	1	166888960	20	N	3		9172
222039605	65532213	6	393	209(e)	1	166888960	21	N	3		9267
222039631	65532223	1	393	95(a)	1	166888981	28	N	3		9178
222039632	65532224	1	393	60(e)-WS	1	166888983	30	N	3		390337
222039633	65532224	2	395	8E	D		2	Y	3		253692
222039634	65532224	3	395	8E	D		2	Y	3		253692
222039635	65532224	4	395	8E	D		2	Y	3		253692
222039636	65532225	1	393	60(d)	1	166888985	26	N	3		9308
222039637	65532225	2	396	9(d)(2)	1	166888985	30	N	3		9214
222039638	65532225	4	396	17(c)	2	166888986	29	N	3		9202
222039639	65532225	5	393	60(e)-WS	1	166888985	30	N	3		390337
222039640	65532225	6	392	2IRP	2	166888986	30	N	3		385701
222039641	65532225	7	396	9(d)(2)	2	166888986	30	N	3		9214
222039642	65532225	9	395	8K2	D		3	Y	3		9198
222039643	65532226	1	393	9(a)	1	166888987	20	N	3		9172
222039644	65532226	2	395	22(g)	1	166888987	7	N	3		396435
222039645	65532226	3	395	24(d)	1	166888987	7	N	3		396428
222039646	65532226	4	393	11	2	166888988	20	N	3		9422
222039647	65532226	5	392	2MI	2	166888988	14	N	3		385703
222039790	65532259	1	393	45PC	1	166889070	16	N	3		392459
222039828	65532275	1	395	15G02	D		7	N	3		396190
222039829	65532275	2	395	8K2	D		3	Y	3		9198
222039873	65532280	1	392	2WC	2	166889122	30	N	3		385707
222039874	65532280	2	393	9(a)	1	166889121	20	N	3		9183
222039875	65532280	3	393	9(a)	1	166889121	20	N	3		9183
222039876	65532281	1	393	11	1	166889123	20	N	3		9430
222039877	65532281	2	395	24(d)	D		7	N	3		396428
222039908	65532291	1	172	602(c)(1)	1	166889146	38	N	3		9582
222039909	65532291	2	172	516(c)(1)	2	166889147	32	N	3		9572
222039910	65532292	1	393	11	1	166889148	20	N	3		9422
222039911	65532294	1	395	15G02	D		7	N	3		396190
222039912	65532296	1	395	22(h)(4)	D		7	N	3		396422
222039913	65532296	2	395	24(c)(2)(iii)	D		50	N	3		396427
222039914	65532296	3	395	30(b)(1)	D		50	N	3		396430
222039915	65532297	1	395	24(d)	D		7	N	3		396428
222039924	65532303	1	392	2WC	2	166889169	30	N	3		385707
222039953	65532312	1	393	75(a)(3)	2	166889188	23	Y	99		9334
222040026	65532341	1	393	9(a)	1	166889245	20	Y	99		9172
222040027	65532341	2	393	9(a)	2	166889246	20	Y	99		9172
222040028	65532342	1	393	9(a)	2	166889248	20	N	3		9172
222040029	65532342	2	396	9(d)(2)	2	166889248	30	N	3		9214
222040030	65532342	3	393	11	1	166889247	20	N	3		9430
222040031	65532342	4	395	22(h)(2)	D		7	N	3		396436
222040032	65532342	5	395	24(d)	D		7	N	3		396428
222040058	65532352	1	395	8F01	D		3	N	3		396252
222040059	65532352	2	395	8(a)(1)	D		3	Y	3		396452
222040060	65532352	3	392	2C	D		40	N	3	1919001001	9389
222040061	65532353	1	396	5(b)	1	166889267	30	N	3		9211
222040062	65532353	2	393	9(a)	1	166889267	20	N	3		9172
222040063	65532353	3	393	9(a)	2	166889268	20	N	3		9172
222040064	65532353	4	393	9(a)	2	166889268	20	Y	99		9172
222040065	65532354	1	396	5(b)	1	166889269	30	N	3		9211
222040066	65532354	2	393	9(a)	1	166889269	20	N	3		9172
222040067	65532354	3	393	9(a)	1	166889269	20	N	3		9172
222040098	65532362	1	383	51(a)-SIN	D		8	Y	3	91141919001001	393816
222040099	65532362	2	393	9(a)	1	166889288	20	N	3		9172
222040100	65532362	3	393	11	2	166889289	20	N	3		9422
222040197	65532386	1	392	2WC	2	166889348	30	N	3		385707
222040198	65532386	2	396	17(c)	1	166889347	29	N	3		9202
222040209	65532391	1	395	8(a)(1)	D		3	Y	3		396451
222040210	65532391	2	395	8	D		7	N	3		9194
222040255	65532398	1	391	11B2	D		14	N	3		9372
222040256	65532399	1	392	2MI	1	166889382	14	N	3		385703
222040257	65532399	2	396	17(c)	1	166889382	29	N	3		9202
222040258	65532401	1	391	41(a)-P	D		1	Y	3		393834
222040293	65532419	1	393	11	1	166889416	20	N	3		9428
222040294	65532419	2	393	11	2	166889417	20	N	3		9431
222040295	65532419	3	393	55(e)	2	166889417	16	N	3		9305
222040296	65532419	4	396	9(d)(2)	2	166889417	30	N	3		9214
222040325	65532437	1	393	60(d)	1	166889452	26	N	3		9308
222040326	65532438	1	395	15G02	D		7	N	3		396190
222040327	65532438	2	393	11	1	166889454	20	N	3		9428
222040328	65532439	1	393	9(a)	2	166889456	20	N	3		9172
222040329	65532439	2	393	11	2	166889456	20	N	3		9422
222040330	65532439	3	393	9(a)	2	166889456	20	N	3		9172
222040331	65532439	4	393	9(a)	2	166889456	20	N	3		9172
222040370	65532458	1	393	75(a)(3)	1	166889491	23	Y	99		9334
222040371	65532458	2	392	71(a)	D		13	N	3	3076	9408
222040372	65532458	3	392	2WC	2	166889492	30	N	3		385707
222040373	65532458	4	396	3(a)(1)	2	166889492	30	N	3		9203
222040383	65532463	1	393	11	2	166889502	20	N	3		9427
222040384	65532463	2	392	9(a)(3)	D		14	N	3		9414
222040408	65532475	1	392	2-SLLS2	D		45	N	3		390247
222040409	65532475	2	391	11B2	D		14	N	3	19001001	9372
222040410	65532475	3	393	78	1	166889520	26	N	3		9347
222040411	65532475	4	393	11	1	166889520	20	N	3		9431
222040477	65532498	1	392	82(a)(1)	D		14	N	3		392492
222040482	65532500	1	392	2RG	1	166889565	30	N	3		385705
222040483	65532500	2	392	2WC	1	166889565	30	N	3		385707
222040484	65532500	3	393	9(a)	1	166889565	20	N	3		9172
222040486	65532503	1	393	55(e)	2	166889571	16	N	3		9305
222040487	65532504	1	393	45(d)	1	166889572	16	N	3		257960
222040562	65532526	1	383	51(a)-NSOUT	D		8	N	3		393815
222040563	65532527	1	392	2RG	1	166889628	30	N	3		385705
222040564	65532527	2	392	2RG	2	166889629	30	N	3		385705
222040565	65532527	3	392	2RG	1	166889628	30	N	3		385705
222040566	65532527	4	393	95(a)	1	166889628	28	N	3		9178
222040567	65532527	5	393	95(f)	1	166889628	28	N	3		9180
222040568	65532528	1	392	2-SLLS2	D		45	N	3		390247
222040619	65532540	1	393	9(a)	1	166889676	20	N	3		283327
222040620	65532540	2	392	9(a)	1	166889676	25	Y	99		9411
222040664	65532549	1	392	2-SLLS2	D		45	N	3		390247
222040754	65532587	1	393	45PC	2	166889805	16	Y	99		392459
222040914	65532614	1	392	2	D		12	N	3		396348
222040915	65532614	2	392	2RG	1	166889915	30	N	3		385705
222040916	65532614	3	393	78	1	166889915	26	N	3		9347
222040961	65532637	1	393	9(a)	2	166889970	20	N	3		9172
222040962	65532637	2	395	8E	D		2	Y	3		253692
222040963	65532637	3	395	24(d)	D		7	N	3		396428
222041252	65532845	1	392	2LV	D		14	N	3	X01657356	385702
222041253	65532845	2	395	15I9	D		7	N	3		396267
222041254	65532845	3	395	8E	D		2	N	3		253692
222041421	65532977	1	393	95(f)	1	166891006	28	N	3		9180
222041446	65532997	1	395	22(h)(4)	D		7	N	3		396422
222042028	65533400	1	393	205(a)	1	166892113	24	N	3		9456
222042048	65533423	1	396	3(a)(1)	2	166892150	16	N	3		9204
222042049	65533424	1	392	2W	D		47	N	3		385680
222042050	65533425	1	392	2W	D		47	N	3	9Z0083064	385680
222042051	65533425	2	392	2RG	D		30	N	3		385705
222042052	65533425	3	392	2RG	D		30	N	3		385705
222042071	65533434	1	392	2MI	D		14	N	3		385703
222042077	65533436	1	392	2C	D		40	N	3		9389
222042078	65533436	2	392	2RG	1	166892172	30	N	3		385705
222042079	65533436	3	392	9(a)	1	166892172	25	Y	1		9411
222042080	65533437	1	392	2C	D		40	N	3		9389
222042081	65533437	2	393	60(c)	1	166892173	26	N	3		257571
222042082	65533437	3	390	21(b)	1	166892173	30	N	3		9426
222042083	65533437	5	393	43	2	166892174	16	Y	99		9279
222042084	65533437	6	393	25(f)	2	166892174	20	Y	1		9271
222042085	65533437	7	393	9(a)	2	166892174	20	Y	1		283327
222042086	65533437	8	392	2RG	2	166892174	30	N	3		385705
222042087	65533437	9	392	2RG	1	166892173	30	N	3	9Z0067354	385705
222042088	65533437	10	392	2IN	1	166892173	30	N	3	9Z0067354	385700
222042089	65533438	1	392	2RG	1	166892175	30	N	3		385705
222042090	65533438	2	392	2C	D		40	N	3		9389
222042091	65533438	3	391	11(b)(1)	D		14	Y	3	9Z0067355	9371
222042092	65533439	1	392	2C	D		40	N	3		9389
222042152	65533460	1	392	2C	D		40	N	3		9389
222042153	65533460	2	392	2IN	D		30	N	3		385700
222042154	65533460	3	391	41(a)-F	D		1	N	3		393832
222042155	65533460	4	391	11B2	D		14	N	3		9372
222042156	65533460	5	376	11(d)(1)	D		14	N	3		396114
222042157	65533462	1	393	11	2	166892227	20	N	3		9422
222042158	65533462	2	393	11	2	166892227	20	N	3		9422
222042159	65533463	1	392	2	D		14	N	3		8496
222042175	65533468	1	392	2-SLLS2	D		45	N	3		390247
222042189	65533488	1	392	2C	D		40	N	3		9389
222042196	65533492	1	392	2C	D		40	N	3	9Z0067357	9389
222042197	65533492	2	392	2WC	1	166892277	30	N	3		385707
222042198	65533492	3	395	8E	D		2	Y	3		253692
222042199	65533493	1	392	2C	D		40	N	3		9389
222042200	65533493	2	390	21(b)	1	166892279	30	N	3		9426
222042201	65533493	3	392	2RG	1	166892279	30	N	3		385705
222042202	65533494	1	392	2C	D		40	N	3		9389
222042203	65533494	2	395	3(a)(3)-PROP	D		4	N	3		393841
222042225	65533519	1	396	3(a)(1)	1	166892331	16	Y	99		9208
222042226	65533519	2	393	51	1	166892331	16	N	3		9294
222042227	65533520	1	392	16	D		11	N	3	9Z0073394	9386
222042228	65533520	2	393	9(a)	1	166892333	20	N	3		283327
222042229	65533521	1	392	16	D		11	N	3	9Z0073395	9386
222042296	65533563	1	392	2-SLLS2	D		45	N	3		390247
222042297	65533564	1	392	2-SLLS2	D		45	N	3		390247
222042365	65533605	1	392	2-SLLS2	D		45	N	3		390247
222042366	65533606	1	392	2-SLLS4	D		45	N	3	9Z0076241	390240
222042367	65533607	2	393	95(f)	1	166892496	28	N	3		9180
222042368	65533607	3	396	9(d)(2)	1	166892496	30	N	3	9Z0070550	9214
222042369	65533607	4	396	17(c)	1	166892496	29	N	3		9202
222042370	65533607	5	396	17(c)	2	166892497	29	N	3		9202
222042371	65533607	6	393	43	2	166892497	16	Y	99		9279
222042372	65533607	7	393	9(a)	2	166892497	20	N	3		9172
222042373	65533608	1	393	11	1	166892498	20	N	3		9422
222042447	65533651	1	393	126	2	166892578	25	Y	99		3552
222042448	65533652	1	392	2-SLLEWA1	D		47	N	3	9Z0071553	390260
222042452	65533665	1	392	2-SLLS2	D		45	N	3		390247
222042453	65533666	1	392	2-SLLS2	D		45	N	3		390247
222042454	65533667	1	392	2-SLLS4	D		45	N	3	9Z0076242	390240
222042455	65533669	1	392	2C	D		40	N	3		9389
222042456	65533669	2	392	7(a)	D		14	N	3		390280
222042457	65533669	3	393	9(a)	1	166892611	20	N	3		283327
222042458	65533669	4	393	9(a)	1	166892611	20	N	3		9172
222042459	65533669	5	393	41	1	166892611	16	Y	99		9278
222042460	65533669	6	396	17(c)	1	166892611	29	N	3		9202
222042461	65533670	1	392	2C	D		40	N	3		9389
222042462	65533670	2	392	2RG	1	166892612	30	N	3		385705
222042463	65533671	1	392	82(a)(1)	D		14	N	3		392492
222042500	65533694	1	392	2DIM	2	166892657	30	N	3	9Z0086131	385697
222042501	65533695	1	392	2W	1	166892658	47	N	3		385680
222042508	65533699	1	392	2-SLLS2	D		45	N	3	9Z0086907	390247
222042509	65533699	2	392	2	D		12	N	3		396348
222042510	65533699	3	392	2FC	D		41	N	3		9390
222042520	65533706	1	392	2-SLLEWA2	D		47	N	3	9Z0071554	390250
222042532	65533723	1	392	2C	D		40	N	3		9389
222042533	65533723	2	396	17(c)	1	166892714	29	N	3		9202
222042534	65533723	3	392	2W	1	166892714	47	N	3		385680
222042535	65533723	4	392	2RG	1	166892714	30	N	3		385705
222042592	65533767	1	395	3(a)(3)-PROP	D		4	N	3		393841
222042596	65533776	1	396	17(c)	2	166892812	29	N	3	9Z0005670	9202
222042597	65533777	1	396	17(c)	1	166892814	29	N	3		9202
222042598	65533777	2	107	620(b)	1	166892814	39	N	3		8488
222042599	65533777	3	172	602(c)(1)	1	166892814	38	N	3		9582
222042600	65533777	4	172	203(a)	1	166892814	31	N	3		8599
222042601	65533778	1	392	82(a)(1)	D		14	N	3	9Z0004559	392492
222042677	65533823	1	392	2-SLLS3	D		45	N	3		390248
222042678	65533824	1	392	16	D		11	N	3	9Z0004562	9386
222042679	65533825	1	393	25(e)	2	166892909	20	N	3		9270
222042747	65533864	1	396	3A1BC	1	166892987	16	N	3		9206
222042748	65533866	1	393	9(a)	1	166892991	20	N	3		9172
222042749	65533866	2	396	3(a)(1)	1	166892991	30	N	3		9203
222042750	65533868	1	393	9(a)	1	166892994	20	N	3		9183
222042751	65533868	2	393	104(f)(3)	2	166892995	25	N	3		255027
222042752	65533868	3	393	47(e)	2	166892995	15	N	3		257965
222042753	65533868	4	393	53(b)	2	166892995	16	N	3		385681
222042754	65533868	6	396	3(a)(1)	2	166892995	15	Y	99		383183
222042755	65533869	1	387	301(a)	D		14	N	3		9558
222042756	65533869	2	393	95(a)	1	166892996	28	N	3		9178
222042757	65533869	3	393	83(g)	1	166892996	27	N	3		8497
222042758	65533871	1	392	2-SLLS3	D		45	N	3	9Z0001677	390248
222042785	65533906	1	392	2C	D		40	N	3		9389
222042786	65533907	1	396	17(c)	1	166893068	29	N	3		9202
222042787	65533907	2	392	2RG	1	166893068	30	N	3		385705
222042788	65533908	1	391	41(a)-F	D		1	N	3		393832
222042789	65533908	2	396	17(c)	1	166893069	29	N	3		9202
222042790	65533908	3	392	2RG	1	166893069	30	N	3		385705
222042791	65533908	4	392	2RG	1	166893069	30	N	3		385705
222042792	65533908	5	393	70(d)	2	166893070	17	N	3		9327
222042793	65533908	6	396	17(c)	2	166893070	29	N	3		9202
222042794	65533908	7	393	9(a)	2	166893070	20	N	3		9172
222042795	65533908	8	390	21(b)	1	166893069	30	N	3		9426
222042796	65533908	9	392	9b(a)	1	166893069	30	N	3		396447
222042797	65533908	10	392	2RG	2	166893070	30	N	3		385705
222042798	65533908	11	392	2RG	2	166893070	30	N	3		385705
222042799	65533908	12	383	23(a)(2)	D		14	Y	3		9547
222042802	65533913	1	392	2-SLLEWA1	1	166893075	47	N	3	9Z0006418	390260
222042803	65533913	2	396	3A1BC	1	166893075	16	N	3		9206
222042804	65533914	1	393	118	1	166893077	25	Y	99		3544
222042805	65533914	2	393	55(e)	2	166893078	16	N	3		9305
222042806	65533917	3	393	45(d)	1	166893083	16	N	3		392462
222042807	65533917	1	376	11(d)(1)	D		14	N	3		396114
222042808	65533917	2	387	301(a)	D		14	N	3		9558
222042809	65533918	1	393	95(a)	1	166893084	28	N	3		9178
222042810	65533918	2	393	60(c)	1	166893084	26	N	3		257571
222042811	65533918	3	396	3(a)(1)	1	166893084	30	N	3		9203
222042812	65533919	1	392	2-SLLEWA1	D		47	N	3		390260
222042834	65533955	1	391	41(a)-F	D		1	N	3		393832
222042835	65533955	2	390	21(b)	1	166893156	30	N	3		9426
222042836	65533955	3	396	17(c)	1	166893156	29	N	3		9202
222042837	65533955	4	396	17(c)	2	166893157	29	N	3		9202
222042838	65533955	5	393	70(d)	2	166893157	17	Y	99		9327
222042839	65533955	6	393	43	2	166893157	16	Y	99		9279
222042840	65533956	1	396	17(c)	1	166893158	29	N	3		9202
222042841	65533956	2	390	21(b)	1	166893158	30	N	3		9426
222042842	65533956	3	396	17(c)	2	166893159	29	N	3		9202
222042843	65533956	4	393	43	2	166893159	16	Y	99		9279
222042844	65533956	5	393	70(d)	2	166893159	17	Y	99		9327
222042845	65533957	1	392	82(a)(1)	D		14	N	3		392492
222042846	65533957	2	392	2AU	1	166893160	30	N	3		385695
222042852	65533967	1	392	2WC	1	166893178	30	N	3		385707
222042853	65533967	2	393	75C	1	166893178	23	N	3		2909
222042855	65533969	1	392	9(a)	D		25	N	3	9Z0070040	9411
222042856	65533970	1	392	2-SLLS2	D		45	N	3		390247
222042877	65533994	1	392	2IN	D		30	N	3		385700
222042892	65534005	1	393	9(a)	2	166893244	20	N	3		9183
222042893	65534005	2	393	43	2	166893244	16	Y	1		9279
222042894	65534006	1	393	60(d)	1	166893245	26	N	3		9308
222042902	65534015	1	392	2-SLLS3	D		45	N	3	9Z0005282	390248
222042903	65534015	2	392	2FC	D		41	N	3	9Z0005282	9390
222042904	65534015	3	392	2MI	D		14	N	3		385703
222042905	65534016	1	392	2-SLLS2	D		45	N	3		390247
222042906	65534017	1	392	2-SLLS2	D		45	N	3	9Z0005287	390247
222042907	65534018	1	392	2-SLLS2	D		45	N	3		390247
222042941	65534039	1	392	2-SLLS1	D		45	N	3		390251
222042942	65534040	1	392	2-SLLS1	D		45	N	3		390251
222042943	65534041	1	392	2-SLLS2	D		45	N	3	9Z0077372	390247
222042955	65534050	1	392	2IRP	1	166893324	30	N	3		385701
222042956	65534050	2	392	9(a)(2)	1	166893324	25	Y	99		9413
222042957	65534051	1	393	25(e)	2	166893326	20	N	3		9270
222042964	65534061	1	393	78	1	166893339	26	N	3		9347
222042965	65534063	1	392	2-SLLS2	D		45	N	3		390247
222042966	65534064	1	392	2-SLLS2	D		45	N	3		390247
222042968	65534066	1	392	2-SLLS2	D		45	N	3		390247
222042980	65534081	1	392	16	D		11	N	3		9386
222043006	65534102	1	392	2IRP	1	166893410	30	N	3	9Z0081473	385701
222043007	65534102	2	392	9(a)(2)	1	166893410	25	Y	99		9413
222043015	65534114	1	393	55(d)(1)	1	166893428	16	N	3		9302
222043016	65534115	1	387	301(a)	D		14	N	3		9558
222043043	65534134	1	392	2DIM	2	166893467	30	N	3	9Z0016430	385697
222043044	65534134	2	393	11	2	166893467	20	N	3		9422
222043045	65534135	1	392	2RG	1	166893468	30	N	3		385705
222043046	65534135	2	392	2MI	1	166893468	14	N	3		385703
222043047	65534136	1	395	15G01	D		7	N	3		396254
222043048	65534136	2	395	8	D		7	N	3		9194
222043049	65534136	3	393	95(a)	1	166893470	28	N	3		9178
222043050	65534136	4	393	9(a)	2	166893471	20	N	3		9172
222043051	65534136	5	393	11	2	166893471	20	N	3		9422
222043052	65534136	6	396	3(a)(1)	2	166893471	16	Y	99		9204
222043053	65534136	7	393	48(a)	2	166893471	16	Y	99		9288
222043054	65534136	8	396	3(a)(1)	2	166893471	15	Y	99	9Z0016431	383183
222043100	65534162	1	392	2-SLLS3	D		45	N	3	9Z0034068	390248
222043101	65534164	1	383	23(a)(2)	D		14	Y	3		9547
222043102	65534164	2	392	9a(a)(2)	1	166893527	30	N	3		371694
222043103	65534164	3	395	22(g)	D		7	N	3		396435
222043104	65534164	4	395	24(c)(2)(ii)	D		50	N	3		396426
222043105	65534164	5	395	24(c)(2)(iii)	D		50	N	3		396427
222043112	65534176	1	393	11	1	166893550	20	N	3		9422
222043113	65534176	2	385	415(a)(1)	D		14	N	3		257950
222043114	65534176	3	387	301(a)	D		14	N	3		9558
222043125	65534182	1	392	2	D		14	N	3		8496
222043126	65534184	1	392	2	D		14	N	3	9Z0085163	8496
222043127	65534184	2	395	8(a)(1)	D		3	Y	3	9Z0085163	396451
222043128	65534184	3	395	8E	D		2	Y	3		253692
222043174	65534217	1	392	2	D		12	N	3		396348
222043233	65534266	1	392	2C	D		40	N	3		9389
222043241	65534273	1	392	2-SLLS2	D		45	N	3		390247
222043242	65534274	1	392	2-SLLS2	D		45	N	3		390247
222043256	65534292	1	395	8	D		7	N	3		9194
222043260	65534297	1	392	2C	D		40	N	3		9389
222043261	65534297	2	393	95(a)	1	166893772	28	N	3		9178
222043262	65534297	3	390	21(b)	1	166893772	30	N	3		9426
222043263	65534297	4	392	9(a)	1	166893772	25	Y	1		9411
222043264	65534298	1	392	82(a)(1)	D		14	N	3	397107AA	392492
222043281	65534309	1	392	2	D		14	N	3	393405AA	8496
222043866	65534483	1	392	2	D		14	N	3	E0001759-2	8496
222043968	65534559	1	391	41(a)-F	D		1	N	3	E0006306-6	393832
222043969	65534559	2	393	75(a)(3)	1	166894459	23	Y	99	E0006307-0	9334
222043970	65534559	3	393	95(f)	1	166894459	28	N	3	E0006308-1	9180
222043971	65534559	4	392	7(a)	D		14	N	3		390280
222043972	65534559	5	390	21(c)	1	166894459	30	N	3	E0006309-2	9368
222044076	65534618	1	392	16	D		11	N	3	E0017695-6	9386
222044077	65534618	2	393	9(a)	1	166894576	20	N	3		9172
222044078	65534618	3	393	11	1	166894576	20	N	3		9422
222044079	65534618	4	392	9a(a)(2)	1	166894576	30	Y	99		349840
222044080	65534618	5	393	128(b)(1)	1	166894576	25	Y	99		256388
222044373	65534726	1	392	2C	D		40	N	3	1	9389
222044374	65534726	2	395	22(h)(4)	D		7	N	3		396422
222044375	65534726	3	396	5(b)	1	166894811	30	N	3		9211
222044376	65534726	4	393	28	1	166894811	30	N	3	2	9273
222044377	65534726	5	393	45(b)(2)	1	166894811	16	Y	99	3	392461
222044378	65534726	6	393	11	2	166894812	20	Y	99	4	9422
222044460	65534796	1	387	7(f)	1	166894923	14	N	3		9565
222044471	65534809	1	393	60(c)	1	166894939	26	N	3		257571
222044472	65534809	2	393	55(e)	2	166894940	16	N	3		9305
222044694	65534942	1	393	83(g)	1	166895168	27	N	3		8497
222044695	65534943	1	393	45(d)	1	166895169	16	N	3		257960
222044696	65534943	2	393	83(g)	1	166895169	27	N	3		8497
222044697	65534943	3	393	47(e)	2	166895170	15	N	3		257965
222044698	65534943	4	393	53(b)	2	166895170	16	N	3		385681
222044699	65534943	5	393	47(e)	2	166895170	15	N	3		257965
222044700	65534943	6	393	47(e)	2	166895170	15	N	3		257965
222044701	65534943	7	396	3(a)(1)	2	166895170	15	Y	1		383183
222044702	65534943	8	396	3(a)(1)	2	166895170	30	N	3		9203
222044780	65534991	1	393	9(a)	2	166895249	20	N	3		9172
222044781	65534991	2	393	55(e)	2	166895249	16	N	3		9305
222044782	65534991	3	393	86(a)(1)	2	166895249	30	N	3		9360
222044815	65535005	1	393	209(e)	1	166895272	21	N	3		9267
222044849	65535015	1	393	75(a)(3)	1	166895286	23	Y	1		9334
222044850	65535015	2	393	83(g)	1	166895286	27	N	3		8497
222044851	65535015	3	393	209(e)	1	166895286	21	N	3		9267
222045014	65535080	1	396	5(b)	1	166895397	30	N	3		9211
222045015	65535080	2	393	55(d)(1)	1	166895397	16	N	3		9302
222045016	65535080	3	393	83(g)	1	166895397	27	N	3		8497
222045017	65535081	1	396	5(b)	1	166895398	30	N	3		9211
222053140	65537951	1	392	2	1	166901515	30	N	3		379214
222053141	65537952	1	392	2	1	166901517	30	N	3		379214
222053150	65537959	1	396	3A1T	1	166901529	23	Y	1	DA002690	9209
222053151	65537960	1	393	102(b)	1	166901530	25	N	3		254957
222053152	65537962	1	392	2	D		14	N	3		8496
222053153	65537962	2	392	2DIM	1	166901533	30	N	3	HN81176	385697
222053154	65537962	3	392	2	1	166901533	47	N	3		390281
222053155	65537962	4	392	2	2	166901534	47	N	3	HV63393	390266
222053158	65537967	1	392	2DL	D		14	N	3	CW532623	385698
222053166	65537988	1	172	504(a)	1	166901576	32	N	3	CW68106	8682
222053167	65537988	2	397	3	2	166901577	39	N	3	CW68106	9227
222053168	65537989	1	392	2DIM	2	166901578	30	N	3	CW68107	385697
222053169	65537989	2	393	45(b)(2)	1	166901579	16	N	3		392461
222053170	65537990	1	392	9a(a)(1)	1	166901580	30	N	3		337774
222053172	65537992	1	396	3(a)(1)	2	166901584	16	N	3	214	9208
222053173	65537992	2	396	3(a)(1)	1	166901583	16	N	3	214	9208
222053176	65538000	1	396	3(a)(1)	2	166901596	30	N	3	CW761186	9203
222053182	65538008	1	396	3(a)(1)	1	166901608	16	N	3	CW761187	9208
222053183	65538009	1	392	2	1	166901610	14	N	3	214	8496
222053184	65538009	2	396	5(b)	1	166901610	30	N	3	214	9211
222053187	65538011	1	393	30	1	166901612	30	N	3	VERBAL	9274
222053212	65538028	1	392	2RG	1	166901643	30	N	3	HL47963	385705
222053213	65538028	2	392	2	1	166901643	14	N	3	HL47963	8496
222053214	65538028	3	390	21(a)	1	166901643	30	N	3	CT060938	9566
222053215	65538028	4	392	2AU	1	166901643	30	N	3	CT060938	385695
222053216	65538028	5	393	75C	1	166901643	23	N	3	HL47963	2909
222053217	65538028	6	392	2IN	1	166901643	30	N	3	HL47963	385700
222053218	65538029	1	392	2-SLLS2	D		45	N	3		390247
222053219	65538029	2	392	2WC	1	166901644	30	N	3	HL47964	385707
222053220	65538029	3	393	75C	1	166901644	23	N	3	HL47964	2909
222053221	65538029	4	392	2RG	1	166901644	30	N	3	HL47964	385705
222053222	65538030	1	392	2LV	D		14	N	3		385702
222053223	65538030	2	393	9(a)	2	166901646	20	N	3	HL47965	9172
222053248	65538081	1	395	8	D		7	N	3		9194
222053252	65538093	1	392	2RG	1	166901754	30	N	3	JA94021	385705
222053253	65538093	2	392	2RG	1	166901754	30	N	3		385705
222053254	65538093	3	390	21(a)	1	166901754	30	N	3		9566
222053255	65538093	4	392	2AU	1	166901754	30	N	3		385695
222053256	65538093	5	393	95(f)	1	166901754	28	N	3		9180
222053268	65538110	1	392	2IRP	1	166901785	30	N	3	WARNING	385701
222053288	65538161	1	392	2IRP	1	166901875	30	N	3	WARNING	385701
222053289	65538163	1	393	9(a)	1	166901877	20	N	3	DS09884	9172
222053294	65538171	1	393	25(f)	2	166901891	20	Y	1		9271
222053295	65538171	2	392	2RG	1	166901890	30	N	3		385705
222053296	65538171	3	392	2RG	1	166901890	30	N	3	CV37851	385705
222053297	65538185	1	393	75(a)(3)	1	166901913	23	Y	99		9334
222053298	65538187	1	396	5(b)	1	166901917	24	Y	99		392472
222053299	65538187	2	396	3(a)(1)	2	166901918	30	N	3		9203
222053301	65538199	1	393	207(f)	2	166901941	22	Y	1	CW532622	9263
222053302	65538199	2	392	2-SLLEWA2	2	166901941	47	N	3	VERBAL	390250
222053311	65538220	1	393	25(f)	2	166901976	20	N	3	WARNING	9271
222053323	65538236	1	393	60(c)	1	166902000	26	N	3	HK00402	257571
222053324	65538237	1	393	9(a)	1	166902002	20	N	3	HK00403	9172
222053325	65538238	1	393	11	1	166902004	20	N	3	HK00404	9422
222053326	65538238	2	392	2RG	2	166902005	30	N	3		385705
222053327	65538239	1	393	75C	2	166902007	23	N	3	HK00405	2909
222053328	65538239	2	392	2IRP	1	166902006	30	N	3		385701
222053340	65538272	1	396	3(a)(1)	1	166902063	30	N	3		9203
222053346	65538275	1	393	9(a)	1	166902069	20	N	3		9172
222053348	65538288	1	392	2-SLLEWA1	1	166902088	47	N	3	CW770935	390260
222053353	65538301	1	393	67(c)(7)	1	166902110	18	N	3	CW376996	9320
222053383	65538325	1	393	45(b)(2)	1	166902153	16	Y	99	CW521268	257958
222053384	65538325	2	393	11	1	166902153	20	N	3		9422
222053385	65538326	1	393	9(a)	1	166902155	20	N	3		283327
222053386	65538326	2	393	47(e)	2	166902156	15	N	3		257965
222053387	65538326	3	396	3(a)(1)	2	166902156	15	Y	99	CW521267	383183
222053388	65538326	4	396	5(b)	2	166902156	24	Y	99		392474
222053389	65538326	5	396	5(b)	1	166902155	24	N	3		392474
222053393	65538339	1	392	2RG	2	166902178	30	N	3		385705
222053394	65538339	2	392	2DIM	2	166902178	30	N	3	CW446010	385697
222053395	65538340	1	392	2-SLLEWA1	1	166902179	47	N	3		390260
222053396	65538341	1	392	2DIM	2	166902182	30	N	3		385697
222053397	65538342	1	392	2RG	1	166902183	30	N	3		385705
222053401	65538354	1	393	60(e)-WS	D		30	N	3	1	390337
222053406	65538370	1	392	2RG	2	166902234	30	N	3		385705
222053409	65538388	1	392	2RG	2	166902261	30	N	3		385705
222053412	65538392	1	395	8F01	D		3	N	3		396252
222053413	65538393	1	395	8(a)(1)	D		3	N	3		396451
222053414	65538393	2	395	3(a)(3)(ii)	D		7	N	3		395654
222053415	65538393	3	392	9(a)(2)	1	166902269	25	N	3	CW533849	9413
222053416	65538393	4	393	9(a)	2	166902270	20	N	3	CW533849	9172
222053417	65538393	5	393	95(a)	1	166902269	28	N	3	CW533849	9178
222053432	65538422	1	395	8	D		7	N	3		9194
222053433	65538422	2	393	209(d)	1	166902319	21	N	3		8493
222053434	65538422	3	396	5(b)	1	166902319	30	N	3		9211
222053435	65538422	4	396	3(a)(1)	1	166902319	30	Y	99	HN93896	9203
222053436	65538422	5	396	3(a)(1)	2	166902318	30	Y	99	HN93896	9203
222053437	65538423	1	393	209(d)	1	166902320	21	N	3	HN93897	8493
222053438	65538424	1	396	5(b)	1	166902322	30	N	3		9211
222053439	65538426	1	392	2-SLLEWA2	2	166902325	47	N	3	CR46095	390250
222053459	65538446	1	392	2RG	1	166902353	30	N	3	CW856476	385705
222053460	65538446	2	390	21(a)	1	166902353	30	N	3	CW856476	9566
222053461	65538446	3	393	9(a)	2	166902354	20	Y	99		283327
222053462	65538446	4	393	25(f)	2	166902354	20	N	3		9271
222053463	65538446	5	393	75C	2	166902354	23	N	3		2909
222053464	65538446	6	395	22(h)(1)	D		7	N	3		396420
222053465	65538446	7	395	24(d)	D		7	N	3		396428
222053478	65538479	1	392	2-SLLS2	D		45	N	3		390247
222053479	65538479	2	392	2RG	2	166902403	30	N	3		385705
222053493	65538534	1	393	9(a)	1	166902494	20	N	3	VERBAL	9172
222053494	65538534	2	392	2RG	1	166902494	30	N	3	VERBAL	385705
222053500	65538547	1	393	75(a)(3)	2	166902509	23	Y	1	CW376995	9334
222053501	65538549	1	392	2C	D		40	N	3	CR46159	9389
222053502	65538549	2	395	8E	D		2	Y	3	CR46159	253692
222053505	65538558	1	392	2-SLLEWA1	2	166902528	47	N	3	CR46104	390260
222053506	65538560	1	395	8(a)(1)	D		3	Y	3		396451
222053522	65538591	1	392	2	D		14	N	3		8496
222053523	65538591	2	392	2RG	1	166902583	30	N	3		385705
222053524	65538592	1	392	2	D		14	N	3		8496
222053525	65538592	2	395	8F01	D		3	N	3	HN80963	396252
222053526	65538592	3	392	2DIM	2	166902586	30	N	3	HN80963	385697
222053527	65538592	4	392	2-SLLEWA1	1	166902585	47	N	3		390260
222053528	65538592	5	392	2-SLLEWA1	1	166902585	47	N	3		390260
222053530	65538595	1	392	2C	D		40	N	3		9389
222053531	65538595	2	395	8(a)	D		3	Y	3		254677
222053532	65538595	3	392	2RG	2	166902590	30	N	3		385705
222053533	65538595	4	393	75(a)(1)	1	166902589	23	Y	99		9332
222053534	65538596	1	392	2-SLLS3	D		45	N	3		390248
222053535	65538597	1	392	2-SLLS2	D		45	N	3		390247
222053566	65538638	1	395	8(a)	D		3	Y	3		254677
222053569	65538647	1	392	2-SLLS4	D		45	N	3		390240
222053570	65538648	1	392	2-SLLS2	D		45	N	3		390247
222053584	65538698	1	392	2AU	1	166902757	30	N	3		385695
222053585	65538698	2	392	2RG	1	166902757	30	N	3		385705
222053586	65538698	3	392	2RG	1	166902757	30	N	3		385705
222053606	65538729	1	392	2-SLLEWA1	2	166902809	47	N	3		390260
222053617	65538745	1	392	2DL	D		14	N	3	DA007381	385698
222053620	65538747	1	392	2AU	1	166902839	30	N	3		385695
222053621	65538747	2	392	2	1	166902839	14	N	3		8496
222053622	65538747	3	392	2RG	1	166902839	30	N	3		385705
222053623	65538748	1	392	2W	1	166902840	47	N	3		385680
222053624	65538749	1	392	2LV	D		14	N	3	JB69808	385702
222053625	65538753	1	393	30	1	166902848	30	N	3		9274
222053626	65538753	2	396	5(b)	1	166902848	30	N	3		9211
222053634	65538780	1	392	2-SLLEWA1	2	166902891	47	N	3	HV64206	390260
222053635	65538781	1	393	60(c)	1	166902892	26	N	3		257571
222053642	65538795	1	392	2RG	2	166902917	30	N	3	HH77272	385705
222053643	65538797	1	393	11	2	166902921	20	N	3	HH77274	9422
222053644	65538798	1	393	75C	2	166902923	23	N	3	HH77275	2909
222053658	65538847	1	392	2RG	1	166903004	30	N	3		385705
222053659	65538847	2	392	2RG	1	166903004	30	N	3	HK00426	385705
222053660	65538847	3	392	2RG	2	166903005	30	N	3	HK00426	385705
222053661	65538847	4	395	8(a)(1)	1	166903004	3	N	3		396451
222053662	65538847	5	390	21(a)	1	166903004	30	N	3		9566
222053663	65538848	1	393	9(a)	1	166903006	20	N	3	HK00427	9172
222053664	65538848	2	393	75C	2	166903007	23	N	3		2909
222053665	65538848	3	395	8(a)(1)	D		3	N	3		396451
222053666	65538848	4	392	2RG	1	166903006	30	N	3		385705
222053667	65538849	1	392	2DIM	2	166903009	30	N	3		385697
222053687	65538887	1	392	2DIM	1	166903069	30	N	3	VERBAL	385697
222053688	65538887	2	392	2DIM	2	166903070	30	N	3	VERBAL	385697
222053689	65538887	3	392	2-SLLEWA1	2	166903070	47	N	3	HV64176	390260
222053690	65538888	1	392	2-SLLEWA1	1	166903071	47	N	3	VERBAL	390260
222053691	65538889	1	392	2DIM	1	166903073	30	N	3	VERBAL	385697
222053692	65538889	2	392	2DIM	2	166903074	30	N	3	HV64177	385697
222053812	65539065	1	392	2-SLLEWA1	1	166903310	47	N	3	CW770808	390260
222053813	65539066	1	392	2RG	1	166903312	30	N	3	HK00310	385705
222053814	65539066	2	393	75C	2	166903313	23	N	3		2909
222054001	65539431	1	392	2-SLLS3	D		45	N	3	JH47091	390248
222054002	65539431	2	395	8F01	D		3	N	3		396252
222054003	65539431	3	392	2DL	D		14	N	3		385698
222054004	65539431	4	392	2RG	2	166903857	30	N	3		385705
222054005	65539432	1	392	2-SLLEWA1	2	166903859	47	N	3	JH47092	390260
222054006	65539432	2	392	2-SLLEWA1	2	166903859	47	N	3	JH47092	390260
222054034	65539472	1	396	3(a)(1)	2	166903912	16	N	3		9208
222054037	65539481	1	392	2C	D		40	N	3	CW68135	9389
222054038	65539482	1	392	2C	D		40	N	3	CW68137	9389
222054042	65539490	1	393	207(b)	2	166903939	22	N	3		9460
222054062	65539521	1	396	3(a)(1)	1	166903984	16	N	3		9208
222054127	65539644	1	392	2RG	1	166904170	30	N	3		385705
222054569	65540190	1	393	75(a)(3)	1	166905092	23	Y	99	CW520912	9334
222054570	65540190	2	396	3(a)(1)	2	166905093	16	N	3		9208
222054571	65540199	1	393	9(a)	1	166905109	20	N	3		9172
222054572	65540199	2	393	9(a)	1	166905109	20	Y	99		283327
222054573	65540199	3	396	3(a)(1)	1	166905109	16	N	3		9204
222054574	65540199	4	393	75(a)(3)	1	166905109	23	Y	99	281	9334
222054575	65540199	5	393	47(a)	1	166905109	16	N	3		257961
222054576	65540199	6	396	3(a)(1)	1	166905109	30	N	3		9203
222054577	65540200	1	396	3(a)(1)	1	166905110	16	N	3		9204
222054578	65540200	2	393	81	1	166905110	30	N	3	215	9350
222054579	65540201	1	392	2RG	1	166905111	30	N	3		385705
222054580	65540202	1	392	2RG	1	166905112	30	N	3	DW17280	385705
222054581	65540202	2	396	5(b)	1	166905112	30	N	3		9211
222054582	65540202	3	393	9(a)	2	166905113	20	N	3		9172
222054583	65540202	4	393	47(e)	2	166905113	15	N	3		257965
222054584	65540202	5	396	3(a)(1)	3	166905114	30	N	3		9203
222054585	65540202	6	393	209(d)	1	166905112	21	N	3		8493
222054586	65540204	1	396	3(a)(1)	1	166905116	30	N	3		9203
222054587	65540206	1	393	45PC	1	166905118	16	N	3		392459
222054588	65540206	2	392	2	1	166905118	30	N	3		379214
222054589	65540206	3	396	3(a)(1)	2	166905119	30	N	3		9203
222054590	65540211	1	392	2WC	1	166905127	30	N	3		385707
222054591	65540212	1	392	2AU	1	166905128	30	N	3		385695
222054592	65540212	2	393	95(f)	1	166905128	28	N	3	CH065337	9180
222054593	65540214	1	392	2RG	1	166905130	30	N	3		385705
222054594	65540214	2	393	75C	1	166905130	23	N	3	HN93898	2909
222054595	65540214	3	396	5(b)	1	166905130	30	N	3		9211
222054596	65540215	1	396	3(a)(1)	1	166905131	30	N	3		9203
222054597	65540217	1	393	60(c)	1	166905135	26	N	3		257571
222054598	65540224	1	392	2RG	2	166905147	30	N	3		385705
222054599	65540224	2	393	11	2	166905147	20	N	3		9422
222054600	65540226	1	396	3(a)(1)	1	166905149	16	Y	99	CW745103	9208
222054601	65540226	2	393	11	2	166905150	20	Y	99		9422
222054602	65540226	3	393	47(e)	2	166905150	15	N	3		257965
222054603	65540226	4	393	47(e)	1	166905149	15	N	3		257965
222054604	65540226	5	396	3(a)(1)	1	166905149	15	Y	99		383183
222054605	65540226	6	396	5(b)	1	166905149	30	N	3		9211
222054606	65540226	7	396	3A1DSUJ	1	166905149	30	N	3		396118
222054607	65540226	8	392	2WC	2	166905150	30	N	3		385707
222054608	65540227	1	393	75C	1	166905151	23	Y	4		2909
222054609	65540227	2	393	104(b)	2	166905152	25	N	3		10044
222054610	65540227	3	392	2RG	2	166905152	30	N	3		385705
222054611	65540229	1	396	3(a)(1)	1	166905155	16	N	3		9208
222054612	65540230	1	396	3(a)(1)	1	166905157	30	N	3		9203
222054613	65540232	1	390	21(a)	1	166905161	30	N	3	JH51126	9566
222054614	65540232	2	392	2AU	1	166905161	30	N	3		385695
222054615	65540232	3	392	2DL	1	166905161	14	N	3		385698
222054616	65540233	1	392	82(a)(1)	D		14	N	3		392492
222054617	65540234	1	393	11	1	166905164	20	N	3		9422
222054618	65540234	2	392	2MI	1	166905164	14	N	3		385703
222054619	65540235	1	392	2RG	1	166905165	30	N	3	CW745104	385705
222054620	65540235	2	393	11	1	166905165	20	N	3		9422
222054621	65540235	3	393	24(b)	1	166905165	20	N	3		257954
222054622	65540235	4	393	9(a)	1	166905165	20	N	3	CW745104	283327
222054623	65540235	5	392	2	D		14	N	3		8496
222054624	65540235	6	396	3(a)(1)	1	166905165	30	N	3		9203
222054625	65540236	1	392	2AU	1	166905166	30	N	3		385695
222054626	65540236	2	390	21(a)	1	166905166	30	N	3	CW745105	9566
222054627	65540236	3	392	2	1	166905166	14	N	3	CW745105	8496
222054628	65540236	4	392	2RG	1	166905166	30	N	3		385705
222054629	65540236	5	393	11	1	166905166	20	N	3		9422
222054630	65540236	6	393	11	1	166905166	20	N	3		9422
222054631	65540236	7	392	2RG	1	166905166	30	N	3		385705
222054632	65540236	8	393	11	1	166905166	20	N	3		9422
222054633	65540238	1	393	43(a)	1	166905169	16	N	3		9280
222054645	65540250	1	392	2	D		14	N	3		8496
222054646	65540250	2	395	8(a)	D		3	Y	3	HN80964	254677
222054647	65540250	3	392	2LC	D		42	N	3		9392
222054648	65540250	4	390	21(a)	1	166905185	30	N	3		9566
222054649	65540250	5	392	2RG	1	166905185	30	N	3	HN80964	385705
222054650	65540250	6	392	2AU	1	166905185	30	N	3		385695
222054651	65540250	7	393	95(f)	1	166905185	28	N	3		9180
222054652	65540250	8	396	5(b)	1	166905185	30	N	3		9211
222054653	65540250	9	393	201(d)	1	166905185	19	N	3		9448
222054654	65540250	10	393	75C	1	166905185	23	N	3		2909
222054655	65540251	1	393	60(c)	1	166905186	26	N	3		257571
222054656	65540251	2	393	11	1	166905186	20	N	3		9422
222054657	65540251	3	393	9(a)	1	166905186	20	Y	99		283327
222054658	65540251	4	393	209(d)	1	166905186	21	Y	99	CE034970	8493
222054659	65540252	1	393	11	1	166905187	20	N	3		9422
222054660	65540252	2	396	3(a)(1)	1	166905187	16	N	3		9208
222054661	65540252	3	396	5(b)	1	166905187	30	N	3		9211
222054662	65540259	1	392	2RG	1	166905198	30	N	3	HQ81571	385705
222054663	65540260	1	392	2RG	1	166905199	30	N	3	HQ81572	385705
222054664	65540261	1	392	2-SLLEWA1	1	166905200	47	N	3		390260
222054665	65540261	2	392	2DIM	2	166905201	30	N	3		385697
222054668	65540266	1	396	3(a)(1)	1	166905210	16	N	3		9208
222054669	65540267	1	392	2LV	D		14	N	3		385702
222054670	65540267	2	392	2-SLLS2	D		45	N	3		390247
222054671	65540268	1	393	9(a)	1	166905213	20	N	3		9172
222054672	65540271	1	392	2DIM	2	166905220	30	N	3		385697
222054673	65540272	1	392	2C	D		40	N	3		9389
222054677	65540276	1	393	201(a)	2	166905229	19	Y	99		9445
222054678	65540277	1	392	2RG	2	166905232	30	N	3		385705
222054679	65540277	2	392	2WC	2	166905232	30	N	3	HB28212	385707
222054680	65540279	1	392	2RG	1	166905235	30	N	3	CW446014	385705
222054681	65540281	1	392	2C	D		40	N	3	DA40256	9389
222054682	65540281	2	392	2-SLLS3	D		45	N	3		390248
222054683	65540281	3	395	8E	D		2	Y	3	DA40256	253692
222054684	65540285	1	393	11	1	166905247	20	N	3		9422
222054685	65540286	1	392	2RG	1	166905248	30	N	3		385705
222054686	65540289	1	392	2DIM	2	166905252	30	N	3		385697
222054687	65540290	1	392	2DL	D		14	N	3		385698
222054688	65540290	2	393	9(a)	2	166905253	20	N	3		9172
222054689	65540293	1	392	2RG	1	166905259	30	N	3	CP044724	385705
222054690	65540293	2	392	2	1	166905259	14	N	3		8496
222054691	65540294	1	392	16	D		11	N	3	HJ49152	9386
222054692	65540295	1	392	2AU	1	166905261	30	N	3	VERBAL	385695
222054693	65540295	2	392	2	1	166905261	14	N	3	CW10628	8496
222054694	65540295	3	392	2RG	1	166905261	30	N	3	HJ9154	385705
222054695	65540296	1	393	11	2	166905263	20	N	3	HJ49155	9422
222054696	65540298	1	395	34(a)(1)	D		50	N	3	#13787	396433
222054697	65540305	1	392	2RG	1	166905280	30	N	3		385705
222054698	65540306	1	392	2RG	1	166905281	30	N	3		385705
222054699	65540307	1	392	2-SLLS3	D		45	N	3		390248
222054700	65540308	1	392	2RG	1	166905284	30	N	3		385705
222054701	65540310	1	393	9(a)	1	166905288	20	Y	99		283327
222054702	65540310	2	393	9(a)	1	166905288	20	N	3	JA64807	9172
222054703	65540310	3	173	315(n)(3)	1	166905288	39	N	3		396319
222054704	65540310	4	396	3(a)(1)	1	166905288	30	N	3		9203
222054705	65540312	1	392	2DIM	D		30	N	3		385697
222054706	65540313	1	392	2RG	2	166905294	30	N	3		385705
222054707	65540313	2	393	25(b)	1	166905293	20	N	3		9269
222054708	65540313	3	393	95(a)	1	166905293	28	N	3		9178
222054709	65540315	1	393	95(f)	1	166905296	28	N	3		9180
222054714	65540319	1	392	2	1	166905304	14	N	3		8496
222054715	65540323	1	392	2RG	1	166905313	30	N	3	DH60229	385705
222054716	65540323	2	383	23(a)(2)	D		14	Y	3		9547
222054717	65540323	3	392	2RG	1	166905313	30	N	3		385705
222054718	65540323	4	393	104(b)	1	166905313	25	N	3		10044
222054719	65540324	1	392	2MI	1	166905314	14	N	3		385703
222054720	65540325	1	393	75(a)(3)	1	166905316	23	Y	99		9334
222054721	65540325	2	392	2RG	2	166905317	30	N	3		385705
222054722	65540326	1	396	3(a)(1)	1	166905318	30	N	3		9203
222054723	65540326	2	393	9(a)	1	166905318	20	N	3		9172
222054724	65540326	3	393	45	1	166905318	16	Y	99		9283
222054725	65540326	4	392	2RG	1	166905318	30	N	3		385705
222054726	65540326	5	392	2RG	1	166905318	30	N	3		385705
222054727	65540326	6	392	2RG	1	166905318	30	N	3		385705
222054728	65540328	4	392	2RG	1	166905320	30	N	3		385705
222054729	65540328	1	392	2-SLLS2	D		45	N	3	JH47095	390247
222054730	65540328	2	395	8(a)	D		3	Y	3		254677
222054731	65540328	3	393	9(a)	2	166905321	20	N	3		9172
222054732	65540329	1	393	110(b)	2	166905323	25	Y	1		256389
222054733	65540329	2	393	60(d)	1	166905322	26	N	3	CW161203	9308
222054734	65540330	1	393	60(d)	1	166905324	26	N	3	JH47094	9308
222054735	65540330	2	393	86(a)(5)	D		30	N	3	JH47093	9364
222054736	65540331	1	392	2RG	1	166905326	30	N	3	DP99628	385705
222054737	65540331	2	393	75(f)	1	166905326	23	Y	99		9340
222054738	65540331	3	393	11	1	166905326	20	N	3		9422
222054740	65540336	1	390	21(a)	1	166905335	30	N	3	JB69927	9566
222054741	65540337	1	392	2AU	1	166905336	30	N	3	JB69928	385695
222054743	65540340	1	392	2AU	1	166905339	30	N	3	DH60230	385695
222054744	65540340	2	392	2RG	1	166905339	30	N	3		385705
222054745	65540340	3	392	2	1	166905339	14	N	3		8496
222054746	65540340	4	390	21(a)	1	166905339	30	N	3		9566
222054747	65540341	1	390	21(a)	1	166905340	30	N	3		9566
222054748	65540341	2	392	2AU	1	166905340	30	N	3	DH60231	385695
222054749	65540342	1	392	2	1	166905341	14	N	3	CW251719	8496
222054750	65540342	2	396	3(a)(1)	1	166905341	30	Y	99		9203
222054751	65540342	3	393	9(a)	1	166905341	20	Y	1		9172
222054752	65540342	4	393	47(e)	1	166905341	15	N	3	HS314550	257965
222054753	65540345	1	392	2IN	1	166905345	30	N	3		385700
222054754	65540345	2	392	2RG	1	166905345	30	N	3		385705
222054755	65540346	1	393	11	2	166905347	20	Y	1		9422
222054756	65540346	2	393	45(b)(2)	2	166905347	16	N	3		257958
222054757	65540347	1	396	3(a)(1)	1	166905348	30	N	3		9203
222054758	65540347	2	396	3(a)(1)	1	166905348	30	N	3		9203
222054763	65540362	1	392	2RG	1	166905372	30	N	3		385705
222054764	65540362	2	392	2RG	1	166905372	30	N	3		385705
222054765	65540362	3	393	75(a)(3)	1	166905372	23	Y	99		9334
222054766	65540366	1	393	47(e)	1	166905377	15	N	3		257965
222054767	65540366	2	396	3(a)(1)	1	166905377	15	Y	1		383183
222054768	65540368	1	392	2C	D		40	N	3		9389
222054769	65540368	2	392	2	1	166905379	14	N	3	DA002691	8496
222054770	65540369	1	392	2RG	2	166905383	30	N	3		385705
222054771	65540369	2	393	207(b)	2	166905383	22	Y	1	CW376997	9460
222054772	65540375	1	392	2RG	1	166905393	30	N	3	HU87593	385705
222054773	65540376	1	392	2RG	1	166905394	30	N	3	HU87596	385705
222054774	65540376	2	393	60(d)	1	166905394	26	N	3		9308
222054775	65540378	1	393	75C	1	166905396	23	N	3	HU 82964	2909
222054776	65540381	1	393	60(c)	1	166905400	26	N	3		257571
222054777	65540382	1	392	2AU	1	166905401	30	N	3		385695
222054778	65540382	2	396	3(a)(1)	2	166905402	16	Y	99		9208
222054779	65540383	1	393	9(a)	1	166905403	20	N	3		9172
222054780	65540385	1	396	3(a)(1)	1	166905405	16	N	3		9208
222054783	65540391	1	383	23(a)(2)	1	166905412	14	Y	99	HL47966	9547
222054784	65540391	2	392	2	1	166905412	14	N	3	HL47967	8496
222054785	65540391	3	390	21(a)	1	166905412	30	N	3	HL47967	9566
222054786	65540391	4	392	2AU	1	166905412	30	N	3	CT060940	385695
222054787	65540391	5	393	45	1	166905412	16	Y	99	HL47967	9283
222054788	65540391	6	393	53(b)	1	166905412	16	N	3	HL47967	385681
222054789	65540391	7	393	9(a)	1	166905412	20	N	3	CT060940	9172
222054790	65540391	8	393	95(a)	1	166905412	28	N	3	CT060940	9178
222054791	65540392	1	390	21(a)	1	166905413	30	N	3	CT060941	9566
222054792	65540393	16	396	3(a)(1)	1	166905414	16	N	3		9208
222054793	65540393	1	392	2RG	1	166905414	30	N	3	HL47968	385705
222054794	65540393	2	392	2	2	166905415	14	N	3	CT060941	8496
222054795	65540393	3	393	75(a)(2)	2	166905415	23	Y	99	HL47968	9333
222054796	65540393	4	393	75C	2	166905415	23	Y	99	HL47968	2909
222054797	65540393	5	393	9(a)	1	166905414	20	N	3	HL47968	9172
222054798	65540393	6	393	95(a)	1	166905414	28	N	3	HL47968	9178
222054799	65540393	7	393	9(a)	2	166905415	20	N	3	HL47968	9172
222054800	65540393	8	393	9(a)	2	166905415	20	Y	99	HL47968	9172
222054801	65540393	9	393	9(a)	1	166905414	20	N	3	HL47968	9172
222054802	65540393	10	396	3(a)(1)	1	166905414	15	Y	99		383183
222054803	65540393	11	393	53(b)	1	166905414	16	N	3	HL47968	385681
222054804	65540393	12	396	5(b)	2	166905415	24	N	3	HL47968	392472
222054805	65540393	13	396	3(a)(1)	1	166905414	16	N	3	HL47968	9208
222054806	65540393	14	393	45(b)(2)	2	166905415	16	N	3	HL47968	257958
222054807	65540393	15	393	45	2	166905415	16	Y	99	HL47968	9283
222054808	65540395	1	393	75(a)(1)	1	166905417	23	Y	99	HU 82965	9332
222054809	65540396	1	392	2RG	1	166905419	30	N	3		385705
222054810	65540396	2	393	11	1	166905419	20	N	3	HU 82966	9422
222054811	65540396	3	393	95(f)	1	166905419	28	N	3		9180
222054812	65540396	4	393	9(a)	1	166905419	20	N	3		9172
222054813	65540398	1	392	2-SLLS4	D		45	N	3	JB34289	390240
222054814	65540399	1	392	2	1	166905422	30	N	3		379214
222054815	65540399	2	396	3(a)(1)	1	166905422	16	N	3		9208
222054816	65540400	1	392	2	1	166905424	30	N	3		379214
222054817	65540400	2	396	5(b)	1	166905424	30	N	3		9211
222054818	65540400	3	393	47(e)	1	166905424	15	N	3		257965
222054819	65540401	1	396	3(a)(1)	1	166905426	16	N	3		9208
222054820	65540401	2	393	75C	2	166905427	23	N	3		2909
222054821	65540401	3	396	3(a)(1)	2	166905427	16	N	3		9204
222054822	65540401	4	393	47(e)	2	166905427	15	N	3		257965
222054823	65540402	1	392	2	1	166905429	30	N	3		379214
222054824	65540404	1	392	2	1	166905431	30	N	3		379214
222054825	65540404	2	396	5(b)	1	166905431	30	N	3		9211
222054826	65540405	1	393	70(a)	1	166905434	17	Y	99		9323
222054827	65540405	2	396	3(a)(1)	1	166905434	30	N	3		9203
222054828	65540405	3	393	43(d)	2	166905433	16	Y	99		9281
222054829	65540405	4	396	3(a)(1)	2	166905433	15	Y	99	HS13176	383183
222054830	65540405	5	392	2	1	166905434	30	N	3		379214
222054831	65540408	1	396	3(a)(1)	1	166905437	30	N	3		9203
222054832	65540408	2	396	3(a)(1)	1	166905437	16	N	3	CW532726	9208
222054833	65540411	1	392	2RG	1	166905442	30	N	3		385705
222054834	65540411	2	392	2RG	1	166905442	30	N	3		385705
222054835	65540413	1	393	75(h)	1	166905446	23	N	3		371296
222054836	65540413	2	396	3(a)(1)	2	166905447	30	N	3		9203
222054837	65540413	3	393	75C	2	166905447	23	N	3		2909
222054838	65540413	4	396	3(a)(1)	1	166905446	16	N	3		9208
222054839	65540413	5	396	5(b)	1	166905446	30	N	3		9211
222054841	65540419	1	392	2	1	166905456	30	N	3		379214
222054842	65540420	1	392	2	1	166905458	14	N	3		8496
222054843	65540421	1	392	2	1	166905460	30	N	3		379214
222054844	65540422	1	383	23(a)(2)	D		14	Y	4	CF061029	9547
222054845	65540423	1	393	75B	1	166905463	23	N	3	CR071753	254322
222054846	65540423	2	396	3(a)(1)	1	166905463	30	N	3	CR071753	9203
222054847	65540426	1	392	2RG	1	166905469	30	N	3		385705
222054848	65540426	2	390	21(a)	1	166905469	30	N	3		9566
222054849	65540426	3	390	21(a)	1	166905469	30	N	3	HS13177	9566
222054850	65540426	4	392	2	D		14	N	3		8496
222054851	65540426	5	393	75B	1	166905469	23	Y	99		254322
222054852	65540426	6	396	5(b)	1	166905469	30	N	3		9211
222054853	65540426	7	396	5(b)	2	166905470	24	N	3	HS13177	392474
222054854	65540427	1	396	3(a)(1)	1	166905471	30	N	3		9203
222054855	65540427	2	395	22(h)(4)	D		7	N	3		396422
222054856	65540430	1	393	205(b)	1	166905477	24	N	3	CW670436	9457
222054857	65540431	1	393	205(c)	1	166905479	24	Y	99		9458
222054858	65540431	2	393	209(d)	1	166905479	21	N	3		8493
222054859	65540433	1	393	9(a)	1	166905482	20	Y	99		9172
222054860	65540433	2	393	9(a)	1	166905482	20	N	3		9172
222054861	65540434	1	392	2DL	D		14	N	3	DV71339	385698
222054862	65540434	2	392	2AU	1	166905483	30	N	3	DV71340	385695
222054863	65540440	1	392	2RG	1	166905493	30	N	3		385705
222054864	65540440	2	390	21(a)	1	166905493	30	N	3		9566
222054865	65540440	3	392	2AU	1	166905493	30	N	3	JC02794	385695
222054866	65540440	4	393	11	1	166905493	20	N	3		9422
222054867	65540440	5	392	2RG	1	166905493	30	N	3		385705
222054868	65540440	6	392	2RG	1	166905493	30	N	3		385705
222054869	65540441	1	393	9(a)	2	166905495	20	Y	99		9172
222054870	65540441	2	392	2RG	2	166905495	30	N	3	215	385705
222054871	65540441	3	393	11	1	166905494	20	N	3	215	9422
222054872	65540441	4	393	11	2	166905495	20	N	3	281	9422
222054873	65540441	5	392	2WC	2	166905495	30	N	3		385707
222054874	65540441	6	392	2	1	166905494	14	N	3	281	8496
222054875	65540442	1	392	2RG	1	166905496	30	N	3		385705
222054876	65540442	2	392	2AU	1	166905496	30	N	3	281	385695
222054877	65540442	3	393	11	1	166905496	20	N	3		9422
222054878	65540446	1	392	2RG	2	166905503	30	N	3		385705
222054879	65540448	1	393	75(h)	1	166905506	23	N	3		371296
222054880	65540448	2	396	3(a)(1)	1	166905506	30	N	3		9203
222054881	65540449	1	392	2	1	166905507	14	N	3	HN05547	8496
222054882	65540449	2	390	21(a)	1	166905507	30	N	3		9566
222054883	65540449	3	392	2RG	2	166905508	30	N	3		385705
222054884	65540449	4	392	2	2	166905508	14	N	3	AC96393	8496
222054885	65540450	1	392	2-SLLEWA2	D		47	N	3	HD83853	390250
222054886	65540454	1	392	2-SLLS4	D		45	N	3	HM17565	390240
222054887	65540454	2	395	24(d)	D		7	N	3		396428
222054888	65540455	1	392	2	1	166905519	14	N	3		8496
222054889	65540455	2	396	3(a)(1)	1	166905519	16	N	3		9208
222054890	65540456	1	393	9(a)	1	166905520	20	N	3		9172
222054891	65540456	2	396	3(a)(1)	1	166905520	16	N	3		9208
222054892	65540457	1	392	2	1	166905521	14	N	3	JB 47474	8496
222054893	65540457	2	390	21(a)	1	166905521	30	N	3	JB 47474	9566
222054894	65540457	3	392	2AU	1	166905521	30	Y	99	JB 47474	385695
222054895	65540457	4	392	2RG	1	166905521	30	N	3		385705
222054896	65540458	1	393	47(e)	1	166905522	15	N	3		257965
222054897	65540458	2	396	3(a)(1)	1	166905522	16	N	3		9204
222054898	65540458	3	393	75(a)(3)	1	166905522	23	Y	99	215	9334
222054899	65540458	4	393	75(a)(3)	1	166905522	23	Y	99		9334
222054901	65540460	1	392	2AU	1	166905524	30	N	3	JB75906	385695
222054902	65540464	1	395	8(a)	D		3	Y	3		254677
222054903	65540468	1	393	75(a)(3)	1	166905536	23	Y	1	CW532727	9334
222054904	65540468	2	396	3(a)(1)	1	166905536	30	N	3		9203
222054908	65540482	1	396	3(a)(1)	1	166905559	16	N	3		9204
222054909	65540488	1	393	75(a)(3)	1	166905565	23	Y	99		9334
222054910	65540490	1	393	9(a)	1	166905567	20	N	3		9172
222054911	65540490	2	396	3(a)(1)	1	166905567	16	N	3		9204
222054912	65540490	3	396	3(a)(1)	1	166905567	30	N	3		9203
222054913	65540490	4	393	205(c)	1	166905567	24	N	3		9458
222054924	65540546	1	392	2AU	1	166905656	30	N	3	HD83854	385695
222054941	65540585	1	396	3(a)(1)	1	166905726	30	N	3		9203
222054942	65540588	1	392	2RG	1	166905731	30	N	3		385705
222054943	65540594	1	392	2AU	1	166905740	30	N	3		385695
222054947	65540606	1	392	2DL	1	166905759	14	N	3		385698
222054948	65540606	2	392	2RG	1	166905759	30	N	3		385705
222054949	65540606	3	393	75(a)(1)	1	166905759	23	Y	1		9332
222054955	65540619	1	393	207(c)	1	166905778	22	Y	1	CW770773	9328
222054956	65540619	2	393	207(f)	1	166905778	22	N	3		9263
222054957	65540619	3	393	47(e)	1	166905778	15	N	3		257965
222054958	65540619	4	393	47(e)	1	166905778	15	N	3		257965
222054959	65540619	5	396	3(a)(1)	1	166905778	15	Y	1		383183
222054960	65540620	1	396	5(b)	1	166905780	24	N	3	CW770809	392474
222054961	65540620	2	396	3(a)(1)	1	166905780	16	N	3		9208
222054962	65540621	1	393	48(a)	1	166905782	16	N	3		9288
222054965	65540630	1	396	3(a)(1)	2	166905797	16	N	3		9208
222054966	65540631	1	396	3(a)(1)	1	166905798	15	Y	99		383183
222054967	65540631	2	396	3(a)(1)	1	166905798	16	Y	99		9208
222054968	65540631	3	393	47(e)	2	166905799	15	N	3		257965
222054969	65540632	1	393	45(d)	1	166905800	16	N	3		392462
222054970	65540632	2	393	60(b)	1	166905800	26	N	3		257570
222054971	65540632	3	396	3(a)(1)	2	166905801	16	N	3		9208
222054974	65540638	1	393	45(b)(2)	2	166905809	16	N	3		392460
222054975	65540638	2	393	75C	2	166905809	23	N	3		2909
222054987	65540645	1	392	2	D		14	N	3	Y966867-4	8496
222055039	65540651	1	392	16	D		11	N	3		9386
222055118	65540657	1	392	2	D		14	N	3		8496
222055119	65540658	1	392	2-SLLS3	D		45	N	3		390248
222055157	65540667	1	392	16	D		11	N	3	Y9668641	9386
222055221	65540678	1	392	16	D		11	N	3	Y966811-4	9386
222055242	65540684	1	392	16	D		11	N	3		9386
222055257	65540689	1	392	16	D		11	N	3	Y 966795-2	9386
222055258	65540690	1	392	82(a)(1)	D		14	N	3		392492
222055259	65540691	1	392	82(a)(1)	D		14	N	3		392492
222055261	65540694	1	392	16	D		11	N	3		9386
222055310	65540699	1	392	16	D		11	N	3		9386
222055311	65540699	2	392	2DL	D		14	N	3		385698
222055312	65540700	1	391	41(a)-F	D		1	N	3	Y966866- 3	393832
222055313	65540700	2	392	2LV	D		14	N	3		385702
222055346	65540710	1	392	2MI	D		14	N	3		385703
222055351	65540714	1	392	2MI	D		14	N	3	Y966824-3	385703
222055363	65540716	1	392	16	D		11	N	3		9386
222055365	65540719	1	392	2-SLLS4	D		45	N	3		390240
222055366	65540719	2	391	41(a)-F	D		1	N	3		393832
222055371	65540721	1	392	9b(a)	1	166906017	30	Y	99		396447
222055372	65540721	3	390	19(a)(2)	1	166906017	30	N	3		393824
222055413	65540728	1	392	2	D		14	N	3	Y966854-5	8496
222055414	65540728	2	392	2-SLLS2	D		45	N	3		390247
222055415	65540728	3	390	21(b)	1	166906033	30	N	3		9426
222055416	65540729	2	392	2RG	1	166906035	30	N	3	Y966858-2	385705
222055417	65540729	3	391	45(b)	D		1	N	3	Y966858-2	8487
222055418	65540729	1	392	2	D		14	N	3		8496
222055425	65540735	1	392	16	D		11	N	3		9386
222055426	65540736	1	392	16	D		11	N	3		9386
222055427	65540738	1	392	2	1	166906045	14	N	3		8496
222055433	65540741	1	391	41(a)-F	D		1	N	3		393832
222055434	65540741	2	392	16	D		11	N	3		9386
222055435	65540742	1	392	16	D		11	N	3	Y966880-3	9386
222055436	65540742	2	391	41(a)-F	D		1	N	3	Y9668836	393832
222055437	65540742	3	383	23(a)(2)	D		14	Y	3	Y9668836	9547
222055438	65540742	4	392	2	D		14	N	3		8496
222055479	65540756	1	393	9(a)	1	166906076	20	N	3		9172
222055480	65540757	1	392	2	D		14	N	3		8496
222055487	65526529	1	393	100(b)	1	166906083	25	Y	1	1V50DJN	254958
222055491	65526564	1	393	75(a)(2)	2	166906088	23	N	3		9333
222055492	65540763	1	393	95(a)	1	166906090	28	N	3		9178
222055493	65540763	2	393	45(b)(2)	1	166906090	16	N	3		257958
222055505	65540768	1	392	2DIM	2	166906100	30	N	3		385697
222055518	65540771	1	395	15G01	D		7	N	3		396254
222055519	65540771	2	393	45(b)(2)	1	166906105	16	N	3		257958
222055520	65540771	3	393	47(e)	1	166906105	15	N	3		257965
222055525	65540773	1	393	9(a)	1	166906110	20	N	3		9172
222055526	65540773	2	393	75A	1	166906110	23	Y	99	591OBMD	8494
222055559	65540786	1	390	21(b)	1	166906139	30	N	3	DT60BFF	9426
222055568	65540792	1	392	2-SLLS4	D		45	N	3		390240
222055569	65540792	2	391	41(a)-F	D		1	N	3	DK00AYY	393832
222055570	65540792	3	392	9b(a)	1	166906148	30	N	3	DK10AYY	396080
222055571	65540792	4	393	95(a)	1	166906148	28	N	3		9178
222055572	65540792	5	393	95(f)	1	166906148	28	N	3		9180
222055587	65540799	1	392	2-SLLS4	D		45	N	3		390240
222055588	65540800	1	393	95(f)	1	166906160	28	N	3		9180
222055589	65540800	2	396	17(c)	1	166906160	29	N	3		9202
222055591	65540802	1	393	9(a)	1	166906163	20	N	3		283327
222055592	65540802	2	393	78	1	166906163	26	N	3		9347
222055593	65540802	3	393	75C-OOS	2	166906164	99	N	3	3160BL0	396408
222055594	65540802	4	393	9(a)	2	166906164	20	N	3		9172
222055595	65540802	5	393	9(a)	2	166906164	20	N	3		396450
222055596	65540802	6	393	75(a)(3)	2	166906164	23	Y	99		9334
222055597	65540802	7	393	47(d)	2	166906164	16	Y	99	3150BL0	257964
222055598	65540802	8	393	48(a)	2	166906164	16	Y	99	3140BL0	9288
222055599	65540802	9	393	48(a)	2	166906164	16	Y	99		9288
222055600	65540802	10	393	48(a)	1	166906163	16	Y	99		9288
222055601	65540802	11	393	47(d)	1	166906163	16	Y	99		257964
222055602	65540802	12	393	48(a)	1	166906163	16	Y	99		9288
222055603	65540802	13	393	11	2	166906164	20	N	3		9427
222055604	65540802	14	393	45(b)(2)	2	166906164	16	Y	99		392460
222055605	65540802	15	393	207(a)	1	166906163	22	Y	99		9459
222055606	65540802	16	393	207(a)	1	166906163	22	Y	99		9459
222055609	65540805	1	393	45(b)(2)	1	166906168	16	N	3		392460
222055610	65540805	2	396	5(b)	1	166906168	30	N	3		9211
222055617	65540812	1	393	9(a)	1	166906179	20	N	3		9172
222055618	65540812	2	393	9(a)	1	166906179	20	N	3		9172
222055619	65540812	3	393	60(c)	1	166906179	26	N	3		257571
222055620	65540812	4	395	8F01	D		3	N	3		396252
222055621	65540813	1	393	60(c)	1	166906180	26	N	3		257571
222055622	65540813	2	376	11(d)(1)	D		14	N	3		396114
222055623	65540813	3	392	2-SLLEWG1	1	166906180	47	N	3	3K70BJD	390249
222055624	65540813	4	393	75G-LOAD	1	166906180	23	Y	99	3K80BJD	396403
222055630	65540818	1	392	2C	D		40	N	3	DTB0BFF	9389
222055635	65540821	1	392	2C	D		40	N	3	DTD0BFF	9389
222055652	65540826	1	393	45(b)(2)	2	166906210	16	N	3		392460
222055653	65540826	2	393	45PC	1	166906209	16	Y	99	27J0BD2	392459
222055691	65540842	1	392	2DIM	2	166906240	30	N	3		385697
222055721	65540847	1	392	2-SLLS3	D		45	N	3		390248
222055722	65540847	2	393	95(f)	1	166906253	28	N	3	5N30HBZ	9180
222055724	65540849	1	393	75A	1	166906257	23	Y	1		8494
222055732	65540855	1	396	3A1DSCB	1	166906268	30	Y	99		396116
222055733	65540855	2	393	209(d)	1	166906268	21	Y	99	7DS0B1Z	8493
222055734	65540856	1	393	75C	2	166906270	23	N	3		2909
222055746	65540864	1	390	21(b)	1	166906288	30	N	3		9426
222055747	65540864	2	393	9(a)	2	166906289	20	N	3		9172
222055748	65540866	1	392	2-SLLEWA1	D		47	N	3		390260
222055749	65540866	2	107	620(b)	D		39	N	3		8488
222055760	65540878	1	393	60(c)	1	166906313	26	N	3		257571
222055774	65540892	1	392	2DL	D		14	N	3	5L20BMS	385698
222055775	65540892	2	391	41(a)-P	D		1	N	3	5L30BMS	393834
222055776	65540892	3	392	9b(a)	1	166906342	30	N	3		396080
222055777	65540892	4	393	43	2	166906343	16	Y	99		9279
222055778	65540892	5	392	2C	D		40	N	3		9389
222055779	65540892	6	393	9(a)	2	166906343	20	Y	99		9172
222055780	65540892	7	393	9(a)	2	166906343	20	Y	99		283327
222055781	65540892	8	393	95(a)	1	166906342	28	N	3		9178
222055782	65540892	9	393	95(f)	1	166906342	28	N	3		9180
222055826	65540903	1	393	100(a)	1	166906370	25	Y	99		9417
222055827	65540906	1	393	75(a)(1)	1	166906373	23	N	3	BN80CRH	9332
222055828	65540906	2	393	9(a)	1	166906373	20	N	3		283327
222055829	65540906	3	392	2RG	1	166906373	30	N	3		385705
222055844	65540912	1	392	2C	D		40	N	3		9389
222055845	65540912	2	392	2MI	D		14	N	3		385703
222055846	65540912	3	391	41(a)	D		1	N	3		9377
222055849	65540916	1	392	2C	D		40	N	3		9389
222055850	65540916	2	396	5(b)	1	166906389	30	N	3		9211
222055851	65540916	3	396	3(a)(1)	2	166906390	16	N	3		9204
222055852	65540916	4	393	207(c)	2	166906390	22	Y	99		9328
222055853	65540917	1	107	620(b)	1	166906391	39	N	3		8488
222055854	65540917	2	390	21(b)	1	166906391	30	N	3		9426
222055855	65540918	1	393	9(a)	1	166906392	20	N	3		9172
222055856	65540918	2	393	11	1	166906392	20	N	3		9422
222055861	65540920	1	393	43	2	166906400	16	Y	99		9279
222055862	65540920	2	396	3A1T	2	166906400	23	Y	99		9209
222055865	65540922	1	392	2	D		14	N	3		8496
222055866	65540923	1	393	75(a)(1)	1	166906404	23	Y	99		9332
222055867	65540923	2	393	9(a)	1	166906404	20	Y	99		283327
222055868	65540924	1	393	17(b)	1	166906405	20	Y	99		9442
222055869	65540924	2	393	9(a)	1	166906405	20	N	3		9172
222055870	65540925	1	393	9(a)	1	166906406	20	N	3		9182
222055872	65540929	1	391	45(b)	D		1	N	3	9500B8X	8487
222055873	65540929	2	393	19	1	166906413	20	N	3		9443
222055874	65540929	3	393	9(a)	1	166906413	20	N	3		396450
222055875	65540929	4	393	9(a)	1	166906413	20	Y	99		283327
222055889	65540942	1	391	41(a)	D		1	N	3		9377
222055890	65540942	2	390	21(b)	1	166906436	30	N	3		9426
222055891	65540945	1	393	75A	1	166906439	23	Y	99		8494
222055892	65540945	2	393	9(a)	2	166906440	20	N	3		9183
222055893	65540945	3	393	47(e)	1	166906439	15	N	3		257965
222055894	65540945	4	393	53(b)	1	166906439	16	N	3		385681
222055908	65540948	1	393	47(e)	2	166906448	15	N	3	0LW0SXR	257965
222055909	65540948	2	396	3(a)(1)	2	166906448	15	Y	99		383183
222055910	65540948	3	393	75B-OOS	2	166906448	99	N	3		396409
222055911	65540948	4	393	110(b)	2	166906448	25	Y	99	0LX0SXR	256389
222055912	65540948	5	393	100(b)	2	166906448	25	Y	99		254958
222055913	65540948	6	393	53(b)	2	166906448	16	N	3		385681
222055914	65540948	7	393	47(e)	2	166906448	15	N	3	0LY0SXR	257965
222055918	65540951	1	392	16	D		11	N	3	9530B8X	9386
222055919	65540952	1	392	2RG	1	166906452	30	N	3	9540B8X	385705
222055930	65540955	1	392	2DL	D		14	N	3		385698
222055932	65540963	1	393	9(a)	1	166906474	20	Y	1		396450
222055940	65540969	1	391	11B2	D		14	N	3	WARNING	9372
222055941	65540969	2	395	8(a)(1)	D		3	Y	3	2RY0AZV	396451
222055942	65540969	3	393	45	1	166906481	16	Y	99		9283
222055965	65540975	1	392	16	D		11	N	3	9560B8X	9386
222055966	65540975	2	391	11(b)(4)	D		14	Y	3		9373
222055976	65540979	1	395	15G01	D		7	N	3		396254
222055977	65540979	2	395	15G02	D		7	N	3		396190
222055993	65540990	1	395	22(h)(4)	D		7	N	3		396422
222055994	65540992	1	393	95(a)	1	166906532	28	N	3		9178
222055995	65540992	2	393	75A	1	166906532	23	Y	99		8494
222056015	65540996	1	392	9b(a)	D		30	N	3	5B50BCP	396447
222056016	65540996	2	383	71(h)	D		14	N	3		396336
222056017	65540996	3	393	75A	2	166906543	23	Y	99		8494
222056018	65540996	4	393	43	2	166906543	16	Y	99		9279
222056019	65540996	5	393	25(f)	2	166906543	20	N	3		9271
222056020	65540996	6	393	9(a)	2	166906543	20	Y	99		283327
222056021	65540996	7	393	9(a)	2	166906543	20	N	3		9172
222056086	65541007	1	393	9(a)	1	166906585	20	N	3		9172
222056087	65541007	2	393	9(a)	1	166906585	20	N	3		9172
222056088	65541007	3	396	17(c)	1	166906585	29	N	3		9202
222056089	65541007	4	390	19(a)(1)	1	166906585	30	N	3		393823
222056104	65526667	1	383	51(a)-SOUT	D		8	Y	3		393817
222056105	65526667	2	390	21(b)	1	166906593	30	N	3		9426
222056161	65541029	1	392	16B	D		11	N	3	4X10J6V	396396
222056162	65541029	2	396	17(c)	1	166906624	29	N	3		9202
222056163	65541029	3	393	60(c)	1	166906624	26	N	3		257571
222056164	65541029	4	393	9(a)	1	166906624	20	N	3		9172
222056172	65541033	1	391	41(a)-F	D		1	N	3	69P0B3T	393832
222056173	65541033	2	383	23(a)(2)	D		14	Y	3	69M0B3T	9547
222056174	65541033	3	390	21(b)	1	166906632	30	N	3	69L0B3T	9426
222056175	65541033	4	393	95(a)	1	166906632	28	N	3		9178
222056176	65541033	5	393	95(f)	1	166906632	28	N	3		9180
222056177	65541033	6	393	43	2	166906633	16	Y	99		9279
222056178	65541033	7	393	100(a)	2	166906633	25	Y	99	69N0B3T	9417
222056179	65541033	8	393	9(a)	2	166906633	20	Y	99		283327
222056180	65541033	9	393	25(f)	2	166906633	20	N	3		9271
222056181	65541034	1	392	16	D		11	N	3	69Q0B3T	9386
222056182	65541034	2	393	95(a)	1	166906634	28	N	3		9178
222056184	65541036	1	393	55(c)(2)	1	166906637	16	N	3		9301
222056185	65541037	1	393	75A	1	166906638	23	N	3		8494
222056186	65541037	2	393	75B-OOS	1	166906638	99	N	3		396409
222056187	65541037	3	393	45(b)(2)	2	166906639	16	Y	99		257958
222056188	65541037	4	393	11	1	166906638	20	N	3		9422
222056189	65541037	5	393	203(b)	1	166906638	19	N	3		9452
222056191	65541041	1	393	9(a)	1	166906643	20	N	3		283327
222056235	65541064	1	393	207(c)	1	166906686	22	N	3		9328
222056236	65541064	2	393	81	1	166906686	30	N	3		9350
222056237	65541064	3	393	83(h)	1	166906686	27	N	3		9358
222056238	65541064	4	396	3(a)(1)	1	166906686	30	Y	99		9203
222056239	65541065	1	391	15(a)-NSOUT	D		8	N	3	2WM0J6X	393829
222056240	65541065	2	392	2RG	1	166906687	30	N	3	2WQ0J6X	385705
222056241	65541065	3	392	2RG	1	166906687	30	N	3	2WR0J6X	385705
222056247	65526810	1	392	2	1	166906695	47	N	3	1340E79	390281
222056248	65541070	1	393	75C	1	166906699	23	N	3		2909
222056249	65541070	2	390	21(b)	1	166906699	30	N	3		9426
222056271	65541075	1	393	9(a)	1	166906710	20	N	3		9182
222056272	65541075	2	393	203	1	166906710	30	N	3		9450
222056273	65541075	3	393	207(f)	1	166906710	22	N	3		9263
222056274	65541075	4	396	5(b)	1	166906710	30	N	3		9211
222056289	65541079	1	392	16	D		11	N	3	69V0B3T	9386
222056294	65541082	1	391	11(b)(5)-DEN	D		14	Y	3		393826
222056306	65541085	1	392	2-SLLEWA2	D		47	N	3	1250E79	390250
222056313	65526744	1	392	2-SLLEWG1	D		47	N	3	1NY0AZ9	390249
222056314	65526744	2	393	75(f)	1	166906749	23	Y	99		9340
222056326	65541090	1	390	19B2-BIENNIAL	1	166906757	99	N	3		396411
222056327	65541090	2	392	2-SLLS4	D		45	N	3		390240
222056345	65541098	1	392	2C	D		40	N	3		9389
222056346	65541098	2	391	41(a)	D		1	N	3		9377
222056347	65541101	1	390	19(a)(1)	1	166906782	30	N	3		393823
222056351	65526745	1	392	2C	D		40	N	3		9389
222056352	65526745	2	391	41(a)-F	D		1	N	3	1P00AZ9	393832
222056353	65526745	3	390	21(b)	1	166906789	30	N	3	1NZ0AZ9	9426
222056354	65526745	4	392	9b(a)	1	166906789	30	N	3		396080
222056355	65526745	5	393	95(a)	1	166906789	28	N	3		9178
222056356	65526745	6	393	95(f)	1	166906789	28	N	3		9180
222056357	65526745	7	393	75(f)	1	166906789	23	Y	99	1P10AZ9	9340
222056360	65541108	1	392	2LV	D		14	N	3	1P40AZ9	385702
222056418	65541118	1	392	9b(a)	1	166906816	30	N	3		396447
222056419	65541118	2	392	2RG	1	166906816	30	N	3	C260AZB	385705
222056420	65541118	3	393	95(a)	1	166906816	28	N	3		9178
222056421	65541118	4	393	95(f)	1	166906816	28	N	3		9180
222056422	65541118	5	393	43	2	166906817	16	Y	99		9279
222056428	65541121	1	392	2C	D		40	N	3	57P0BJB	9389
222056429	65541121	2	391	41(a)	D		1	N	3		9377
222056430	65541121	3	390	19(a)(1)	1	166906822	30	N	3		393823
222056431	65541121	4	393	9(a)	1	166906822	20	N	3		9172
222056432	65541121	5	396	5(b)	1	166906822	30	N	3		9211
222056434	65541124	1	390	21(b)	1	166906826	30	N	3		9426
222056456	65541132	1	393	209(d)	1	166906842	21	Y	99		8493
222056457	65541132	2	393	45(b)(2)	1	166906842	16	Y	99		392461
222056496	65541146	1	392	2-SLLS2	D		45	N	3		390247
222056499	65541149	1	395	22(h)(4)	D		7	N	3		396422
222056500	65541149	2	395	22(h)(1)	D		7	N	3		396420
222056501	65541149	3	395	22(h)(2)	D		7	N	3		396436
222056504	65541153	1	396	3A1T	1	166906885	23	Y	99		9209
222056505	65541153	2	393	201(b)	1	166906885	19	N	3		9446
222056532	65541160	1	391	41(a)-F	D		1	N	3		393832
222056533	65541160	2	392	2C	D		40	N	3		9389
222056534	65541160	3	393	9(a)	1	166906901	20	Y	1		283327
222056535	65541160	4	393	9(a)	1	166906901	20	N	3		396450
222056536	65541160	5	392	9b(a)	1	166906901	30	N	3		396081
222056537	65541160	6	393	11	1	166906901	20	N	3		9422
222056538	65541160	7	393	95(f)	1	166906901	28	N	3		9180
222056554	65541166	1	393	9(a)	1	166906919	20	N	3		9182
222056555	65541166	2	393	11	1	166906919	20	N	3		9422
222056556	65541166	3	393	201(d)	2	166906920	19	N	3		9448
222056557	65541166	4	393	45(b)(2)	2	166906920	16	Y	99	2HH0E7L	392460
222056558	65541166	5	393	45(b)(2)	2	166906920	16	Y	99		392460
222056582	65541179	1	396	17(c)	1	166906944	29	N	3		9202
222056605	65526630	1	393	75C	2	166906968	23	N	3		2909
222056606	65526630	2	393	70B1I	1	166906967	17	Y	99		396253
222056624	65541196	1	392	2DIM	2	166906987	30	N	3	3ZM0BMB	385697
222056625	65541198	1	392	16	D		11	N	3		9386
222056626	65541198	2	392	2C	D		40	N	3		9389
222056628	65541200	1	392	16	D		11	N	3	6GR0BCJ	9386
222056629	65541200	2	396	17(c)	1	166906992	29	N	3		9202
222056630	65541200	3	393	9(a)	1	166906992	20	N	3		9172
222056631	65541200	4	393	9(a)	1	166906992	20	N	3		9172
222056632	65541200	5	393	60(c)	1	166906992	26	N	3		257571
222056633	65541201	1	392	16	D		11	N	3	6GT0BCJ	9386
222056634	65541201	2	391	41(a)	D		1	N	3	6GV0BCJ	9377
222056635	65541201	3	392	2C	D		40	N	3	6GS0BCJ	9389
222056636	65541201	4	390	21(b)	1	166906993	30	N	3		9426
222056637	65541201	5	393	9(a)	1	166906993	20	N	3		9172
222056638	65541201	6	393	9(a)	1	166906993	20	N	3		9172
222056639	65541201	7	393	9(a)	1	166906993	20	N	3		9172
222056647	65541204	5	396	3(a)(1)	1	166907000	15	Y	99		383183
222056648	65541204	4	396	3(a)(1)	1	166907000	16	Y	99		9208
222056649	65541204	1	393	48A-BSRFS	1	166907000	16	N	3		392469
222056650	65541204	2	396	3(a)(1)	1	166907000	16	N	3		9204
222056651	65541204	3	396	3(a)(1)	1	166907000	16	N	3		9204
222056658	65541208	1	395	8(a)(1)	D		3	Y	3		396451
222056708	65541219	1	392	2WC	2	166907032	30	N	3	7CC0BGZ	385707
222056709	65541219	2	396	17(c)	2	166907032	29	N	3		9202
222056710	65541219	3	396	17(c)	1	166907031	29	N	3		9202
222056711	65541219	4	392	2FT	D		14	N	3	7CD0BGZ	385699
222056712	65541219	5	395	22(h)(1)	D		7	N	3		396420
222056713	65541219	6	395	22(h)(2)	D		7	N	3		396436
222056714	65541219	7	395	22(h)(3)	D		7	N	3		396421
222056715	65541219	8	395	22(h)(4)	D		7	N	3		396422
222056716	65541219	9	393	75(a)(3)	2	166907032	23	Y	99	7CF0BGZ	9334
222056717	65541219	10	393	55(d)(1)	1	166907031	16	N	3		9302
222056718	65541219	11	393	78	1	166907031	26	N	3		9347
222056719	65541219	12	393	11	2	166907032	20	N	3		9422
222056720	65541219	13	393	100(c)	2	166907032	25	Y	99		254961
222056721	65541219	14	395	8E	D		2	Y	3	7CG0BGZ	253692
222056727	65541223	1	393	9(a)	1	166907040	20	N	3		9182
222056728	65541223	2	393	60(c)	1	166907040	26	N	3		257571
222056729	65541223	3	395	8(a)(1)	D		3	Y	3		396451
222056730	65541224	1	392	2-SLLEWA1	D		47	N	3	3DT0E66	390260
222056736	65541228	1	392	9a(a)(1)	1	166907050	30	Y	99	1JY0AZJ	337774
222056737	65541228	2	392	2IRP	1	166907050	30	N	3		385701
222056738	65541228	3	392	2FT	1	166907050	14	N	3		385699
222056739	65541228	4	393	75G-LOAD	1	166907050	23	Y	99		396403
222056741	65541230	1	392	2-SLLEWG1	D		47	N	3	1JZ0AZJ	390249
222056756	65526854	1	392	2C	D		40	N	3		9389
222056757	65526854	2	391	11(b)(4)	D		14	Y	3	60L0BHB	9373
222056758	65526854	3	395	8F01	D		3	N	3		396252
222056778	65541257	1	393	75C	2	166907100	23	N	3		2909
222056882	65541330	1	392	2C	D		40	N	3		9389
222056898	65541335	1	391	41(a)-FPC	D		1	Y	3	365260	393833
222056899	65541335	2	393	43	2	166907236	16	Y	99		9279
222056900	65541335	3	390	21(b)	1	166907235	30	N	3		9426
222056901	65541335	4	396	17(c)	2	166907236	29	N	3		9202
222056902	65541335	5	393	95(a)	1	166907235	28	N	3		9178
222056903	65541335	6	393	95(f)	1	166907235	28	N	3		9180
222056904	65541335	7	393	25(f)	2	166907236	20	N	3		9271
222056905	65541335	8	393	9(a)	2	166907236	20	Y	99		283327
222056906	65541335	9	392	7(a)	D		14	N	3		390280
222056907	65541335	10	392	2RG	2	166907236	30	N	3		385705
222056908	65541336	1	392	16	D		11	N	3		9386
222056909	65541336	2	390	21(b)	1	166907237	30	N	3		9426
222056910	65541336	3	393	9(a)	1	166907237	20	Y	99		283327
222056911	65541336	4	393	9(a)	1	166907237	20	N	3		396450
222056912	65541336	5	393	9(a)	1	166907237	20	N	3		9172
222056913	65541336	6	393	95(f)	1	166907237	28	N	3		9180
222056946	65541349	1	391	41(a)-F	D		1	N	3		393832
222056947	65541349	2	395	8(a)	D		3	Y	3	0219GW246183	254677
222056948	65541349	3	383	23(a)(2)	D		14	Y	3		9547
222056949	65541349	4	392	7(a)	D		14	N	3		390280
222056950	65541349	5	392	2	1	166907256	30	N	3		379214
222056951	65541349	6	392	9a(a)(1)	1	166907256	30	Y	99	0219GW246184	337774
222056952	65541349	7	393	75C	1	166907256	23	N	3		2909
222056953	65541349	8	392	2RG	1	166907256	30	N	3		385705
222056954	65541349	9	392	2IN	1	166907256	30	Y	99		385700
222056957	65541357	1	396	3A1T	1	166907269	23	N	3		9209
222057073	65541413	1	392	2RG	1	166907339	30	N	3		385705
222057074	65541415	1	391	41(a)-FPC	D		1	Y	3		393833
222057075	65541415	2	393	9(a)	1	166907341	20	N	3		9183
222057076	65541415	3	393	9(a)	1	166907341	20	N	3		9172
222057077	65541415	4	393	9(a)	1	166907341	20	N	3		9172
222057078	65541415	5	393	9(a)	1	166907341	20	N	3		9172
222057079	65541415	6	393	9(a)	1	166907341	20	N	3		9172
222057080	65541415	7	393	9(a)	1	166907341	20	N	3		9172
222057103	65541426	1	391	41(a)-F	D		1	N	3		393832
222057104	65541426	2	393	100(c)	1	166907352	25	Y	99		254961
222057105	65541426	3	393	25(e)	1	166907352	20	N	3		9270
222057106	65541426	4	390	21(b)	1	166907352	30	N	3		9426
222057285	65541520	1	392	2LV	D		14	N	3		385702
222057286	65541520	2	392	2MI	2	166907461	14	N	3		385703
222057295	65541522	1	391	11B2	D		14	N	3		9372
222057296	65541522	2	393	9(a)	1	166907463	20	N	3		9172
222057297	65541522	3	392	2MI	1	166907463	14	N	3		385703
222057298	65541522	4	392	2	1	166907463	47	N	3	0249E19000026	390281
222057299	65541522	5	392	2	1	166907463	47	N	3	0249E19000027	390266
222057300	65541522	6	393	75G-LOAD	1	166907463	23	Y	99		396403
222057301	65541522	7	393	75G-LOAD	1	166907463	23	Y	99		396403
222057302	65541522	8	393	75G-LOAD	1	166907463	23	Y	99		396403
222057303	65541522	9	393	75G-LOAD	1	166907463	23	Y	99	0249E19000028	396403
222057304	65541522	10	392	2MI	1	166907463	14	N	3		385703
222057326	65541538	1	391	41(a)-F	D		1	N	3		393832
222057327	65541538	2	392	9b(a)	1	166907481	30	N	3		396447
222057328	65541538	3	396	3(a)(1)	1	166907481	30	N	3		9203
222057329	65541538	4	393	11	1	166907481	20	N	3		9422
222057368	65541558	1	391	11(b)(1)	D		14	Y	3		9371
222057369	65541558	2	391	11(b)(1)	1	166907509	14	N	3		9371
222057370	65541558	3	393	9(a)	1	166907509	20	N	3		9182
222057371	65541559	1	390	21(b)	1	166907510	30	N	3		9426
222057372	65541559	2	393	95(a)	1	166907510	28	N	3		9178
222057373	65541559	3	393	78	1	166907510	26	N	3		9347
222057374	65541559	4	396	5(b)	1	166907510	30	N	3		9211
222057375	65541559	5	392	7(b)	D		14	N	3		390279
222057376	65541560	1	391	11(b)(1)	D		14	Y	3		9371
222057377	65541560	2	391	11(b)(1)	1	166907511	14	N	3		9371
222057378	65541560	3	391	41(a)-F	D		1	N	3		393832
222057379	65541560	4	391	11(b)(4)	1	166907511	14	N	3		9373
222057380	65541560	5	393	95(a)	1	166907511	28	N	3		9178
222057381	65541560	6	392	8	D		14	N	3		9409
222057387	65541570	1	396	3(a)(1)	1	166907523	30	N	3		9203
222057388	65541570	2	393	205(c)	2	166907524	24	N	3		9458
222057389	65541570	3	393	205(c)	2	166907524	24	N	3		9458
222057390	65541570	4	396	3(a)(1)	2	166907524	30	N	3		9203
222057391	65541571	1	172	201(d)	1	166907525	31	N	3		8590
222057392	65541572	1	383	23(a)(2)	D		14	Y	3		9547
222057393	65541572	3	393	9(a)	1	166907526	20	N	3		283327
222057394	65541572	4	396	3(a)(1)	1	166907526	30	N	3		9203
222057414	65541591	1	393	134	1	166907551	25	Y	99		3560
222057415	65541591	2	393	209(b)	1	166907551	21	N	3		9265
222057423	65541598	1	383	23(a)(2)	D		14	Y	3		9547
222057424	65541598	2	383	71(h)	D		14	N	3		396336
222057425	65541599	1	393	78	1	166907559	26	N	3		9347
222057426	65541599	2	392	7(a)	D		14	N	3		390280
222057431	65541601	1	390	19B2-BIENNIAL	1	166907562	99	N	3		396411
222057432	65541601	2	392	9b(a)	1	166907562	30	N	3		396447
222057492	65541627	1	387	303(b)(4)	D		14	N	3		9560
222057498	65541630	2	390	21(e)	1	166907605	30	N	3		9369
222057499	65541630	3	396	9(d)(2)	1	166907605	30	N	3		9214
222057500	65541634	1	391	11(b)(4)	D		14	Y	3		9373
222057501	65541635	1	391	11(b)(5)-DEN	D		14	Y	3		393826
222057604	65541682	1	390	19B2-BIENNIAL	1	166907673	99	N	3		396411
222057605	65541682	2	392	9b(a)	1	166907673	30	Y	99		396447
222057606	65541682	3	393	9(a)	1	166907673	20	N	3		9182
222057607	65541682	4	393	9(a)	1	166907673	20	N	3		9182
222057649	65541694	1	392	2	1	166907692	47	N	3	SP5716506	390241
222057650	65541694	2	392	2	1	166907692	47	N	3	SP5716507	390266
222057674	65541702	1	390	21(b)	1	166907703	30	N	3	HCS147854	9426
222057675	65541702	2	396	3(a)(1)	1	166907703	30	N	3		9203
222057676	65541702	3	396	17(c)	1	166907703	29	N	3		9202
222057677	65541702	4	393	95(f)	1	166907703	28	N	3		9180
222057678	65541702	5	393	11	1	166907703	20	N	3		9422
222057679	65541702	6	392	2	1	166907703	14	N	3	HCS147855	8496
222057732	65541728	1	396	3(a)(1)	1	166907743	30	N	3		9203
222057751	65541740	1	391	41(a)-F	D		1	N	3		393832
222057752	65541740	2	383	23(a)(2)	D		14	Y	3		9547
222057753	65541740	3	390	19A1-NOREG	1	166907760	30	N	3		396391
222057754	65541740	4	390	21(b)	1	166907760	30	N	3		9426
222057755	65541740	5	393	95(f)	1	166907760	28	N	3		9180
222057756	65541740	6	393	95(a)	1	166907760	28	N	3		9178
222057757	65541740	7	393	75B	1	166907760	23	N	3		254322
222057758	65541740	8	393	75C	1	166907760	23	N	3		2909
222057759	65541740	9	393	41	1	166907760	16	Y	99		9278
222057760	65541740	10	393	78	1	166907760	26	N	3		9347
222057761	65541740	11	393	209(d)	1	166907760	21	Y	99		8493
222057820	65541770	1	391	41(a)-F	D		1	N	3		393832
222057821	65541770	2	396	3(a)(1)	1	166907809	16	N	3		9204
222057822	65541770	3	393	41	1	166907809	16	Y	99		9278
222057823	65541770	4	393	95(f)	1	166907809	28	N	3		9180
222057824	65541770	5	392	2RG	1	166907809	30	N	3		385705
222057825	65541771	1	393	95(a)	1	166907810	28	N	3		9178
222057854	65541781	2	390	21(c)	1	166907830	30	N	3		9368
222057855	65541781	3	395	8	C		7	N	3		9194
222057856	65541782	1	391	41(a)-F	D		1	N	3	1026E19000002	393832
222057857	65541782	2	392	2-SLLS4	D		45	N	3		390240
222057918	65541812	1	392	2-SLLS2	D		45	N	3		390247
222057919	65541812	2	390	21(b)	1	166907873	30	N	3		9426
222057920	65541812	3	392	9b(a)	1	166907873	30	N	3		396080
222057921	65541812	4	392	2IN	D		30	N	3		385700
222057922	65541813	1	392	2-SLLS3	D		45	N	3		390248
222057923	65541813	2	392	2MI	1	166907874	14	N	3		385703
222057991	65541845	1	391	41(a)-F	D		1	N	3		393832
222057992	65541845	2	390	21(b)	1	166907918	30	N	3		9426
222057993	65541845	3	392	9b(a)	1	166907918	30	N	3		396080
222057994	65541845	4	393	130	1	166907918	25	Y	99		3556
222057995	65541845	5	392	9(a)(1)	D		25	Y	3	1027E19000049	9412
222057996	65541845	6	393	95(a)	1	166907918	28	N	3		9178
222057997	65541845	7	393	95(f)	1	166907918	28	N	3		9180
222057998	65541845	8	396	17(c)	1	166907918	29	N	3		9202
222057999	65541845	9	396	17(c)	2	166907919	29	N	3		9202
222058002	65541847	1	383	51(a)-SIN	D		8	Y	3		393816
222058016	65541849	1	172	202(b)	1	166907927	31	N	3		8596
222058017	65541849	2	172	202(a)(1)	1	166907927	31	N	3		8591
222058018	65541851	1	393	9(a)	1	166907931	20	N	3		9182
222058019	65541851	2	390	21(b)	1	166907931	30	N	3		9426
222058041	65541858	1	391	41(a)-F	D		1	N	3		393832
222058042	65541867	1	392	2-SLLEWA2	1	166907951	47	N	3	1201-E18-000009	390250
222058043	65541867	2	392	2-SLLEWG1	1	166907951	47	N	3	1201-E18-000010	390249
222058044	65541867	3	393	75G-LOAD	1	166907951	23	Y	2	1201-E18-000011	396403
222058045	65541867	4	393	75G-LOAD	1	166907951	23	Y	99		396403
222058046	65541867	5	383	23(a)(2)	D		14	Y	3	1201-E18-000012	9547
222058047	65541867	6	391	41(a)-F	D		1	N	3		393832
222058048	65541867	7	383	111	D		14	N	3		390619
222058049	65541867	8	391	11B2	D		14	N	3		9372
222058050	65541869	1	392	2	1	166907953	47	N	3	1201-E18-000013	390266
222058051	65541869	2	392	2	1	166907953	47	N	3	1201-E18-000014	390281
222058052	65541869	3	393	75G-LOAD	1	166907953	23	Y	99	1201-E18-000015	396403
222058101	65541890	1	391	41(a)-F	D		1	N	3		393832
222058102	65541890	2	393	9(a)	1	166907985	20	N	3		9172
222058103	65541890	3	393	9(a)	1	166907985	20	N	3	0911WKN147837	9183
222058104	65541890	4	393	75C	1	166907985	23	N	3		2909
222058105	65541891	1	393	201(a)	1	166907986	19	Y	99	0911WKN147838	9445
222058214	65541940	1	392	2	1	166908065	14	N	3	E19000078	8496
222058215	65541940	2	392	2	1	166908065	14	N	3		8496
222058216	65541940	3	393	95(a)	1	166908065	28	N	3		9178
222058217	65541940	4	393	95(f)	1	166908065	28	N	3		9180
222058218	65541940	5	393	9(a)	1	166908065	20	N	3		9183
222058219	65541940	6	392	2WC	1	166908065	30	N	3	E19000079	385707
222058220	65541940	7	392	7(a)	1	166908065	14	N	3		390280
222058270	65541950	4	393	203	1	166908086	30	N	3		9450
222058271	65541950	1	396	5(b)	1	166908086	30	N	3		9211
222058272	65541950	2	393	78	1	166908086	26	N	3		9347
222058273	65541950	3	396	9(d)(2)	1	166908086	30	N	3		9214
222058275	65541953	1	392	2	D		14	N	3		8496
222058276	65541953	2	393	9(a)	1	166908089	20	N	3		9172
222058277	65541953	3	393	9(a)	1	166908089	20	N	3		9172
222058278	65541953	4	393	9(a)	1	166908089	20	N	3		9172
222058279	65541953	5	395	8(a)(1)	1	166908089	3	Y	99		396451
222058280	65541953	6	393	9(a)	1	166908089	20	N	3		9172
222058281	65541953	7	393	9(a)	1	166908089	20	N	3		9172
222058282	65541953	8	392	9(a)	1	166908089	25	Y	99		9411
222058283	65541954	1	392	2	2	166908091	14	N	3		8496
222058284	65541957	1	396	5(b)	1	166908095	30	N	3		9211
222058285	65541957	2	393	9(a)	1	166908095	20	N	3		9172
222058286	65541957	3	392	2	1	166908095	14	N	3		8496
222058287	65541957	4	393	78	1	166908095	26	N	3		9347
222058288	65541957	5	393	41	1	166908095	16	Y	99		9278
222058424	65542009	1	391	41(a)-F	D		1	N	3		393832
222058425	65542012	1	392	2	1	166908168	14	N	3		8496
222058426	65542012	2	392	2	2	166908169	14	N	3		8496
222058427	65542012	3	393	9(a)	2	166908169	20	N	3		9172
222058428	65542012	4	393	9(a)	2	166908169	20	N	3		9172
222058429	65542012	5	393	55(e)	2	166908169	16	N	3		9305
222058430	65542012	6	393	47(e)	1	166908168	15	N	3		257965
222058431	65542012	7	393	53(b)	1	166908168	16	N	3		385681
222058432	65542012	8	393	47(e)	2	166908169	15	N	3		257965
222058433	65542012	9	393	53(b)	2	166908169	16	N	3		385681
222058434	65542012	10	393	48(a)	2	166908169	16	N	3		9288
222058435	65542012	11	396	3(a)(1)	1	166908168	15	Y	99		383183
222058572	65542067	1	392	8	D		14	N	3		9409
222058573	65542067	2	393	95(f)	1	166908248	28	N	3		9180
222058674	65542099	1	391	11B2	D		14	N	3		9372
222058675	65542100	1	393	9(a)	1	166908293	20	N	3		9183
222058676	65542100	2	393	60(c)	1	166908293	26	N	3		257571
222058677	65542100	3	396	5(b)	1	166908293	30	N	3		9211
222058678	65542100	4	393	209(e)	1	166908293	21	N	3		9267
222058679	65542100	5	393	48(a)	1	166908293	16	Y	99		9288
222058680	65542100	6	396	3(a)(1)	1	166908293	15	Y	99		383183
222058718	65542119	1	392	2	1	166908316	47	N	3	1217E19000033	390266
222058719	65542119	2	392	2	1	166908316	14	N	3	1217E19000032	8496
222058720	65542119	3	393	45(d)	1	166908316	16	N	3		257960
222058721	65542119	4	396	9(d)(2)	1	166908316	30	N	3		9214
222058722	65542120	1	393	9(a)	1	166908317	20	N	3		9172
222058723	65542120	2	396	17(c)	1	166908317	29	N	3		9202
222058724	65542120	3	393	47(e)	1	166908317	15	N	3		257965
222058725	65542120	4	393	53(b)	1	166908317	16	N	3		385681
222058726	65542120	5	393	75C	1	166908317	23	N	3		2909
222058727	65542120	6	393	75C	1	166908317	23	N	3		2909
222058743	65542144	1	385	337(b)	1	166908345	30	Y	3		356902
222058744	65542144	2	393	9(a)	1	166908345	20	N	3		9172
222058745	65542145	1	383	23(a)(2)	D		14	Y	3		9547
222058746	65542145	2	391	41(a)-F	D		1	N	3		393832
222058747	65542145	3	392	7(a)	D		14	N	3		390280
222058748	65542145	4	390	21(c)	1	166908346	30	N	3		9368
222058749	65542145	5	396	17(c)	1	166908346	29	N	3		9202
222058750	65542145	6	392	2	1	166908346	14	N	3	1217E19000034	8496
222058751	65542145	7	393	95(a)	1	166908346	28	N	3		9178
222058752	65542145	8	393	60(c)	1	166908346	26	N	3		257571
222058753	65542145	9	396	17(c)	2	166908347	29	N	3		9202
222058754	65542145	10	393	43(d)	2	166908347	16	Y	1		9281
222058755	65542145	11	392	2RG	2	166908347	30	N	3		385705
222058756	65542146	1	392	7(a)	D		14	N	3		390280
222058757	65542146	2	390	21(a)	1	166908348	30	N	3		9566
222058758	65542146	3	396	17(c)	1	166908348	29	N	3		9202
222058759	65542146	4	393	47(e)	1	166908348	15	N	3		257965
222058760	65542146	5	393	53(b)	1	166908348	16	N	3		385681
222058761	65542146	6	393	48(a)	1	166908348	16	N	3		9288
222058762	65542146	7	396	3(a)(1)	1	166908348	15	Y	1		383183
222058763	65542146	8	393	104(f)(3)	1	166908348	25	N	3		255027
222058764	65542146	9	393	134(b)(3)	1	166908348	25	Y	1		256386
222058765	65542147	1	392	2RG	2	166908350	30	N	3		385705
222058766	65542147	2	392	2RG	2	166908350	30	N	3		385705
222058772	65542152	1	393	9(a)	1	166908357	20	N	3		283327
222058773	65542152	2	391	11B2	1	166908357	14	N	3		9372
222058774	65542152	3	396	9(d)(2)	1	166908357	30	N	3		9214
222058775	65542152	4	396	3(a)(1)	1	166908357	30	N	3		9203
222058776	65542152	5	393	19	1	166908357	20	N	3		9443
222058777	65542152	6	390	19B2-BIENNIAL	1	166908357	99	N	3		396411
222058782	65542156	1	392	9b(a)	1	166908361	30	N	3		396080
222058783	65542156	2	391	41(a)-F	D		1	N	3		393832
222058784	65542156	3	387	303(b)(4)	1	166908361	14	N	3		9560
222058785	65542156	4	393	95(f)	1	166908361	28	N	3		9180
222058786	65542156	5	396	5(b)	1	166908361	30	N	3		9211
222058787	65542156	6	393	41	1	166908361	16	Y	99		9278
222058788	65542157	1	393	11	1	166908362	20	N	3		9422
222058789	65542157	2	393	9(a)	1	166908362	20	N	3		9172
222058790	65542157	3	396	5(b)	1	166908362	30	N	3		9211
222058791	65542157	4	393	47(e)	1	166908362	15	N	3		257965
222058792	65542157	5	393	53(b)	1	166908362	16	N	3		385681
222058793	65542157	6	393	48(a)	1	166908362	16	N	3		9288
222058794	65542157	7	393	47(e)	1	166908362	15	N	3		257965
222058795	65542157	8	396	3(a)(1)	1	166908362	15	Y	99		383183
222058833	65542176	1	391	41(a)-F	D		1	N	3		393832
222058834	65542176	2	390	21(b)	1	166908390	30	N	3		9426
222058835	65542176	3	393	95(f)	1	166908390	28	N	3		9180
222058836	65542176	4	393	9(a)	1	166908390	20	N	3		9172
222058837	65542176	5	393	75(a)(1)	1	166908390	23	Y	99		9332
222058838	65542178	1	393	102(a)(1)(ii)	1	166908392	25	Y	99		385710
222058856	65542181	1	376	11(d)(1)	1	166908397	14	N	3		396114
222058857	65542181	2	390	21(e)	1	166908397	30	N	3		9369
222058891	65542192	1	396	17(c)	2	166908410	29	N	3		9202
222058892	65542192	2	393	9(a)	2	166908410	20	N	3		9172
222058893	65542192	3	393	9(a)	2	166908410	20	N	3		9172
222058894	65542192	4	393	9(a)	2	166908410	20	N	3		9172
222058895	65542192	5	396	3(a)(1)	1	166908409	30	N	3		9203
222058896	65542192	6	393	55(a)	1	166908409	16	N	3		9298
222058897	65542192	7	393	47(e)	2	166908410	15	N	3		257965
222058898	65542192	8	393	53(b)	2	166908410	16	N	3		385681
222058899	65542193	1	392	2	1	166908411	14	N	3		8496
222058903	65542196	1	391	45(b)	D		1	N	3		8487
222058904	65542196	2	392	9b(a)	1	166908414	30	N	3		396081
222058905	65542196	3	393	9(a)	1	166908414	20	N	3		9172
222058906	65542196	4	393	9(a)	1	166908414	20	N	3		9172
222058907	65542196	5	393	9(a)	1	166908414	20	N	3		9172
222058908	65542196	6	393	11	1	166908414	20	N	3		9424
222058980	65542215	1	392	2	1	166908450	47	N	3	2107E19000012	390241
222058981	65542215	2	392	2	1	166908450	47	N	3	2107E19000013	390266
222058982	65542219	1	391	41(a)-F	D		1	N	3		393832
222058983	65542224	1	392	2C	D		40	N	3	H92792WVP7	9389
222058984	65542225	1	391	41(a)-F	D		1	N	3	H92792Z63N	393832
222058985	65542225	2	392	2	1	166908462	14	N	3		8496
222058986	65542225	3	393	100(a)	1	166908462	25	Y	99		9417
222058987	65542225	4	393	71(h)(10)	1	166908462	17	N	3		9331
222058988	65542225	5	393	17(b)	1	166908462	20	Y	99	H92792Z6M6	9442
222058989	65542225	6	393	17(b)	1	166908462	20	Y	99	H92792Z6WF	9442
222058990	65542225	7	393	17(b)	1	166908462	20	Y	99	H92792Z71T	9442
222058991	65542225	8	393	100(a)	1	166908462	25	Y	99		9417
222058992	65542226	1	393	9(a)	1	166908463	20	Y	99	BF7076064	9172
222058993	65542226	2	393	78	1	166908463	26	N	3	BF7076075	9347
222058994	65542226	3	393	75(h)	1	166908463	23	N	3	BF7076053	371296
222058995	65542226	4	393	95(a)	1	166908463	28	N	3	BF7076042	9178
222058996	65542226	5	396	5(b)	1	166908463	30	N	3	BF7076086	9211
222058997	65542226	6	396	5(b)	1	166908463	30	N	3	BF7076090	9211
222058998	65542226	7	392	2IN	1	166908463	30	N	3	BF7076101	385700
222058999	65542226	8	392	2RG	1	166908463	30	N	3	BF7076112	385705
222059000	65542226	9	390	21(a)	1	166908463	30	N	3		9566
222059001	65542227	1	392	9(a)(1)	1	166908464	25	Y	1	BF7076123	9412
222059002	65542227	2	392	2DIM	1	166908464	30	N	3	B1045	385697
222059003	65542227	3	393	9(a)	1	166908464	20	N	3	BF7076134	9172
222059004	65542227	4	392	2RG	1	166908464	30	N	3	BF7076145	385705
222059006	65542232	1	391	41(a)	D		1	N	3		9377
222059007	65542232	2	385	301(a)	1	166908472	30	N	3		380720
222059008	65542232	4	393	95(f)	1	166908472	28	N	3		9180
222059009	65542232	5	396	17(c)	1	166908472	29	N	3		9202
222059010	65542232	6	392	2	1	166908472	30	N	3		379214
222059011	65542232	7	390	21(a)	1	166908472	30	N	3		9566
222059012	65542232	3	393	95(a)	1	166908472	28	N	3		9178
222059013	65542233	1	392	2	1	166908473	30	N	3		379214
222059014	65542238	1	383	51(a)-SOUT	D		8	Y	99		393817
222059019	65542244	1	393	9(a)	1	166908493	20	N	3	NCPD	9172
222059020	65542244	2	393	9(a)	1	166908493	20	N	3	NCPD	9172
222059021	65542244	3	393	9(a)	1	166908493	20	N	3	NCPD	9172
222059022	65542244	4	393	9(a)	1	166908493	20	N	3	NCPD	9172
222059023	65542245	1	390	21(b)	1	166908494	30	N	3	NCPD	9426
222059024	65542245	2	393	95(a)	1	166908494	28	N	3	NCPD	9178
222059025	65542245	3	177	834(a)	1	166908494	34	Y	99	NCPD	9639
222059026	65542245	4	391	41(a)-F	D		1	N	3	NCPD	393832
222059027	65542246	1	390	21(b)	1	166908495	30	N	3		9426
222059028	65542246	2	393	41	1	166908495	16	Y	99	NCPD	9278
222059054	65542248	1	390	21(b)	1	166908499	30	N	3	192S4XV	9426
222059055	65542248	2	392	2RG	2	166908500	30	N	3		385705
222059056	65542249	1	392	2-SLLEWA2	1	166908501	47	N	3		390250
222059057	65542249	2	392	2	1	166908501	47	N	3	192W4WF	390241
222059058	65542249	3	392	2-SLLEWA2	2	166908502	47	N	3		390250
222059059	65542253	1	393	75(a)(3)	1	166908507	23	Y	99	692W4BR	9334
222059060	65542253	2	391	15(a)-NSIN	D		8	Y	99	692W4WK	393828
222059061	65542254	1	393	55(b)	1	166908508	16	N	3		9299
222059062	65542254	2	392	2MI	1	166908508	14	N	3	692W761	385703
222059063	65542254	3	390	21(b)	1	166908508	30	N	3		9426
222059064	65542256	1	383	91(a)	D		14	Y	99		9552
222059065	65542256	2	390	19	1	166908510	30	N	3		68237
222059066	65542256	3	390	21(b)	1	166908510	30	N	3		9426
222059067	65542256	4	392	2RG	1	166908510	30	N	3		385705
222059068	65542256	5	393	95(a)	1	166908510	28	N	3		9178
222059069	65542256	6	393	95(f)	1	166908510	28	N	3		9180
222059070	65542256	7	393	41	1	166908510	16	Y	99		9278
222059071	65542256	8	392	2W	1	166908510	47	N	3		385680
222059072	65542256	9	393	9(a)	1	166908510	20	N	3		283327
222059073	65542256	10	392	2RG	1	166908510	30	N	3		385705
222059074	65542256	11	396	17(c)	2	166908511	29	N	3		9202
222059075	65542256	12	393	9(a)	2	166908511	20	Y	99		9172
222059076	65542256	13	393	43	2	166908511	16	Y	99		9279
222059077	65542256	14	393	48(a)	2	166908511	16	N	3		9288
222059078	65542256	15	396	3(a)(1)	2	166908511	15	Y	99		383183
222059079	65542256	16	393	100(b)	2	166908511	25	Y	99		254958
222059080	65542257	1	392	2W	1	166908512	47	N	3		385680
222059081	65542257	2	393	60(e)-WS	1	166908512	30	N	3		390337
222059082	65542257	3	396	3(a)(1)	1	166908512	30	N	3		9203
222059083	65542257	4	393	55(d)(3)	2	166908513	16	N	3		9304
222059084	65542257	5	393	55(c)(2)	2	166908513	16	N	3		9301
222059085	65542257	6	393	9(a)	2	166908513	20	N	3		9172
222059086	65542258	1	395	8	D		7	N	3		9194
222059087	65542258	2	395	8	D		7	N	3		9194
222059088	65542258	3	395	8	D		7	N	3		9194
222059089	65542258	4	395	8	D		7	N	3		9194
222059090	65542258	5	392	2C	D		40	N	3		9389
222059091	65542258	6	392	2PK	D		14	N	3		385704
222059092	65542258	7	392	8	D		14	N	3		9409
222059093	65542258	8	393	95(f)	1	166908514	28	N	3		9180
222059094	65542258	9	393	11	1	166908514	20	N	3		9422
222059095	65542258	10	393	207(a)	1	166908514	22	Y	99		9459
222059096	65542258	11	393	207(a)	1	166908514	22	Y	99		9459
222059097	65542258	12	393	207(c)	1	166908514	22	Y	99		9328
222059098	65542258	13	393	207(f)	1	166908514	22	Y	99		9263
222059099	65542258	14	393	45(b)(2)	1	166908514	16	N	3		392460
222059100	65542258	15	393	75(a)(3)	1	166908514	23	Y	99		9334
222059101	65542258	16	396	3(a)(1)	1	166908514	30	N	3		9203
222059102	65542258	17	393	11	1	166908514	20	N	3		9428
222059103	65542258	18	392	2WC	1	166908514	30	N	3		385707
222059104	65542258	19	393	55(e)	2	166908515	16	N	3		9305
222059105	65542259	1	395	8	D		7	N	3		9194
222059106	65542259	2	393	60(e)-WS	1	166908516	30	N	1		390337
222059107	65542259	3	393	30	1	166908516	30	N	3		9274
222059108	65542259	4	392	2WC	1	166908516	30	N	3		385707
222059109	65542260	1	393	60(c)	1	166908517	26	N	3		257571
222059110	65542260	2	393	47(e)	2	166908518	15	N	3		257965
222059111	65542260	3	393	53(b)	2	166908518	16	N	3		385681
222059112	65542260	4	393	48(a)	2	166908518	16	N	3		9288
222059113	65542260	5	393	55(e)	2	166908518	16	N	3		9305
222059114	65542261	1	393	23	2	166908520	20	N	3		257952
222059115	65542263	1	393	47(e)	2	166908524	15	N	3		257965
222059116	65542263	2	393	53(b)	2	166908524	16	N	3		385681
222059117	65542264	1	393	60(c)	1	166908525	26	N	3	NCPD	257571
222059118	65542264	2	393	43	2	166908526	16	Y	99	NCPD	9279
222059119	65542264	3	393	9(a)	1	166908525	20	N	3	NCPD	9172
222059120	65542264	4	393	95(b)	1	166908525	28	N	3	NCPD	257980
222059121	65542264	5	393	9(a)	1	166908525	20	N	3	NCPD	9172
222059122	65542264	6	390	19(a)(2)	1	166908525	30	N	3	NCPD	393824
222059123	65542264	7	391	11(b)(5)-DEN	D		14	Y	3	NCPD	393826
222059124	65542264	8	396	17(c)	2	166908526	29	N	3	NCPD	9202
222059125	65542264	9	391	41(a)-F	D		1	N	3	NCPD	393832
222059126	65542265	1	393	9(a)	1	166908527	20	N	3	NCPD	9172
222059127	65542265	2	393	55(b)	1	166908527	16	N	3	NCPD	9299
222059128	65542265	3	393	9(a)	1	166908527	20	N	3	NCPD	396450
222059129	65542265	4	393	9(a)	1	166908527	20	Y	99	NCPD	283327
222059130	65542265	5	393	78	1	166908527	26	N	3	NCPD	9347
222059131	65542265	6	392	2MI	1	166908527	14	N	3	NCPD	385703
222059132	65542265	7	391	11(b)(5)-DEN	D		14	Y	3		393826
222059133	65542266	6	393	78	1	166908528	26	N	3	NCPD	9347
222059134	65542266	7	393	11	1	166908528	20	N	3	NCPD	9422
222059135	65542266	8	396	9(d)(2)	1	166908528	30	N	3	NCPD	9214
222059136	65542266	9	393	41	1	166908528	16	Y	99	NCPD	9278
222059137	65542266	10	392	2MI	1	166908528	14	N	3	NCPD	385703
222059138	65542266	11	393	102(a)(1)(i)	1	166908528	25	N	3	NCPD	385709
222059139	65542266	12	393	102(a)(1)(iii)	1	166908528	25	N	3	NCPD	385711
222059140	65542266	13	393	102(b)	1	166908528	25	N	3	NCPD	254957
222059141	65542266	14	392	2RG	1	166908528	30	N	3	NCPD	385705
222059142	65542266	15	392	2IN	1	166908528	30	N	3	NCPD	385700
222059143	65542266	1	393	55(b)	1	166908528	16	N	3	NCPD	9299
222059144	65542266	2	396	9(d)(2)	1	166908528	30	N	3	NCPD	9214
222059145	65542266	3	393	95(b)	1	166908528	28	N	3	NCPD	257980
222059146	65542266	4	393	30	1	166908528	30	N	3	NCPD	9274
222059147	65542266	5	396	9(d)(2)	1	166908528	30	N	3	NCPD	9214
222059148	65542267	1	390	21(a)	1	166908529	30	N	3	NCPD	9566
222059149	65542267	2	393	60(c)	1	166908529	26	N	3	NCPD	257571
222059150	65542267	3	393	95(f)	1	166908529	28	N	3	NCPD	9180
222059151	65542267	4	392	2RG	1	166908529	30	N	3	NCPD	385705
222059152	65542267	5	392	2IN	1	166908529	30	N	3	NCPD	385700
222059158	65542272	1	390	21(b)	1	166908535	30	N	3		9426
222059159	65542274	1	392	16	D		11	N	3	DHP	9386
222059160	65542274	2	393	95(a)	1	166908537	28	N	3		9178
222059161	65542275	1	392	16	D		11	N	3	J1F	9386
222059162	65542276	1	395	8(f)(1)	D		3	N	3		9197
222059163	65542276	2	395	8K2	D		3	Y	99		9198
222059164	65542276	3	392	2PK	D		14	N	3		385704
222059165	65542276	4	392	2C	D		40	N	3	192WJZV	9389
222059166	65542276	5	392	22(a)	D		12	N	3	192WLS0	9387
222059167	65542276	6	392	2IRP	1	166908539	30	N	3		385701
222059168	65542276	7	393	9(a)	1	166908539	20	N	3		9182
222059169	65542276	8	390	21(b)	1	166908539	30	N	3		9426
222059170	65542276	9	392	2W	1	166908539	47	N	3		385680
222059171	65542276	10	393	11	1	166908539	20	N	3		9428
222059172	65542276	11	393	9(a)	1	166908539	20	N	3		283327
222059173	65542276	12	393	75(a)(3)	2	166908540	23	Y	99		9334
222059174	65542276	13	393	75(a)(3)	2	166908540	23	Y	99		9334
222059175	65542277	1	390	21(b)	1	166908541	30	N	3		9426
222059176	65542277	2	392	2W	1	166908541	47	N	3		385680
222059177	65542278	1	393	45PC	1	166908542	16	Y	99		392459
222059178	65542278	2	393	11	1	166908542	20	N	3		9428
222059179	65542278	3	393	55(d)(1)	1	166908542	16	N	3		9302
222059180	65542278	4	393	55(d)(3)	2	166908543	16	N	3		9304
222059181	65542279	1	172	203(k)	1	166908544	31	N	3		8617
222059182	65542279	2	393	95(f)	1	166908544	28	N	3		9180
222059183	65542281	1	393	9(a)	1	166908548	20	N	3		9172
222059184	65542283	1	395	3(a)(2)-PROP	D		4	N	3		393840
222059185	65542284	1	383	23(a)(2)	D		14	Y	3	H92692VX85	9547
222059186	65542284	2	392	2	1	166908552	14	N	3		8496
222059187	65542284	3	393	95(a)	1	166908552	28	N	3	H92692VZ9B	9178
222059188	65542284	4	396	5(b)	2	166908553	30	N	3		9211
222059189	65542284	5	396	17(c)	2	166908553	29	N	3	H92692VZM0	9202
222059190	65542284	6	393	70(d)	2	166908553	17	N	3		9327
222059191	65542284	7	396	3(a)(1)	2	166908553	30	Y	99		9203
222059192	65542284	8	396	3(a)(1)	2	166908553	30	Y	99		9203
222059193	65542284	9	396	3(a)(1)	2	166908553	30	Y	99		9203
222059194	65542285	1	383	23(a)(2)	D		14	Y	3	H9292W1HC	9547
222059195	65542285	2	393	95(a)	1	166908554	28	N	3		9178
222059196	65542285	3	393	95(f)	1	166908554	28	N	3		9180
222059197	65542285	4	393	9(a)	1	166908554	20	N	3		283327
222059198	65542285	5	393	47(e)	1	166908554	15	N	3		257965
222059199	65542285	6	393	53(b)	1	166908554	16	N	3		385681
222059200	65542285	7	393	75(a)(3)	1	166908554	23	Y	99	H92992W2KZ	9334
222059201	65542285	8	396	3(a)(1)	1	166908554	16	N	3		9208
222059202	65542285	9	393	9(a)	1	166908554	20	N	3		9172
222059203	65542286	1	390	21(b)	1	166908555	30	N	3		9426
222059204	65542286	2	393	95(a)	1	166908555	28	N	3	H92692W7LN	9178
222059205	65542286	3	393	95(f)	1	166908555	28	N	3	H92692W7PK	9180
222059206	65542286	4	393	55(d)(1)	1	166908555	16	N	3		9302
222059207	65542286	5	392	2	1	166908555	14	N	3		8496
222059208	65542286	6	393	47(e)	1	166908555	15	N	3	H92692W6K1	257965
222059209	65542286	7	393	53(b)	1	166908555	16	N	3		385681
222059210	65542286	8	393	47(e)	1	166908555	15	N	3	H92692W797	257965
222059211	65542286	9	393	48(a)	1	166908555	16	N	3	H92692W7H2	9288
222059212	65542286	10	396	3(a)(1)	1	166908555	15	Y	99		383183
222059213	65542286	11	393	45	1	166908555	16	Y	99		9283
222059214	65542286	12	393	45	1	166908555	16	Y	99		9283
222059215	65542286	13	392	2RG	1	166908555	30	N	3	H92692W7T3	385705
222059216	65542286	14	393	11	1	166908555	20	N	3		9422
222059217	65542287	1	392	2	1	166908556	14	N	3	H92592W87G	8496
222059218	65542287	2	393	41	1	166908556	16	Y	99	H92592W8J9	9278
222059235	65542294	1	392	2C	D		40	N	3	992VR6R	9389
222059236	65542294	2	392	2W	D		47	N	3		385680
222059237	65542295	1	393	95(a)	1	166908569	28	N	3		9178
222059238	65542295	2	393	95(f)	1	166908569	28	N	3		9180
222059239	65542295	3	392	8	D		14	N	3		9409
222059240	65542295	4	391	41(a)	D		1	N	3		9377
222059241	65542295	5	392	2RG	2	166908570	30	N	3		385705
222059242	65542295	6	396	17(c)	2	166908570	29	N	3		9202
222059243	65542295	7	393	43	2	166908570	16	Y	99		9279
222059244	65542295	8	393	110	2	166908570	25	Y	99		3536
222059245	65542295	9	393	110	2	166908570	25	Y	99		3536
222059246	65542295	10	393	9(a)	2	166908570	20	N	3		283327
222059247	65542295	11	393	9(a)	2	166908570	20	N	3		9172
222059248	65542295	12	393	75(a)(1)	2	166908570	23	Y	99		9332
222059249	65542296	1	392	2C	D		40	N	3		9389
222059250	65542297	1	390	21(b)	1	166908572	30	N	3	092WC7B	9426
222059251	65542298	1	396	17(c)	1	166908573	29	N	3		9202
222059252	65542300	1	393	9(a)	1	166908576	20	N	3		9172
222059253	65542300	2	393	78	1	166908576	26	N	3		9347
222059254	65542300	3	393	9(a)	2	166908577	20	N	3		9172
222059255	65542301	1	393	9(a)	1	166908578	20	N	3		9172
222059256	65542301	2	393	9(a)	1	166908578	20	N	3		283327
222059257	65542301	3	393	11	1	166908578	20	N	3		9430
222059258	65542301	4	393	45(b)(2)	1	166908578	16	Y	99		392461
222059270	65542303	1	392	2C	D		40	N	3		9389
222059271	65542303	2	392	9(a)(2)	D		25	Y	3		9413
222059272	65542304	1	390	19B2-BIENNIAL	1	166908583	99	N	3		396411
222059273	65542304	2	390	21(b)	1	166908583	30	N	3	H92592W0TS	9426
222059274	65542304	3	393	9(a)	1	166908583	20	N	3		9182
222059275	65542304	4	393	78	1	166908583	26	N	3		9347
222059276	65542304	5	396	3A1BC	1	166908583	16	Y	99	H92592W162	9206
222059277	65542304	6	393	45(b)(2)	1	166908583	16	N	3	H92592W1DJ	257958
222059278	65542304	7	393	11	1	166908583	20	N	3		9422
222059279	65542304	8	393	9(a)	2	166908584	20	N	3		9172
222059280	65542304	10	396	17(c)	2	166908584	29	N	3		9202
222059281	65542304	11	392	9	D		25	Y	3		9410
222059282	65542304	12	396	5(b)	2	166908584	30	N	3	H92592W1K2	9211
222059283	65542304	13	393	75(a)(3)	2	166908584	23	Y	99	H92592W1S8	9334
222059284	65542304	14	396	9(d)(2)	1	166908583	30	N	3	H92592W1WR	9214
222059290	65542307	1	393	9(a)	1	166908589	20	N	3	4443480735	9172
222059291	65542307	2	396	17(c)	1	166908589	29	N	3	4443480749	9202
222059292	65542308	1	393	55(c)(1)	1	166908590	16	N	3	4443480752	9300
222059293	65542308	2	396	9(d)(2)	1	166908590	30	N	3	4443480766	9214
222059294	65542308	3	393	78	1	166908590	26	N	3	4443480770	9347
222059295	65542308	4	393	95(a)	1	166908590	28	N	3	4443480783	9178
222059296	65542308	5	393	9(a)	1	166908590	20	N	3	4443480797	9172
222059297	65542308	6	393	9(a)	1	166908590	20	N	3	4443480805	9172
222059298	65542308	7	393	9(a)	1	166908590	20	N	3	4443480819	9172
222059299	65542308	8	396	5(b)	1	166908590	30	N	3	4443480822	9211
222059300	65542308	9	390	21(a)	1	166908590	30	N	3	4443480836	9566
222059301	65542308	10	393	45(d)	1	166908590	16	N	3	4443480840	392462
222059302	65542308	11	393	47(e)	1	166908590	15	N	3	4443480853	257965
222059303	65542308	12	393	53(b)	1	166908590	16	N	3	4443480867	385681
222059304	65542309	1	393	78	1	166908591	26	N	3	4443480870	9347
222059305	65542309	2	393	45	1	166908591	16	N	3	4443480884	9283
222059306	65542309	3	393	55(e)	2	166908592	16	N	3	4443480898	9305
222059307	65542309	4	393	201(a)	2	166908592	19	Y	99		9445
222059308	65542309	5	393	203	2	166908592	30	Y	99		9450
222059332	65542318	1	392	2C	D		40	N	3	392VVW6	9389
222059333	65542318	2	390	21(b)	1	166908605	30	N	3		9426
222059334	65542318	3	392	2W	1	166908605	47	N	3		385680
222059335	65542319	1	392	82(a)(1)	D		14	N	3	592VWSC	392492
222059336	65542320	1	392	2W	1	166908608	47	N	3		385680
222059337	65542320	2	392	2MI	2	166908609	14	N	3		385703
222059338	65542320	3	392	2MI	2	166908609	14	N	3	592VZWT	385703
222059339	65542320	4	396	17(c)	2	166908609	29	N	3		9202
222059340	65542320	5	390	21(b)	1	166908608	30	N	3		9426
222059341	65542320	6	390	19	1	166908608	30	N	3		68237
222059342	65542320	7	391	41(a)	D		1	N	3		9377
222059343	65542321	1	392	9b(a)	1	166908610	30	N	3		396080
222059344	65542321	2	390	19	1	166908610	30	N	3		68237
222059345	65542321	3	392	8	D		14	N	3		9409
222059346	65542321	4	390	21(b)	1	166908610	30	N	3		9426
222059347	65542322	1	393	9(a)	1	166908611	20	N	3		9172
222059348	65542322	2	393	55(d)(3)	1	166908611	16	N	3		9304
222059349	65542322	3	393	9(a)	2	166908612	20	N	3		9172
222059350	65542325	1	393	9(a)	1	166908616	20	N	3	8D3792VWMP	283327
222059351	65542325	2	393	9(a)	1	166908616	20	N	3	8D3792VX1H	9172
222059352	65542326	1	390	19B2-BIENNIAL	1	166908617	99	N	3		396411
222059353	65542326	2	393	95(f)	1	166908617	28	N	3		9180
222059354	65542326	3	393	78	1	166908617	26	N	3		9347
222059355	65542326	4	396	3(a)(1)	1	166908617	30	Y	99	H92592W745	9203
222059356	65542326	5	393	100(b)	1	166908617	25	Y	99	H92592W7GM	254958
222059357	65542326	6	396	3A1T	1	166908617	23	Y	99	H92592W7KP	9209
222059358	65542326	7	393	9(a)	1	166908617	20	Y	99	H92592W7NV	283327
222059359	65542326	8	393	9(a)	1	166908617	20	N	3		396450
222059360	65542326	9	393	9(a)	1	166908617	20	N	3		9172
222059361	65542327	1	390	21(b)	1	166908618	30	N	3		9426
222059362	65542327	2	392	2	1	166908618	14	N	3		8496
222059363	65542327	3	393	95(a)	1	166908618	28	N	3		9178
222059364	65542327	4	393	95(f)	1	166908618	28	N	3		9180
222059365	65542327	5	393	43(d)	2	166908619	16	Y	99		9281
222059366	65542327	6	396	3(a)(1)	2	166908619	30	N	3		9203
222059367	65542328	1	393	75(a)(3)	1	166908620	23	Y	99	H0900707G8	9334
222059368	65542328	2	393	75C-OOS	1	166908620	99	Y	99	H0900708G8	396408
222059369	65542328	3	393	9(a)	1	166908620	20	N	3	H0900709G8	9172
222059370	65542328	4	393	205(c)	1	166908620	24	N	3	H090070BG8	9458
222059371	65542329	1	393	100(a)	1	166908621	25	Y	99	H090070CG8	9417
222059372	65542329	2	393	9(a)	1	166908621	20	N	3	H090070DG8	9172
222059373	65542329	3	392	2	1	166908621	14	N	3	H090070FG8	8496
222059374	65542329	4	390	19B2-BIENNIAL	1	166908621	99	N	3		396411
222059375	65542330	1	392	2W	1	166908622	47	N	3		385680
222059376	65542331	1	392	2C	D		40	N	3	592WTFW	9389
222059377	65542331	2	392	2W	D		47	N	3	392WX7W	385680
222059378	65542332	1	396	17(c)	1	166908626	29	N	3	192W6WQ	9202
222059379	65542333	1	390	21(b)	1	166908627	30	N	3		9426
222059380	65542333	2	387	303(b)(4)	D		14	N	3		9560
222059381	65542333	3	396	17(c)	2	166908628	29	N	3	892WMN3	9202
222059382	65542333	4	392	2	2	166908628	14	N	3	892WMZS	8496
222059383	65542333	5	390	19	1	166908627	30	N	3	892WN35	68237
222059384	65542342	1	393	9(a)	1	166908638	20	N	3		9172
222059385	65542342	2	393	9(a)	1	166908638	20	N	3		9172
222059386	65542342	3	393	9(a)	1	166908638	20	N	3		9172
222059387	65542342	4	392	2	1	166908638	14	N	3		8496
222059388	65542342	5	392	2IN	D		30	N	3		385700
222059389	65542343	1	385	301(a)	1	166908639	30	N	3		380720
222059390	65542343	2	392	2W	1	166908639	47	N	3		385680
222059391	65542343	3	392	16	D		11	N	3		9386
222059392	65542344	1	392	2-SLLS4	D		45	N	3		390240
222059393	65542344	2	396	17(c)	2	166908641	29	N	3		9202
222059394	65542344	3	390	19	1	166908640	30	N	3		68237
222059395	65542344	4	390	21(b)	1	166908640	30	N	3		9426
222059396	65542345	1	392	2-SLLS4	D		45	N	3		390240
222059397	65542345	2	392	2IN	D		30	N	3		385700
222059398	65542346	1	393	41	1	166908643	16	N	3		9278
222059399	65542346	2	393	55(e)	2	166908644	16	N	3		9305
222059400	65542347	1	393	48(a)	2	166908646	16	N	3		9288
222059401	65542347	2	393	53(b)	2	166908646	16	N	3		385681
222059402	65542347	3	393	55(e)	2	166908646	16	N	3		9305
222059403	65542348	1	383	23(a)(2)	D		14	Y	3		9547
222059404	65542349	1	393	9(a)	1	166908649	20	N	3		9172
222059405	65542350	1	391	41(a)-F	D		1	N	3		393832
222059406	65542350	2	390	21(a)	1	166908650	30	N	3		9566
222059407	65542351	1	393	100(a)	1	166908651	25	Y	1	H090070GG8	9417
222059408	65542351	2	390	21(a)	1	166908651	30	N	3	H090070HG8	9566
222059409	65542351	3	393	95(a)	1	166908651	28	N	3	H090070JG8	9178
222059410	65542351	4	392	2	1	166908651	14	N	3	H090070KG8	8496
222059411	65542351	5	392	2IRP	1	166908651	30	N	3	H090070LG8	385701
222059412	65542351	6	390	19B2-BIENNIAL	1	166908651	99	N	3		396411
222059413	65542352	1	392	2	1	166908652	14	N	3		8496
222059414	65542352	2	390	19B2-BIENNIAL	1	166908652	99	N	3		396411
222059415	65542353	1	393	100(b)	1	166908653	25	Y	1	H090070MG8	254958
222059416	65542353	2	393	9(a)	1	166908653	20	N	3	H090070NG8	9182
222059417	65542353	3	390	19B2-BIENNIAL	1	166908653	99	N	3		396411
222059418	65542354	1	392	2-SLLS4	D		45	N	3		390240
222059419	65542354	2	396	17(c)	1	166908654	29	N	3		9202
222059420	65542354	3	396	17(c)	2	166908655	29	N	3	492WDB3	9202
222059421	65542356	1	392	2W	1	166908658	47	N	3		385680
222059422	65542356	2	390	19	1	166908658	30	N	3		68237
222059423	65542357	1	390	19	1	166908660	30	N	3		68237
222059437	65542366	1	393	75(a)(3)	1	166908672	23	Y	99	4427867499	9334
222059438	65542366	2	393	75(a)(4)	1	166908672	23	Y	99	4427867485	9335
222059439	65542366	3	393	75B	1	166908672	23	N	3	4427867507	254322
222059440	65542366	4	393	55(a)	1	166908672	16	N	3	4427867510	9298
222059441	65542366	5	393	95(a)	1	166908672	28	N	3	4427867524	9178
222059442	65542366	6	393	60(c)	1	166908672	26	N	3	4427867538	257571
222059443	65542366	7	392	2MI	1	166908672	14	N	3	4427867541	385703
222059444	65542366	8	393	11	1	166908672	20	N	3	4427867555	9422
222059445	65542366	9	393	9(a)	1	166908672	20	N	3	4427867569	9183
222059446	65542366	10	393	9(a)	1	166908672	20	Y	99	4427867572	396450
222059447	65542366	11	393	67(c)(7)	1	166908672	18	Y	99	4427867590	9320
222059448	65542367	1	392	2MI	1	166908673	14	N	3	4427867608	385703
222059449	65542367	2	392	2MI	1	166908673	14	N	3	4427867611	385703
222059450	65542367	3	390	21(b)	1	166908673	30	N	3	4427867625	9426
222059451	65542367	4	393	78	1	166908673	26	N	3	4427867639	9347
222059452	65542367	6	393	9(a)	1	166908673	20	N	3	4427867642	9172
222059453	65542367	7	393	55(c)(2)	1	166908673	16	N	3	4427867656	9301
222059454	65542367	8	393	83(h)	1	166908673	27	N	3	4427867660	9358
222059455	65542367	9	393	207(f)	1	166908673	22	Y	99	4427867760	9263
222059456	65542368	1	393	209(d)	1	166908674	21	Y	99		8493
222059457	65542368	2	393	11	1	166908674	20	N	3		9422
222059458	65542368	3	393	81	1	166908674	30	N	3		9350
222059459	65542368	4	393	78	1	166908674	26	N	3		9347
222059460	65542368	5	393	60(c)	1	166908674	26	N	3		257571
222059461	65542368	6	393	95(a)	1	166908674	28	N	3		9178
222059462	65542368	7	392	2	1	166908674	14	N	3		8496
222059463	65542368	8	393	203(a)	1	166908674	30	N	3		9451
222059464	65542368	9	393	203(e)	1	166908674	19	N	3		9455
222059465	65542368	10	393	80	1	166908674	30	N	3		9349
222059466	65542369	1	392	2FT	1	166908675	14	N	3		385699
222059473	65542371	1	391	11(b)(5)-DNL	D		14	Y	3	H090070PG8	393827
222059474	65542371	2	390	21(b)	1	166908678	30	N	3	H090070SG8	9426
222059475	65542371	3	391	41(a)-F	D		1	N	3	H090070QG8	393832
222059476	65542372	1	391	41(a)-F	D		1	N	3	H090070XG8	393832
222059477	65542372	2	396	3(a)(1)	1	166908679	16	Y	99	H090070ZG8	9204
222059478	65542372	3	393	75(a)(1)	1	166908679	23	Y	99	H0900710G8	9332
222059479	65542372	4	393	209(d)	1	166908679	21	Y	99	H0900711G8	8493
222059525	65527043	1	383	51(a)-NSOUT	D		8	N	3	992RT09	393815
222059526	65527043	2	383	93(b)(2)	D		14	Y	99		9554
222059527	65527043	3	385	301(a)	1	166908685	30	N	3		380720
222059528	65527043	4	390	21(a)	1	166908685	30	N	3		9566
222059529	65527043	5	393	75(h)	1	166908685	23	N	3		371296
222059530	65527043	6	393	75(h)	1	166908685	23	Y	99	992RV7F	371296
222059531	65542377	1	393	25(f)	1	166908686	20	N	3		9271
222059532	65542377	2	393	55(b)	1	166908686	16	N	3		9299
222059533	65542377	3	390	21(b)	1	166908686	30	N	3		9426
222059534	65542381	1	392	2W	1	166908690	47	N	3		385680
222059535	65542381	2	393	11	1	166908690	20	N	3		9422
222059536	65542381	3	393	55(d)(1)	1	166908690	16	N	3		9302
222059537	65542381	4	393	75(a)(3)	1	166908690	23	Y	99		9334
222059538	65542381	5	392	2RG	2	166908691	30	N	3		385705
222059539	65542381	6	393	9(a)	2	166908691	20	N	3		9172
222059549	65542386	1	383	23(a)(2)	C		14	N	3		9547
222059550	65542386	2	390	21(e)	1	166908698	30	N	3		9369
222059551	65542386	3	393	75(a)(3)	1	166908698	23	Y	99		9334
222059552	65542394	1	392	2W	1	166908709	47	N	3		385680
222059553	65542394	2	393	9(a)	2	166908710	20	N	3		9172
222059554	65542394	3	393	203(e)	1	166908709	19	N	3		9455
222059555	65542394	4	393	11	1	166908709	20	N	3		9422
222059556	65542395	1	392	2-SLLS2	D		45	N	3	592WF2P	390247
222059557	65542395	2	392	2DIM	1	166908711	30	N	3	592WGRR	385697
222059558	65542396	1	392	2W	1	166908713	47	N	3		385680
222059559	65542396	2	390	21(b)	1	166908713	30	N	3		9426
222059560	65542396	3	393	95(f)	1	166908713	28	N	3		9180
222059561	65542396	4	396	17(c)	2	166908714	29	N	3		9202
222059562	65542396	5	393	130	2	166908714	25	Y	99		3556
222059563	65542397	1	392	2W	1	166908715	47	N	3		385680
222059564	65542397	2	392	2RG	2	166908716	30	N	3		385705
222059565	65542398	1	392	2W	1	166908717	47	N	3		385680
222059566	65542399	1	393	45(b)(2)	1	166908718	16	N	3		392461
222059576	65542409	1	393	9(a)	1	166908732	20	N	3		9172
222059577	65542409	2	393	9(a)	2	166908733	20	N	3		9172
222059578	65542411	1	383	23(a)(2)	D		14	Y	3		9547
222059579	65542412	1	392	2RG	2	166908739	30	N	3		385705
222059581	65542415	1	393	203	1	166908742	30	Y	99		9450
222059582	65542415	2	393	203(b)	1	166908742	19	N	3		9452
222059583	65542415	3	396	3(a)(1)	1	166908742	30	N	3		9203
222059584	65542415	4	393	83(h)	1	166908742	27	N	3		9358
222059585	65542415	5	396	5(b)	1	166908742	30	N	3		9211
222059586	65542416	1	392	2WC	1	166908743	30	N	3		385707
222059587	65542416	2	391	11(b)(5)-DNL	D		14	Y	3		393827
222059588	65542416	3	391	41(a)-F	D		1	N	3		393832
222059589	65542417	1	385	301(a)	1	166908744	30	N	3		380720
222059590	65542417	2	393	95(a)	1	166908744	28	N	3		9178
222059591	65542417	3	393	9(a)	1	166908744	20	N	3		283327
222059592	65542417	4	393	81	1	166908744	30	N	3		9350
222059593	65542417	5	393	9(a)	1	166908744	20	N	3		9182
222059594	65542417	6	393	25(f)	1	166908744	20	N	3		9271
222059595	65542417	7	393	9(a)	1	166908744	20	N	3		283327
222059596	65542417	8	393	41	1	166908744	16	Y	99		9278
222059597	65542417	9	396	17(c)	2	166908745	29	N	3		9202
222059598	65542417	11	393	43(d)	2	166908745	16	Y	99		9281
222059599	65542417	12	393	40	2	166908745	16	Y	99	792W42D	9277
222059600	65542417	13	393	25(b)	2	166908745	20	Y	99		9269
222059601	65542417	14	392	9(a)(2)	2	166908745	25	Y	99		9413
222059602	65542417	10	392	2RG	2	166908745	30	N	3		385705
222059603	65542418	1	392	2W	1	166908746	47	N	3		385680
222059604	65542418	2	390	19	1	166908746	30	N	3		68237
222059605	65542418	3	393	95(a)	1	166908746	28	N	3		9178
222059606	65542418	4	393	95(f)	1	166908746	28	N	3		9180
222059650	65542429	1	390	21(e)	1	166908763	30	N	3		9369
222059651	65542430	1	393	9(a)	1	166908764	20	N	3		9172
222059652	65542432	3	393	11	1	166908766	20	N	3		9422
222059653	65542432	1	393	75(a)(3)	1	166908766	23	Y	99		9334
222059654	65542432	2	393	41	1	166908766	16	Y	99		9278
222059655	65542435	1	395	8K2	D		3	Y	3		9198
222059656	65542441	1	396	5(b)	1	166908776	30	N	3		9211
222059657	65542442	1	395	8	D		7	N	3		9194
222059658	65542442	2	395	15G	D		7	N	3		9188
222059659	65542442	3	392	2W	1	166908777	47	N	3		385680
222059660	65542442	4	393	45(b)(2)	1	166908777	16	N	3		392461
222059661	65542443	1	395	8K2	D		3	Y	99	492W42Q	9198
222059662	65542443	2	383	51(a)-NSOUT	D		8	N	3		393815
222059663	65542443	3	392	2W	1	166908779	47	N	3	492W4D1	385680
222059664	65542443	4	392	2RG	1	166908779	30	N	3		385705
222059665	65542443	5	396	17(c)	1	166908779	29	N	3		9202
222059666	65542443	6	393	78	1	166908779	26	N	3		9347
222059667	65542443	7	393	48(a)	1	166908779	16	N	3		9288
222059668	65542443	8	393	48(a)	1	166908779	16	N	3		9288
222059669	65542443	9	396	3(a)(1)	1	166908779	15	Y	99		383183
222059670	65542443	11	393	75A	1	166908779	23	Y	99	492W47R	8494
222059671	65542443	12	392	2RG	2	166908780	30	N	3		385705
222059672	65542443	10	393	11	1	166908779	20	N	3		9428
222059673	65542444	1	395	8E	D		2	Y	99	492WF82	253692
222059674	65542444	2	390	21(b)	1	166908781	30	N	3		9426
222059675	65542444	3	393	45PC	1	166908781	16	Y	99		392459
222059676	65542444	4	393	11	1	166908781	20	N	3		9428
222059677	65542444	5	393	75A	1	166908781	23	Y	99	492WFD1	8494
222059678	65542444	6	393	95(f)	1	166908781	28	N	3		9180
222059679	65542444	7	392	2W	1	166908781	47	N	3	492WFG7	385680
222059680	65542444	8	392	2RG	2	166908782	30	N	3		385705
222059681	65542444	9	396	17(c)	2	166908782	29	N	3		9202
222059682	65542444	10	393	55(e)	2	166908782	16	N	3		9305
222059696	65542446	1	392	2W	1	166908784	47	N	3		385680
222059697	65542446	2	393	75(a)(3)	1	166908784	23	Y	99		9334
222059698	65542448	1	392	2W	1	166908787	47	N	3		385680
222059699	65542448	2	390	21(b)	1	166908787	30	N	3		9426
222059700	65542448	3	393	45	1	166908787	16	N	3		9283
222059701	65542448	4	393	45	1	166908787	16	N	3		9283
222059702	65542448	5	393	9(a)	1	166908787	20	N	3		283327
222059703	65542448	6	396	3(a)(1)	2	166908788	30	N	3		9203
222059704	65542448	7	396	17(c)	2	166908788	29	N	3		9202
222059716	65542454	1	393	9(a)	1	166908795	20	N	3		9172
222059717	65542457	1	393	55(e)	2	166908800	16	N	3		9305
222059718	65542459	1	396	3A1-LLEAK	1	166908803	18	Y	99		396180
222059719	65542460	1	392	2RG	2	166908805	30	N	3		385705
222059720	65542460	2	393	41	1	166908804	16	Y	99		9278
222059721	65542461	3	393	205(c)	1	166908806	24	N	3		9458
222059722	65542461	4	393	75B	1	166908806	23	N	3		254322
222059723	65542461	5	393	81	1	166908806	30	N	3		9350
222059724	65542461	6	392	2IRP	1	166908806	30	N	3		385701
222059725	65542461	1	393	95(a)	1	166908806	28	N	3		9178
222059726	65542461	2	393	205(c)	1	166908806	24	N	3		9458
222059727	65542462	1	393	60(c)	1	166908807	26	N	3		257571
222059728	65542462	2	393	75C	2	166908808	23	N	3		2909
222059729	65542462	3	393	75C	2	166908808	23	N	3		2909
222059730	65542462	4	393	47(e)	2	166908808	15	N	3		257965
222059731	65542462	5	393	53(b)	2	166908808	16	N	3		385681
222059732	65542462	6	393	47(e)	2	166908808	15	N	3		257965
222059733	65542462	7	396	3(a)(1)	2	166908808	15	Y	99		383183
222059734	65542464	1	390	21(b)	1	166908810	30	N	3		9426
222059735	65542465	1	392	2W	1	166908811	47	N	3	492VRSR	385680
222059736	65542465	2	393	55(d)(2)	1	166908811	16	N	3		9303
222059737	65542465	3	393	45(d)	1	166908811	16	N	3		257960
222059738	65542465	4	393	55(d)(3)	2	166908812	16	N	3		9304
222059739	65542465	5	393	9(a)	2	166908812	20	Y	99		283327
222059740	65542465	6	393	11	2	166908812	20	N	3		9425
222059741	65542465	7	392	2RG	2	166908812	30	N	3		385705
222059742	65542466	1	392	2W	1	166908814	47	N	3		385680
222059743	65542466	2	396	17(c)	2	166908813	29	N	3		9202
222059744	65542466	3	395	8(a)	D		3	Y	99		254677
222059745	65542468	1	390	21(a)	1	166908816	30	N	3		9566
222059746	65542468	2	393	11	1	166908816	20	N	3		9428
222059747	65542468	3	393	55(d)(2)	1	166908816	16	N	3		9303
222059748	65542468	4	393	55(d)(3)	2	166908817	16	N	3		9304
222059749	65542468	5	395	15G	D		7	N	3		9188
222059750	65542468	6	395	8K2	D		3	Y	99		9198
222059751	65542470	1	392	2W	1	166908820	47	N	3		385680
222059752	65542470	2	393	55(e)	2	166908821	16	N	3		9305
222059753	65542470	3	393	48(a)	2	166908821	16	N	3		9288
222059754	65542470	4	393	70(b)	2	166908821	17	Y	99		9324
222059755	65542470	5	393	201(a)	2	166908821	19	Y	99		9445
222059756	65542471	1	393	75(a)(3)	2	166908823	23	Y	99		9334
222059757	65542471	2	393	75(a)(3)	2	166908823	23	Y	99		9334
222059766	65542478	1	393	55(c)(1)	1	166908831	16	N	3		9300
222059767	65542479	1	392	2RG	1	166908833	30	N	3		385705
222059768	65542480	1	390	19B2-BIENNIAL	1	166908834	99	N	3		396411
222059769	65542480	2	393	9(a)	1	166908834	20	N	3		283327
222059770	65542484	1	393	207(a)	1	166908838	22	Y	99	8F8292VXB5	9459
222059771	65542484	2	396	3(a)(1)	1	166908838	16	Y	99		9204
222059772	65542484	3	392	9a(a)(1)	1	166908838	30	Y	99		337774
222059773	65542484	4	392	9b(a)	1	166908838	30	N	3		396080
222059774	65542484	5	390	21(a)	1	166908838	30	N	3		9566
222059775	65542484	6	393	95(f)	1	166908838	28	N	3		9180
222059776	65542484	7	392	2	1	166908838	14	N	3		8496
222059777	65542484	8	393	75B	1	166908838	23	N	3	8F8292VN2	254322
222059778	65542484	9	393	11	1	166908838	20	N	3		9422
222059779	65542484	10	393	9(a)	1	166908838	20	N	3		9172
222059780	65542484	11	396	5(b)	1	166908838	30	N	3		9211
222059781	65542484	12	393	55(a)	1	166908838	16	N	3		9298
222059782	65542484	13	392	2	1	166908838	30	N	3		379214
222059783	65542485	1	393	95(a)	1	166908840	28	N	3	4446424622	9178
222059784	65542485	2	393	95(b)	1	166908840	28	N	3	24619	257980
222059785	65542485	3	393	207(c)	1	166908840	22	N	3	24605	9328
222059786	65542485	4	393	9(a)	1	166908840	20	N	3	24597	9172
222059787	65542485	5	393	207(a)	1	166908840	22	N	3	24583	9459
222059788	65542487	1	393	55(a)	1	166908844	16	N	3	4444550939	9298
222059789	65542487	2	393	9(a)	1	166908844	20	N	3	4444550942	9172
222059790	65542487	3	393	9(a)	1	166908844	20	N	3		9172
222059791	65542488	1	392	2W	1	166908845	47	N	3		385680
222059792	65542488	2	395	8E	D		2	N	3		253692
222059793	65542489	1	390	21(b)	1	166908846	30	N	3		9426
222059794	65542489	2	392	2W	1	166908846	47	N	3		385680
222059795	65542490	1	392	2W	1	166908847	47	N	3		385680
222059797	65542492	1	393	9(a)	1	166908850	20	N	3		9172
222059798	65542493	1	392	2W	1	166908851	47	N	3		385680
222059799	65542493	2	393	45	1	166908851	16	Y	99		9283
222059800	65542494	1	393	45	1	166908852	16	Y	99		9283
222059801	65542494	2	393	45	1	166908852	16	N	3		9283
222059802	65542494	3	396	3(a)(1)	2	166908853	30	N	3		9203
222059803	65542494	4	393	55(d)(2)	1	166908852	16	N	3		9303
222059808	65542500	1	390	19B2-BIENNIAL	1	166908862	99	N	3		396411
222059809	65542500	2	393	41	1	166908862	16	Y	99	R914T92W30	9278
222059810	65542500	3	393	75B	1	166908862	23	N	3	R914T92W3G	254322
222059811	65542500	4	393	75C-OOS	1	166908862	99	N	3	R914T92W3M	396408
222059812	65542500	5	393	9(a)	1	166908862	20	N	3		9172
222059813	65542500	6	392	2	1	166908862	14	N	3	R914T92W34	8496
222059814	65542501	1	390	19B2-BIENNIAL	1	166908863	99	N	3		396411
222059815	65542503	1	393	30	1	166908866	30	N	3		9274
222059816	65542504	1	392	2	1	166908867	14	N	3		8496
222059817	65542505	2	392	2	1	166908868	14	N	3		8496
222059818	65542505	1	396	5(b)	1	166908868	30	N	3		9211
222059819	65542506	1	396	5(b)	1	166908869	30	N	3		9211
222059820	65542507	1	393	9(a)	1	166908870	20	N	3		283327
222059821	65542507	2	393	9(a)	1	166908870	20	N	3		396450
222059822	65542507	3	393	55(e)	2	166908871	16	N	3		9305
222059823	65542508	1	393	45(b)(2)	1	166908872	16	N	3	4444550956	257958
222059824	65542508	2	393	47(a)	1	166908872	16	N	3	4444550960	257961
222059825	65542509	1	393	9(a)	1	166908874	20	N	3		9172
222059826	65542509	2	393	9(a)	1	166908874	20	N	3		9172
222059827	65542510	1	393	9(a)	1	166908875	20	N	3	4446457893	9182
222059828	65542510	2	393	81	1	166908875	30	N	3	7901	9350
222059829	65542510	3	393	78	1	166908875	26	N	3	7915	9347
222059830	65542510	4	393	11	1	166908875	20	N	3	7929	9422
222059831	65542510	5	393	75G-LOAD	1	166908875	23	Y	99	7932	396403
222059832	65542510	6	393	75G-LOAD	1	166908875	23	Y	99	7946	396403
222059833	65542510	7	393	75G-LOAD	1	166908875	23	Y	99	7950	396403
222059834	65542510	8	393	75G-LOAD	1	166908875	23	Y	99	7963	396403
222059835	65542510	9	392	2	1	166908875	47	N	3	7977	390266
222059836	65542510	10	392	2	1	166908875	47	N	3	7980	390266
222059837	65542510	11	392	2	1	166908875	47	N	3	7994	390266
222059844	65542518	1	395	8	D		7	N	3		9194
222059845	65542518	3	392	2W	1	166908886	47	N	3		385680
222059846	65542519	1	395	8	D		7	N	3		9194
222059847	65542519	2	393	11	1	166908887	20	N	3		9430
222059850	65542525	1	395	8E	D		2	Y	3		253692
222059851	65542525	3	395	8E	D		2	Y	3		253692
222059852	65542525	4	395	8E	D		2	N	3		253692
222059853	65542525	5	395	3(a)(2)-PROP	D		4	N	3		393840
222059854	65542525	8	395	15G02	D		7	N	3		396190
222059855	65542527	1	395	15G01	D		7	N	3		396254
222059856	65542527	2	395	8	D		7	N	3		9194
222059857	65542527	3	395	8	D		7	N	3		9194
222059858	65542527	4	395	8	D		7	N	3		9194
222059859	65542528	1	392	2	1	166908903	14	N	3		8496
222059860	65542528	2	393	9(a)	1	166908903	20	N	3		9172
222059861	65542529	1	392	2DL	D		14	N	3		385698
222059862	65542529	2	391	41(a)-F	D		1	N	3		393832
222059863	65542529	3	393	95(a)	1	166908904	28	N	3		9178
222059864	65542530	1	393	9(a)	1	166908905	20	N	3		9172
222059865	65542530	2	393	9(a)	1	166908905	20	N	3		9172
222059866	65542530	3	393	9(a)	1	166908905	20	N	3		9172
222059867	65542530	4	390	21(b)	1	166908905	30	N	3		9426
222059868	65542534	1	392	9b(a)	1	166908909	30	Y	99		396080
222059869	65542534	2	390	21(b)	1	166908909	30	N	3		9426
222059870	65542534	3	393	95(a)	1	166908909	28	N	3		9178
222059871	65542534	4	393	9(a)	1	166908909	20	N	3		9172
222059872	65542534	5	392	2	1	166908909	14	N	3	292VR8N	8496
222059873	65542535	1	392	2W	1	166908910	47	N	3		385680
222059874	65542537	1	392	2FT	1	166908913	14	N	3		385699
222059875	65542537	2	393	9(a)	1	166908913	20	N	3		9172
222059876	65542537	3	393	9(a)	1	166908913	20	N	3	192W6G3	9172
222059877	65542537	4	393	45	1	166908913	16	Y	99	192W6V9	9283
222059878	65542537	5	393	45	1	166908913	16	N	3		9283
222059879	65542537	6	393	209(d)	1	166908913	21	Y	99		8493
222059880	65542537	8	393	75C	2	166908914	23	N	3		2909
222059881	65542538	2	392	2W	1	166908915	47	N	3		385680
222059882	65542538	4	393	55(e)	2	166908916	16	N	1		9305
222059883	65542539	2	392	2W	1	166908917	47	N	3		385680
222059884	65542539	3	393	9(a)	1	166908917	20	N	3		9172
222059885	65542539	5	393	55(e)	2	166908918	16	N	1		9305
222059886	65542539	6	393	75C	2	166908918	23	N	3		2909
222059887	65542539	7	392	2RG	2	166908918	30	N	3		385705
222059892	65542547	1	393	9(a)	1	166908932	20	N	3		283327
222059893	65542548	1	391	41(a)-FPC	D		1	Y	3		393833
222059894	65542548	2	393	55(b)	1	166908933	16	N	3		9299
222059895	65542548	3	177	834(a)	1	166908933	34	Y	99		9639
222059896	65542548	4	392	2	1	166908933	30	N	3		379214
222059897	65542549	1	393	9(a)	1	166908934	20	N	3		9182
222059898	65542552	1	392	2W	1	166908937	47	N	3		385680
222059899	65542552	2	393	9(a)	1	166908937	20	N	3		9172
222059900	65542552	3	393	78	1	166908937	26	N	3		9347
222059901	65542552	4	393	55(d)(1)	1	166908937	16	N	3		9302
222059902	65542553	1	392	2W	1	166908938	47	N	3	292VTTT	385680
222059903	65542553	2	393	9(a)	1	166908938	20	N	3	292VV5R	9172
222059904	65542553	3	393	9(a)	1	166908938	20	N	3	292VVBR	9172
222059905	65542553	4	392	2W	1	166908938	47	N	3	292WJZ	385680
222059906	65542553	5	392	2W	1	166908938	47	N	3		385680
222059907	65542553	6	393	75(f)	2	166908939	23	Y	99		9340
222059908	65542553	7	396	17(c)	2	166908939	29	N	3	292WM5	9202
222059909	65542553	8	393	55(e)	2	166908939	16	N	3	29VVPB	9305
222059910	65542553	9	395	8(a)	D		3	Y	99	292VVPB	254677
222059911	65542553	10	392	2LC	D		42	N	3	292VVRT	9392
222059914	65542555	1	391	41(a)	D		1	N	3		9377
222059915	65542555	2	396	17(c)	1	166908941	29	N	3		9202
222059916	65542555	3	393	9(a)	1	166908941	20	N	3		9172
222059917	65542555	4	393	95(a)	1	166908941	28	N	3		9178
222059918	65542555	5	390	19	1	166908941	30	N	3		68237
222059919	65542555	6	392	2	1	166908941	30	N	3		379214
222059920	65542555	7	393	41	1	166908941	16	Y	99		9278
222059921	65542555	8	392	2	1	166908941	14	N	3		8496
222059922	65542556	1	393	9(a)	1	166908942	20	N	3		9172
222059923	65542556	2	390	19	1	166908942	30	N	3		68237
222059924	65542556	3	392	2	1	166908942	30	N	3		379214
222059925	65542556	4	391	41(a)	D		1	N	3		9377
222059926	65542557	1	391	11(b)(5)	D		14	Y	99		9374
222059927	65542557	2	390	19	1	166908943	30	N	3		68237
222059928	65542557	3	392	2	1	166908943	30	N	3		379214
222059929	65542557	4	392	2W	1	166908943	47	N	3		385680
222059930	65542557	5	393	43	2	166908944	16	Y	1		9279
222059931	65542557	6	393	9(a)	2	166908944	20	N	3		9172
222059932	65542558	1	391	41(a)	D		1	N	3		9377
222059933	65542558	2	390	21(a)	1	166908945	30	N	3		9566
222059934	65542558	3	393	95(a)	1	166908945	28	N	3		9178
222059935	65542558	4	393	95(f)	1	166908945	28	N	3		9180
222059936	65542558	5	393	9(a)	2	166908946	20	Y	99		283327
222059937	65542558	6	393	25(f)	2	166908946	20	N	3		9271
222059938	65542558	7	393	19	2	166908946	20	N	3		9443
222059947	65542568	1	393	75C	2	166908970	23	N	3		2909
222059948	65542569	1	391	45(b)	D		1	N	3		8487
222059949	65542569	2	393	9(a)	1	166908971	20	N	3		9172
222059950	65542569	3	393	75C	1	166908971	23	N	3		2909
222059951	65542574	1	392	9b(a)	1	166908977	30	Y	99	WARNING	396081
222059952	65542574	2	391	41(a)-F	D		1	N	3		393832
222059961	65542582	1	393	78	1	166908988	26	N	3		9347
222059962	65542582	2	393	11	1	166908988	20	N	3		9422
222059973	65542593	1	392	2FT	1	166909004	14	N	3	202802018001110	385699
222059974	65542593	2	392	2IRP	1	166909004	30	N	3	202802018001110	385701
222059975	65542593	3	393	95(a)	1	166909004	28	N	3		9178
222060279	65542615	1	392	82(a)(1)	D		14	N	3		392492
222060280	65542615	2	390	21(b)	1	166909318	30	N	3		9426
222060281	65542615	3	393	9(a)	1	166909318	20	N	3		9172
222060334	65542619	1	393	9(a)	1	166909350	20	N	3		9172
222060335	65542619	2	393	11	1	166909350	20	N	3		9422
222060336	65542619	3	393	78	1	166909350	26	N	3		9347
222060341	65542620	1	392	16	D		11	N	3	T5271941	9386
222060342	65542620	2	392	16B	D		11	N	3		396396
222060351	65542624	1	393	134	1	166909363	25	Y	1		3560
222060352	65542624	2	396	5(b)	1	166909363	30	N	3		9211
222062762	65543288	1	392	2-SLLS2	D		45	N	3		390247
222062763	65543288	2	392	2RG	1	166910943	30	N	3	E02984581	385705
222062764	65543288	3	393	60(d)	1	166910943	26	N	3	E02984580	9308
222062765	65543288	4	396	9(d)(2)	1	166910943	30	N	3		9214
222062766	65543288	5	393	95(a)	1	166910943	28	N	3		9178
222062767	65543288	6	396	17(c)	1	166910943	29	N	3		9202
222062768	65543288	7	396	17(c)	2	166910944	29	N	3		9202
222062769	65543288	8	393	9(a)	2	166910944	20	N	3		9172
222062770	65543288	9	393	9(a)	2	166910944	20	N	3		9172
222064306	65543714	1	393	47(e)	1	166911855	15	N	3		257965
222064307	65543714	2	393	53(b)	1	166911855	16	N	3		385681
222064320	65543723	1	393	47(e)	1	166911874	15	N	3		257965
222064321	65543723	2	393	53(b)	1	166911874	16	N	3		385681
222064418	65543765	1	392	2LV	D		14	N	3		385702
222064433	65527843	1	392	2	D		14	N	3		8496
222064434	65527843	2	393	25(f)	2	166912043	20	Y	4		9271
222064453	65543785	1	393	9(a)	2	166912072	20	N	3		9183
222064454	65543785	2	393	9(a)	2	166912072	20	N	3		9172
222064484	65527731	1	392	2	D		14	N	3		8496
222064500	65527846	1	393	9(a)	1	166912132	20	N	3		9182
222064501	65543798	1	392	2-SLLS2	D		45	N	3		390247
222064518	65543799	1	390	21(b)	1	166912152	30	N	3		9426
222064519	65543799	2	392	4A-POS	D		99	Y	3		396410
222064520	65543799	3	392	2RG	D		30	N	3		385705
222064521	65543799	4	391	41(a)	D		1	N	3		9377
222064522	65543799	5	396	17(c)	1	166912152	29	N	3		9202
222064523	65543799	6	396	17(c)	2	166912153	29	N	3		9202
222064524	65543799	7	392	2RG	D		30	N	3		385705
222064532	65543801	1	392	2-SLLS2	D		45	N	3		390247
222064538	65543807	1	393	9(a)	1	166912183	20	Y	99		9172
222064577	65543819	1	393	95(a)	1	166912238	28	N	3		9178
222065250	65544058	1	393	95(a)	1	166912966	28	N	3		9178
222065251	65544059	1	392	2W	1	166912968	47	N	3		385680
222065252	65544059	2	392	2W	1	166912968	47	N	3		385680
222065255	65544061	1	392	2W	1	166912970	47	N	3		385680
222065256	65544061	2	392	2W	1	166912970	47	N	3		385680
222065259	65544064	1	396	17(c)	1	166912975	29	N	3		9202
222065260	65544065	1	395	22(h)(4)	D		7	N	3		396422
222065261	65544066	1	395	22(h)(4)	D		7	N	3		396422
222065262	65544067	1	395	22(h)(4)	D		7	N	3		396422
222065266	65544072	1	392	2C	D		40	N	3	3491473	9389
222065267	65544073	1	392	2C	D		40	N	3	3491474	9389
222065269	65544075	1	392	2C	D		40	N	3	3491476	9389
222065274	65544079	1	392	2	1	166913005	14	N	3		8496
222065275	65544080	1	383	23(a)(2)	D		14	Y	3		9547
222065276	65544080	2	391	41(a)-F	D		1	N	3		393832
222065277	65544080	3	391	11(b)(5)-DNL	1	166913006	14	N	3		393827
222065278	65544080	4	392	2	1	166913006	14	N	3		8496
222065279	65544080	5	392	2	2	166913007	14	N	3		8496
222065280	65544080	6	392	2	2	166913007	14	N	3		8496
222065281	65544080	7	392	2	2	166913007	14	N	3		8496
222065282	65544081	1	393	9(a)	1	166913008	20	N	3		9182
222065283	65544081	2	393	78	1	166913008	26	N	3		9347
222065288	65544086	1	393	9(a)	1	166913016	20	N	3		283327
222065289	65544086	2	396	17(c)	2	166913017	29	N	3		9202
222065290	65544087	1	395	22(h)(4)	1	166913018	7	N	3		396422
222065291	65544089	1	393	11	1	166913022	20	N	3		9422
222065298	65544096	1	392	2W	1	166913035	47	N	3		385680
222065299	65544096	2	392	2W	1	166913035	47	N	3		385680
222065300	65544097	1	392	2W	1	166913036	47	N	3		385680
222065301	65544097	2	392	2W	1	166913036	47	N	3		385680
222065302	65544098	1	393	95(f)	1	166913045	28	N	3		9180
222065308	65544104	1	395	22(h)(4)	1	166913056	7	N	3		396422
222065309	65544106	1	396	17(c)	1	166913060	29	N	3		9202
222065310	65544106	2	396	5(b)	1	166913060	30	N	3		9211
222065311	65544107	1	393	9(a)	2	166913062	20	N	3		9183
222065312	65544107	2	393	9(a)	2	166913062	20	N	3		9172
222065313	65544107	3	396	17(c)	2	166913062	29	N	3		9202
222065314	65544107	4	392	2RG	2	166913062	30	N	3		385705
222065315	65544107	5	393	9(a)	2	166913062	20	N	3		9172
222065316	65544108	1	393	9(a)	1	166913063	20	N	3		9172
222065317	65544108	2	393	11	1	166913063	20	N	3		9422
222065318	65544110	1	393	55(d)(2)	1	166913065	16	N	3		9303
222065319	65544111	1	392	16	D		11	N	3		9386
222065325	65544116	1	392	2T	D		46	N	3	3491479	9396
222065326	65544117	1	396	17(c)	2	166913080	29	N	3		9202
222065327	65544117	2	396	3(a)(1)	2	166913080	16	N	3		9204
222065328	65544118	1	396	17(c)	2	166913082	29	N	3		9202
222065329	65544118	2	393	75(a)(3)	2	166913082	23	Y	99		9334
222065335	65544124	1	395	22(h)(4)	1	166913095	7	N	3		396422
222065336	65544125	1	395	22(h)(4)	D		7	N	3		396422
222065337	65544127	1	396	17(c)	2	166913102	29	N	3		9202
222065357	65544135	2	393	9(a)	1	166913122	20	N	3		9182
222065358	65544135	3	393	9(a)	2	166913123	20	Y	1		9183
222065359	65544136	1	396	3A1-LLEAK	1	166913124	18	Y	99		396180
222065360	65544136	2	393	47(e)	1	166913124	15	N	3		257965
222065361	65544136	3	393	53(b)	1	166913124	16	N	3		385681
222065362	65544136	4	393	47(e)	2	166913125	15	N	3		257965
222065363	65544136	5	393	53(b)	2	166913125	16	N	3		385681
222065364	65544136	7	393	48(a)	2	166913125	16	N	3		392466
222065365	65544136	8	396	3(a)(1)	2	166913125	15	Y	99		383183
222065366	65544136	6	393	47(e)	2	166913125	15	N	3		257965
222065368	65544141	1	392	2DIM	2	166913139	30	N	3		385697
222065369	65544141	2	393	9(a)	2	166913139	20	N	3		9172
222065374	65544142	1	392	2WC	2	166913145	30	N	3		385707
222065375	65544142	2	393	75(a)(3)	2	166913145	23	Y	99		9334
222065376	65544143	1	172	328(d)	2	166913147	39	N	3		263071
222065380	65544148	1	393	11	2	166913156	20	N	3		9422
222065382	65544150	1	393	11	2	166913160	20	Y	99		9422
222065383	65544151	1	395	8	D		7	N	3		9194
222065384	65544152	1	392	2RG	1	166913163	30	N	3		385705
222065385	65544152	2	393	9(a)	2	166913164	20	N	3		9172
222065386	65544152	3	393	48(a)	2	166913164	16	N	3		9288
222065387	65544152	4	393	48(a)	2	166913164	16	N	3		9288
222065388	65544152	5	393	48(a)	2	166913164	16	N	3		9288
222065389	65544152	6	393	48(a)	2	166913164	16	N	3		9288
222065390	65544152	7	396	3(a)(1)	2	166913164	15	Y	99		383183
222065391	65544152	8	393	43	2	166913164	16	Y	99		9279
222065392	65544154	1	393	104(b)	2	166913168	25	N	3		10044
222065393	65544155	1	392	2RG	1	166913169	30	N	3		385705
222065394	65544155	2	392	2RG	2	166913170	30	N	3		385705
222065395	65544155	3	392	2	2	166913170	14	N	3		8496
222065427	65544168	1	392	2-SLLS3	D		45	N	3	T3706246F	390248
222065428	65544169	1	392	2-SLLS2	D		45	N	3	T3706247F	390247
222065441	65544173	1	392	2W	D		47	N	3		385680
222065458	65544180	1	392	2-SLLS3	D		45	N	3	T3706249F	390248
222065459	65544181	1	392	2-SLLS3	D		45	N	3	T3706250F	390248
222065466	65544185	1	395	22(g)	1	166913223	7	N	3		396435
222065467	65544186	1	395	22(h)(4)	D		7	N	3		396422
222065477	65544195	1	392	2	1	166913244	30	N	3		379214
222065478	65544197	1	395	30(b)(1)	D		50	N	3		396430
222065479	65544197	2	395	22(h)(2)	D		7	N	3		396436
222065480	65544197	3	396	17(c)	1	166913247	29	N	3		9202
222065492	65544206	1	395	22(h)(4)	1	166913271	7	N	3		396422
222065493	65544206	2	396	17(c)	1	166913271	29	N	3		9202
222065494	65544206	3	396	17(c)	2	166913272	29	N	3		9202
222065495	65544207	1	395	22(h)(4)	1	166913273	7	N	3		396422
222065496	65544209	1	391	11B2	D		14	N	3		9372
222065524	65544218	1	395	22(h)(2)	D		7	N	3		396436
222065525	65544218	2	393	9(a)	1	166913300	20	N	3		9172
222065526	65544218	3	396	17(c)	2	166913301	29	N	3		9202
222065527	65544219	1	395	22(h)(4)	1	166913302	7	N	3		396422
222065528	65544219	2	393	95(a)	1	166913302	28	N	3		9178
222065529	65544220	1	395	24(c)(2)(iii)	D		50	N	3		396427
222065530	65544221	1	396	17(c)	2	166913307	29	N	3		9202
222065544	65544231	1	392	2W	1	166913325	47	N	3		385680
222065545	65544231	2	392	2W	2	166913326	47	N	3		385680
222065546	65544231	3	393	95(a)	1	166913325	28	N	3		9178
222065551	65544233	1	393	48(a)	2	166913330	16	N	3		9288
222065552	65544233	2	393	48(a)	2	166913330	16	N	3		9288
222065553	65544233	3	393	48(a)	2	166913330	16	N	3		9288
222065554	65544233	4	393	48(a)	2	166913330	16	N	3		9288
222065555	65544233	5	396	3(a)(1)	2	166913330	15	Y	1		383183
222065556	65544233	6	392	2	1	166913329	14	N	3		8496
222065557	65544235	1	393	95(a)	1	166913333	28	N	3		9178
222065558	65544237	1	395	24(d)	D		7	N	3		396428
222065572	65544247	1	395	22(h)(2)	D		7	N	3		396436
222065573	65544247	2	395	22(h)(4)	D		7	N	3		396422
222065574	65544248	1	393	9(a)	1	166913360	20	N	3		9182
222065575	65544249	1	395	24(c)(2)(ii)	D		50	N	3		396426
222065576	65544249	2	395	24(c)(2)(iii)	D		50	N	3		396427
222065577	65544249	3	396	17(c)	1	166913362	29	N	3		9202
222065592	65544251	1	392	2W	1	166913372	47	N	3		385680
222065593	65544251	2	392	2W	1	166913372	47	N	3		385680
222065594	65544252	2	392	2W	1	166913373	47	N	3		385680
222065595	65544252	3	393	9(a)	1	166913373	20	N	3		9183
222065596	65544252	4	393	25(f)	1	166913373	20	N	3		9271
222065597	65544252	5	393	9(a)	1	166913373	20	N	3		283327
222065598	65544252	1	392	2W	1	166913373	47	N	3		385680
222065606	65544256	1	393	75(a)(3)	2	166913382	23	Y	99		9334
222065607	65544256	2	393	11	2	166913382	20	N	3		9422
222065626	65544267	1	390	21F	1	166913406	30	N	3		396392
222065627	65544267	2	392	2WC	1	166913406	30	N	3		385707
222065913	65544523	1	393	60(c)	1	166913893	26	N	3		257571
222065914	65544523	2	393	9(a)	1	166913893	20	N	3		9182
222065927	65544545	1	393	11	1	166913928	20	N	3		9422
222065928	65544545	2	393	11	1	166913928	20	N	3		9422
222065929	65544545	3	393	11	1	166913928	20	N	3		9422
222065930	65544545	4	393	207(a)	1	166913928	22	Y	3	3263618	9459
222065931	65544545	5	393	47(e)	1	166913928	15	N	3		257965
222065932	65544545	6	393	47(e)	1	166913928	15				257965
222065933	65544545	7	393	83(g)	1	166913928	27	N	3		8497
222065934	65544545	8	393	86(b)(1)	1	166913928	30	N	3		9365
222065935	65544545	9	396	3(a)(1)	1	166913928	15	Y	3	3263618	383183
222065936	65544545	10	396	5(b)	1	166913928	24	Y	3	3263618	392473
222065969	65544591	1	396	17(c)	2	166914008	29	N	3		9202
222065973	65544618	1	393	47(a)	2	166914051	16	N	3		257961
222065998	65544644	1	393	9(a)	1	166914094	20	N	3		9182
222066018	65544681	1	393	9(a)	1	166914150	20	N	3		9183
222066048	65544731	1	393	25(f)	1	166914234	20	N	3		9271
222066076	65544796	1	395	8(a)	D		3	Y	3	3263601	254677
222066090	65544817	1	392	2-SLLS4	D		45	N	3		390240
222066091	65544817	2	392	2LV	D		14	N	3		385702
222066113	65544836	1	391	11(b)(5)-DEN	D		14	Y	3	3263619	393826
222066114	65544836	2	393	100(a)	1	166914409	25	Y	3	3263619	9417
222066137	65544875	1	391	15(a)-SIN	D		8	Y	3	3263754	393830
222066138	65544875	2	393	9(a)	2	166914478	20	Y	3	3263754	283327
222066139	65544877	1	393	25(f)	1	166914481	20	N	3		9271
222066140	65544877	2	393	9(a)	1	166914481	20	N	3		283327
222066141	65544899	1	383	23(a)(2)	D		14	Y	3	3263668	9547
222066142	65544899	2	393	9(a)	1	166914516	20	N	3		283327
222066143	65544900	1	392	2	D		14	N	3		8496
222066144	65544900	2	395	8(a)(1)	D		3	Y	3	3263713	396451
222066145	65544903	1	396	17(c)	1	166914524	29	N	3		9202
222066146	65544910	1	393	75A	1	166914536	23	Y	3	3263794	8494
222066147	65544910	2	393	9(a)	1	166914536	20	N	3		9172
222066148	65544910	3	393	95(a)	1	166914536	28	N	3		9178
222066149	65544910	4	393	122(b)	2	166914537	25	Y	3	3263794	257494
222066150	65544910	5	393	45(b)(2)	2	166914537	16	N	3		257958
222066151	65544910	6	393	9(a)	2	166914537	20	N	3		9172
222066152	65544920	1	392	2-SLLEWA2	D		47	N	3		390250
222066153	65544920	2	392	2	D		47	N	3		390241
222066154	65544929	1	396	5(b)	1	166914571	24	Y	3	3263757	392472
222066155	65544936	1	393	9(a)	1	166914584	20	N	3		283327
222066156	65544938	1	396	17(c)	2	166914589	29	N	3		9202
222066157	65544941	1	392	2RG	1	166914593	30	N	3		385705
222066158	65544941	2	393	45(d)	2	166914594	16	N	3		392463
222066166	65544943	1	395	8(a)(1)	D		3	Y	3	3263624	396451
222066167	65544943	2	393	25(f)	2	166914598	20	N	3		9271
222066168	65544944	1	391	41(a)	D		1	N	3		9377
222066171	65544946	1	393	48(a)	1	166914602	16	Y	3	3263702	9288
222066172	65544948	1	395	22(h)(2)	D		7	N	3		396436
222066173	65544948	2	393	75A	1	166914606	23	Y	3	3263711	8494
222066174	65544948	3	393	45(d)	2	166914607	16	N	3		257960
222066175	65544948	4	393	55(e)	2	166914607	16	N	3		9305
222066176	65544948	5	393	9(a)	2	166914607	20	N	3		9172
222066177	65544948	6	393	9(a)	2	166914607	20	N	3		9172
222066178	65544948	7	396	3(a)(1)	2	166914607	30	N	3		9203
222066179	65544951	1	393	9(a)	1	166914612	20	N	3		9172
222066180	65544952	1	393	43	2	166914615	16	Y	3	3263789	9279
222066181	65544953	1	393	75C	1	166914616	23	N	3		2909
222066182	65544953	2	393	95(f)	1	166914616	28	N	3		9180
222066183	65544956	1	392	2	D		47	N	3		390241
222066184	65544974	1	395	8(a)(1)	D		3	Y	3	3263622	396451
222066185	65544975	1	396	17(c)	2	166914655	29	N	3		9202
222066186	65544977	1	396	3A1T	2	166914658	23	N	3		9209
222066187	65544983	1	392	2	D		14	N	3		8496
222066188	65544989	1	392	2LV	D		14	N	3		385702
222066189	65544990	1	393	75C	2	166914682	23	N	3		2909
222066190	65544993	2	392	2RG	1	166914686	30	N	3		385705
222066191	65544993	3	393	95(a)	1	166914686	28	N	3		9178
222066192	65544993	4	396	17(c)	1	166914686	29	N	3		9202
222066193	65544993	1	392	2FT	D		14	N	3		385699
222066197	65544998	1	392	16	D		11	N	3		9386
222066198	65544998	2	393	201(a)	2	166914697	19	Y	3	3263677	9445
222066199	65545000	1	393	75A	1	166914700	23	Y	3	3263678	8494
222066200	65545000	2	393	126(c)(3)	2	166914701	25	Y	3	3263678	256794
222066201	65545000	3	393	9(a)	2	166914701	20	N	3		9183
222066202	65545003	1	383	91(a)	D		14	Y	3	3263720	9552
222066203	65545003	2	393	30	1	166914705	30	N	3		9274
222066204	65545003	3	393	78	1	166914705	26	N	3		9347
222066205	65545003	4	396	5(a)	1	166914705	24	Y	3	3263720	392470
222066206	65545003	5	393	43	2	166914706	16	Y	3	3263720	9279
222066211	65545017	1	392	2-SLLS2	D		45	N	3		390247
222066212	65545017	2	393	25(f)	1	166914728	20	N	3		9271
222066213	65545017	3	393	87(a)	2	166914729	30	Y	3	3263645	257978
222066214	65545019	1	383	23(a)(2)	D		14	Y	3	3263680	9547
222066215	65545019	2	391	41(a)-F	D		1	N	3		393832
222066216	65545019	3	393	47(e)	1	166914732	15	N	3		257965
222066217	65545019	4	396	3(a)(1)	1	166914732	15	Y	3	3263680	383183
222066218	65545020	1	390	21(c)	1	166914733	30	N	3		9368
222066219	65545020	2	393	75C	1	166914733	23	N	3		2909
222066220	65545020	3	393	9(a)	1	166914733	20	N	3		9172
222066221	65545020	4	396	17(c)	1	166914733	29	N	3		9202
222066222	65545020	5	396	3(a)(1)	1	166914733	30	N	3		9203
222066223	65545030	1	393	25(f)	1	166914749	20	N	3		9271
222066224	65545030	2	393	25(f)	2	166914750	20	Y	3	3263802	9271
222066225	65545030	3	393	9(a)	2	166914750	20	N	3		9172
222066233	65545057	1	393	25(f)	1	166914796	20	N	3		9271
222066234	65545057	2	393	9(a)	1	166914796	20	N	3		283327
222066235	65545057	3	393	9(a)	2	166914797	20	Y	3	3263427	9172
222066236	65545058	1	393	9(a)	1	166914798	20	N	3		9183
222066237	65545060	1	393	9(a)	1	166914802	20	N	3		9172
222066238	65545060	2	393	95(a)	1	166914802	28	N	3		9178
222066242	65545082	1	393	48(a)	2	166914840	16	Y	3	3263730	9288
222066243	65545085	1	393	9(a)	1	166914843	20	N	3		9172
222066244	65545085	2	393	9(a)	2	166914844	20	N	3		9172
222066245	65545085	3	396	17(c)	2	166914844	29	N	3		9202
222066254	65545104	1	392	2WC	1	166914875	30	N	3		385707
222066255	65545104	2	393	11	1	166914875	20	N	3		9428
222066256	65545104	3	393	207(f)	1	166914875	22	N	3		9263
222066257	65545104	4	393	75A	1	166914875	23	Y	3	3263737	8494
222066258	65545105	1	393	75A	2	166914878	23	Y	3	3263738	8494
222066260	65545111	1	392	2	D		47	N	3		390266
222066261	65545117	1	392	2-SLLS4	D		45	N	3		390240
222066262	65545117	2	393	75C	1	166914897	23	N	3		2909
222066263	65545126	1	392	2	D		47	N	3		390266
222066264	65545126	2	393	9(a)	1	166914914	20	N	3		9172
222066265	65545126	3	396	17(c)	1	166914914	29	N	3		9202
222066266	65545126	4	396	3(a)(1)	1	166914914	30	N	3		9203
222066267	65545126	5	396	3(a)(1)	1	166914914	16	N	3		9204
222066268	65545126	6	393	205(c)	2	166914915	24	N	3		9458
222066269	65545126	7	393	75A	2	166914915	23	Y	3	3263785	8494
222066270	65545133	1	392	2LV	D		14	N	3		385702
222066271	65545133	2	395	8K2	D		3	Y	3	3263819	9198
222066273	65545140	1	393	45	2	166914934	16	Y	3	3263690	9283
222066274	65545140	2	393	45	2	166914934	16	N	3		9283
222066275	65545143	1	391	41(a)	D		1	N	3		9377
222066276	65545144	1	393	25(f)	2	166914941	20	Y	3	3263745	9271
222066281	65545151	1	393	25(f)	1	166914952	20	N	3		9271
222066282	65545151	2	393	9(a)	1	166914952	20	N	3		9182
222066283	65545151	3	393	9(a)	1	166914952	20	N	3		283327
222066284	65545152	1	383	51(a)-NSIN	D		8	Y	3	3263818	393814
222066285	65545152	2	392	2LV	D		14	N	3		385702
222066286	65545158	1	393	83(g)	1	166914965	27	Y	3	3263675	8497
222066288	65545163	1	393	9(a)	1	166914974	20	N	3		283327
222066289	65545167	1	393	30	1	166914982	30	N	3		9274
222066294	65545175	1	383	23(a)(2)	D		14	Y	3	3263661	9547
222066295	65545181	1	393	9(a)	1	166915006	20	N	3		9183
222066296	65545181	2	393	9(a)	1	166915006	20	N	3		283327
222066297	65545181	3	393	25(f)	2	166915007	20	Y	3	3263704	9271
222066298	65545181	4	393	75(a)(3)	2	166915007	23	Y	3	3263704	9334
222066299	65545182	1	172	504(a)	2	166915009	32	N	3		8682
222066301	65545184	1	393	100(a)	2	166915013	25	Y	3	3263751	9417
222066302	65545186	1	393	9(a)	2	166915017	20	N	3		9172
222066341	65545194	1	395	8(a)(1)	D		3	Y	3	3263896	396451
222066342	65545194	2	395	8K2	D		3	Y	3	3263896	9198
222066356	65545198	1	393	47(e)	2	166915088	15	N	3		257965
222066357	65545198	2	393	47(e)	2	166915088	15	N	3		257965
222066364	65545204	1	393	9(a)	2	166915107	20	Y	3	3263845	283327
222066365	65545205	1	393	9(a)	1	166915108	20	N	3		283327
222066415	65545207	1	391	41(a)	D		1	N	3		9377
222066416	65545210	1	390	21(b)	1	166915171	30	N	3		9426
222066417	65545214	1	392	2	D		14	N	3		8496
222066418	65545215	1	393	25(f)	2	166915180	20	Y	3	3263944	9271
222066420	65545221	1	393	25(f)	1	166915190	20	Y	3	3263447	9271
222066421	65545221	2	393	9(a)	1	166915190	20	Y	3	3263447	283327
222066422	65545221	3	393	9(a)	1	166915190	20	N	3		283327
222066423	65545221	4	393	9(a)	1	166915190	20	N	3		283327
222066424	65545225	1	396	17(c)	1	166915195	29	N	3		9202
222066425	65545225	2	393	25(f)	2	166915196	20	Y	3	3264036	9271
222066426	65545228	1	393	47(e)	2	166915201	15	N	3		257965
222066427	65545228	2	393	9(a)	2	166915201	20	N	3		9172
222066428	65545229	1	383	51(a)-NSOUT	D		8	Y	3	3264078	393815
222066429	65545229	3	393	25(f)	1	166915202	20	N	3		9271
222066430	65545229	4	393	75A	1	166915202	23	Y	3	3264078	8494
222066431	65545229	5	393	9(a)	1	166915202	20	N	3		283327
222066432	65545229	6	393	95(a)	1	166915202	28	N	3		9178
222066433	65545229	7	393	95(f)	1	166915202	28	N	3		9180
222066434	65545229	8	396	17(c)	1	166915202	29	N	3		9202
222066435	65545229	9	393	100(a)	2	166915203	25	Y	3	3264078	9417
222066436	65545229	10	393	43	2	166915203	16	Y	3	3264078	9279
222066437	65545229	2	392	2	D		14	N	3		8496
222066441	65545238	1	393	9(a)	1	166915216	20	N	3		9182
222066442	65545243	1	383	51(a)-SIN	D		8	Y	3	3263996	393816
222066443	65545243	2	391	41(a)-F	D		1	N	3		393832
222066444	65545243	3	390	21(b)	1	166915223	30	N	3		9426
222066445	65545243	4	392	9b(a)	1	166915223	30	N	3		396447
222066446	65545243	5	393	25(f)	1	166915223	20	N	3		9271
222066447	65545243	6	393	60(c)	1	166915223	26	N	3		257571
222066448	65545243	7	393	9(a)	1	166915223	20	N	3		9182
222066449	65545243	8	393	95(a)	1	166915223	28	N	3		9178
222066450	65545243	9	396	5(b)	1	166915223	30	N	3		9211
222066451	65545243	10	392	2RG	2	166915224	30	N	3		385705
222066452	65545243	11	393	25(f)	2	166915224	20	Y	3	3263996	9271
222066453	65545243	12	393	43	2	166915224	16	Y	3	3263996	9279
222066454	65545243	13	393	48(a)	2	166915224	16	Y	3	3263996	9288
222066455	65545243	14	393	9(a)	2	166915224	20	N	3		9172
222066456	65545243	15	393	9(a)	2	166915224	20	N	3		9183
222066457	65545243	16	393	9(a)	2	166915224	20	Y	3	3263996	283327
222066458	65545243	17	393	9(a)	2	166915224	20	Y	3	3263996	283327
222066459	65545243	18	396	17(c)	2	166915224	29	N	3		9202
222066460	65545245	1	393	75(a)(3)	1	166915226	23	Y	3	3263997	9334
222066461	65545248	1	383	23(a)(2)	D		14	Y	3	3264039	9547
222066462	65545248	2	392	2FT	D		14	N	3		385699
222066463	65545248	3	396	17(c)	1	166915232	29	N	3		9202
222066464	65545248	4	393	43	2	166915233	16	Y	3	3264039	9279
222066465	65545249	1	383	23(a)(2)	D		14	Y	3	3264058	9547
222066466	65545249	2	391	41(a)-F	D		1	N	3		393832
222066467	65545249	3	393	45(d)	1	166915234	16	N	3		257960
222066468	65545249	4	393	75(a)(3)	1	166915234	23	Y	3	3264058	9334
222066469	65545249	5	393	11	2	166915235	20	N	3		9422
222066470	65545249	6	393	9(a)	2	166915235	20	N	3		9172
222066471	65545249	7	393	9(a)	2	166915235	20	N	3		9172
222066472	65545249	8	396	17(c)	2	166915235	29	N	3		9202
222066473	65545254	1	393	60(e)-WS	1	166915243	30	N	3		390337
222066474	65545254	2	393	75(a)(3)	1	166915243	23	Y	3	3263887	9334
222066475	65545254	3	393	78	1	166915243	26	N	3		9347
222066476	65545254	4	393	25(f)	2	166915244	20	Y	3	3263887	9271
222066477	65545260	1	393	47(e)	1	166915252	15	N	3		257965
222066478	65545260	2	393	9(a)	1	166915252	20	N	3		9172
222066479	65545263	1	392	2	D		14	N	3		8496
222066480	65545263	2	393	25(f)	1	166915257	20	N	3		9271
222066481	65545263	3	393	75C	1	166915257	23				2909
222066482	65545263	4	393	9(a)	1	166915257	20	N	3		283327
222066483	65545263	5	393	201(a)	2	166915258	19	N	3		9445
222066484	65545263	6	393	75A	2	166915258	23	Y	3	3263843	8494
222066485	65545263	7	396	5(b)	2	166915258	24				392473
222066486	65545264	1	396	5(b)	1	166915259	24	N	3		392473
222066487	65545264	2	393	75C	2	166915260	23	N	3		2909
222066488	65545264	3	393	9(a)	2	166915260	20	N	3		9172
222066489	65545264	4	393	9(a)	2	166915260	20	N	3		9172
222066490	65545275	1	392	2-SLLS2	D		45	N	3		390247
222066491	65545275	2	393	11	1	166915278	20	N	3		9428
222066492	65545275	3	393	45(b)(2)	2	166915279	16	N	3		257958
222066493	65545275	4	393	9(a)	2	166915279	20	N	3		9172
222066494	65545276	1	393	75C	2	166915280	23	N	3		2909
222066498	65545279	1	396	5(b)	1	166915286	30	N	3		9211
222066499	65545281	1	392	2C	D		40	N	3		9389
222066500	65545281	2	392	2LV	D		14	N	3		385702
222066501	65545282	1	392	2	D		47	N	3		390266
222066502	65545282	2	393	75C	1	166915291	23	N	3		2909
222066503	65545282	3	393	75C	2	166915292	23	N	3		2909
222066504	65545283	1	396	17(c)	1	166915293	29	N	3		9202
222066505	65545284	1	393	9(a)	1	166915295	20	N	3		396450
222066506	65545288	1	393	9(a)	1	166915301	20	Y	3	3263984	283327
222066509	65545292	1	393	48(a)	2	166915307	16	N	3		9288
222066510	65545292	2	393	48(a)	2	166915307	16	N	3		9288
222066511	65545292	3	393	75A	2	166915307	23	Y	3	3263855	8494
222066512	65545292	4	396	3(a)(1)	2	166915307	15	Y	3	3263855	383183
222066519	65545297	1	396	17(c)	1	166915316	29	N	3		9202
222066520	65545299	1	393	9(a)	1	166915318	20	Y	3	3263891	396450
222066521	65545300	1	392	2FT	D		14	N	3		385699
222066522	65545300	2	393	75C	1	166915319	23	N	3		2909
222066523	65545300	3	393	9(a)	1	166915319	20	N	3		283327
222066524	65545300	4	393	75C	2	166915320	23	N	3		2909
222066525	65545300	5	396	5(b)	2	166915320	30	N	3		9211
222066526	65545303	1	393	75(a)(3)	1	166915324	23	Y	3	3263927	9334
222066527	65545303	2	392	2RG	2	166915325	30	N	3		385705
222066532	65545311	1	392	2	D		47	N	3		390266
222066533	65545312	1	393	45	2	166915338	16	Y	3	3264049	9283
222066534	65545312	2	393	47(e)	2	166915338	15	N	3		257965
222066535	65545312	3	393	48(a)	2	166915338	16	N	3		9288
222066536	65545312	4	393	75C	2	166915338	23	N	3		2909
222066537	65545312	5	396	3(a)(1)	2	166915338	30	N	3		9203
222066538	65545312	6	396	3(a)(1)	2	166915338	15	Y	3	3264049	383183
222066539	65545313	1	392	2IRP	1	166915339	30	N	3		385701
222066540	65545313	2	396	3(a)(1)	1	166915339	30	N	3		9203
222066541	65545313	3	393	25(f)	2	166915340	20	Y	3	3264088	9271
222066542	65545313	4	396	17(c)	2	166915340	29	N	3		9202
222066543	65545315	1	393	9(a)	1	166915342	20	Y	3	3264070	283327
222066544	65545317	1	393	207(f)	1	166915345	22	Y	3	3263862	9263
222066553	65545324	1	393	95(a)	1	166915356	28	N	3		9178
222066555	65545332	1	393	100(a)	1	166915369	25	Y	3	3263993	9417
222066556	65545334	1	393	60(c)	1	166915372	26	N	3		257571
222066557	65545335	1	392	2LV	D		14	N	3		385702
222066558	65545337	1	383	23(a)(2)	D		14	Y	3	3263904	9547
222066559	65545337	2	393	95(a)	1	166915376	28	N	3		9178
222066560	65545337	3	393	95(f)	1	166915376	28	N	3		9180
222066561	65545337	4	393	43	2	166915377	16	Y	3	3263904	9279
222066562	65545340	1	393	9(a)	1	166915380	20	N	3		9172
222066563	65545348	1	396	3(a)(1)	1	166915391	30				9203
222066564	65545349	1	392	9b(a)	1	166915393	30	N	3		396447
222066565	65545349	2	393	75A	1	166915393	23	Y	3	3264051	8494
222066566	65545349	3	393	75A	1	166915393	23	Y	3	3264051	8494
222066567	65545349	4	393	95(a)	1	166915393	28	N	3		9178
222066568	65545351	1	393	60(c)	1	166915396	26	N	3		257571
222066569	65545353	1	392	2-SLLEWA2	D		47	N	3		390250
222066570	65545354	1	392	2	D		47	N	3		390281
222066571	65545354	2	390	21(b)	1	166915401	30	N	3		9426
222066572	65545363	1	393	9(a)	1	166915416	20	N	3		283327
222066574	65545367	1	393	25(f)	2	166915424	20	N	3		9271
222066575	65545367	2	393	9(a)	2	166915424	20	Y	3	3264008	283327
222066576	65545370	1	383	23(a)(2)	D		14	Y	3	3264054	9547
222066577	65545370	2	391	41(a)-F	D		1	Y	3	3264054	393832
222066578	65545370	3	392	2RG	1	166915428	30	N	3		385705
222066579	65545371	1	392	2MI	D		14	N	3		385703
222066580	65545371	2	395	8(a)	D		3	Y	3	3263871	254677
222066581	65545376	1	392	2MI	D		14	N	3		385703
222066585	65545383	1	392	2	D		47	N	3		390266
222066586	65545383	2	392	2	D		47	N	3		390241
222066587	65545383	3	393	47(e)	1	166915448	15	N	3		257965
222066588	65545383	4	396	3(a)(1)	1	166915448	30	Y	3	3264012	9203
222066589	65545383	5	396	3(a)(1)	1	166915448	15	Y	3	3264012	383183
222066590	65545383	6	396	5(b)	1	166915448	30	N	3		9211
222066591	65545383	7	393	201(a)	2	166915449	19	Y	3	3264012	9445
222066592	65545383	8	393	207(c)	2	166915449	22	Y	3	3264012	9328
222066593	65545383	9	393	47(e)	2	166915449	15	N	3		257965
222066594	65545383	10	393	47(e)	2	166915449	15	N	3		257965
222066595	65545383	11	393	47(e)	2	166915449	15	N	3		257965
222066596	65545383	12	393	47(e)	2	166915449	15	N	3		257965
222066597	65545384	1	393	47(e)	2	166915451	15	N	3		257965
222066601	65545387	1	392	2	D		14	N	3		8496
222066602	65545392	1	393	9(a)	1	166915462	20	N	3		9183
222066603	65545396	1	396	17(c)	1	166915468	29	N	3		9202
222066604	65545401	1	392	2FT	D		14	N	3		385699
222066605	65545401	2	393	30	1	166915477	30	N	3		9274
222066606	65545401	3	396	3(a)(1)	1	166915477	30	N	3		9203
222066607	65545402	1	392	2FT	D		14	N	3		385699
222066608	65545402	2	396	17(c)	1	166915478	29	N	3		9202
222066609	65545404	1	393	23	2	166915481	20	Y	3	3264063	396337
222066610	65545406	1	393	95(a)	1	166915484	28	N	3		9178
222066611	65545406	2	393	95(f)	1	166915484	28	N	3		9180
222066612	65545411	1	393	95(a)	1	166915491	28	N	3		9178
222066613	65545413	1	393	9(a)	1	166915495	20	Y	3	3263801	283327
222066614	65545418	1	391	41(a)	D		1	N	3		9377
222066615	65545418	2	392	2MI	D		14	N	3		385703
222066616	65545418	3	395	8(a)	D		3	Y	3	3263918	254677
222066617	65545418	4	393	95(a)	1	166915501	28	N	3		9178
222066618	65545419	1	383	51(a)-SIN	D		8	Y	3	3263922	393816
222066619	65545419	2	395	8(a)	D		3	N	3		254677
222066620	65545419	3	393	11	1	166915502	20	N	3		9422
222066621	65545419	4	393	205(c)	1	166915502	24	Y	3	3263922	9458
222066622	65545419	5	393	75C	1	166915502	23	N	3		2909
222066623	65545419	6	393	205(c)	2	166915503	24	N	3		9458
222066624	65545421	1	396	17(c)	1	166915505	29	N	3		9202
222066625	65545421	2	393	9(a)	2	166915506	20	Y	3	3263901	283327
222066626	65545423	1	392	2	D		47	N	3		390241
222066627	65545423	2	393	75B-OOS	1	166915509	99	Y	3	3263971	396409
222066628	65545423	3	393	95(a)	1	166915509	28	N	3		9178
222066629	65545423	4	393	95(f)	1	166915509	28	N	3		9180
222066630	65545423	5	396	17(c)	1	166915509	29	N	3		9202
222066631	65545423	6	396	17(c)	2	166915510	29	N	3		9202
222066632	65545423	7	396	3(a)(1)	2	166915510	30	N	3		9203
222066633	65545425	1	393	70(d)(8)	2	166915513	17	Y	3	3263890	257975
222066636	65545432	1	396	5(b)	1	166915524	24	Y	3	3264060	392473
222066637	65545439	1	393	25(f)	1	166915532	20	Y	3	3263857	9271
222066638	65545439	2	393	9(a)	1	166915532	20	N	3		9172
222066639	65545439	3	393	9(a)	1	166915532	20	Y	3	3263857	283327
222066640	65545439	4	393	9(a)	1	166915532	20	Y	3	3263857	283327
222066641	65545439	5	396	17(c)	1	166915532	29	N	3		9202
222066644	65545442	1	393	9(a)	1	166915537	20	N	3		396450
222066645	65545442	2	393	9(a)	1	166915537	20	N	3		283327
222066648	65545444	1	393	95(f)	1	166915540	28	N	3		9180
222066649	65545446	1	393	70(c)	1	166915543	17	Y	3	3263892	9326
222066650	65545448	1	393	75A	1	166915546	23	Y	3	3264023	8494
222066651	65545449	1	393	47(e)	2	166915549	15	N	3		257965
222066653	65545455	1	392	2	D		14	N	3		8496
222066654	65545455	2	392	2	D		14	N	3		8496
222066655	65545456	1	390	21(b)	1	166915559	30	N	3		9426
222066656	65545456	2	396	17(c)	1	166915559	29	N	3		9202
222066657	65545456	3	393	25(f)	2	166915560	20	N	3		9271
222066658	65545456	4	393	43(d)	2	166915560	16	Y	3	3263859	9281
222066659	65545456	5	393	48(a)	2	166915560	16	N	3		9288
222066660	65545456	6	393	48(a)	2	166915560	16	N	3		9288
222066661	65545456	7	393	48(a)	2	166915560	16	N	3		9288
222066662	65545456	8	393	48(a)	2	166915560	16	N	3		9288
222066663	65545456	9	393	9(a)	2	166915560	20	Y	3	3263859	283327
222066664	65545456	10	396	17(c)	2	166915560	29	N	3		9202
222066665	65545456	11	396	3(a)(1)	2	166915560	30	N	3		9203
222066666	65545456	12	396	3(a)(1)	2	166915560	15	Y	3	3263859	383183
222066669	65545459	1	392	2	D		14	N	3		8496
222066670	65545459	2	393	25(f)	1	166915564	20	N	3		9271
222066671	65545459	3	393	9(a)	1	166915564	20	N	3		283327
222066672	65545464	1	393	9(a)	1	166915572	20	N	3		9172
222066673	65545465	1	396	17(c)	1	166915573	29	N	3		9202
222066674	65545470	1	393	75C	1	166915580	23	N	3		2909
222066675	65545470	2	393	75C-OOS	1	166915580	99	Y	3	3263992	396408
222066676	65545471	1	393	95(a)	1	166915581	28	N	3		9178
222066677	65545471	2	396	17(c)	1	166915581	29	N	3		9202
222066678	65545471	3	396	3(a)(1)	1	166915581	30	N	3		9203
222066679	65545471	4	396	3(a)(1)	1	166915581	30	N	3		9203
222066680	65545473	1	393	205(c)	2	166915585	24	N	3		9458
222066681	65545473	2	393	205(c)	2	166915585	24	N	3		9458
222066682	65545473	3	393	75C	2	166915585	23	N	3		2909
222066683	65545475	1	393	207(f)	1	166915587	22	N	3		9263
222066684	65545475	2	393	48(a)	1	166915587	16	N	3		9288
222066685	65545475	3	393	9(a)	1	166915587	20	Y	3	3264032	283327
222066686	65545480	1	396	3A1T	2	166915596	23	N	3		9209
222066687	65545486	1	390	21(a)	1	166915604	30	N	3		9566
222066688	65545486	2	393	25(f)	1	166915604	20	N	3		9271
222066689	65545486	3	393	51	1	166915604	16	Y	3	3263947	9294
222066690	65545486	4	393	75(a)(1)	1	166915604	23	Y	3	3263947	9332
222066691	65545486	5	393	75C-OOS	1	166915604	99	Y	3	3263947	396408
222066692	65545486	6	393	75C-OOS	1	166915604	99	Y	3	3263947	396408
222066693	65545486	7	393	9(a)	1	166915604	20	N	3		283327
222066694	65545486	8	396	17(c)	1	166915604	29	N	3		9202
222066695	65545486	9	393	25(f)	2	166915605	20	N	3		9271
222066696	65545487	1	383	23(a)(2)	D		14	Y	3	3263983	9547
222066697	65545487	2	391	41(a)	D		1	N	3		9377
222066698	65545487	3	392	2FT	D		14	N	3		385699
222066699	65545487	4	393	95(a)	1	166915606	28	N	3		9178
222066700	65545487	5	393	95(f)	1	166915606	28	N	3		9180
222066701	65545487	6	396	17(c)	1	166915606	29	N	3		9202
222066702	65545487	7	393	43(d)	2	166915607	16	Y	3	3263983	9281
222066703	65545487	8	396	17(c)	2	166915607	29	N	3		9202
222066704	65545488	1	393	25(f)	2	166915609	20	N	3		9271
222066705	65545489	1	393	75(a)(3)	2	166915611	23	Y	3	3264005	9334
222066706	65545495	1	393	100(b)	1	166915621	25	Y	3	3264084	254958
222066707	65545496	1	393	95(a)	1	166915622	28	N	3		9178
222066708	65545497	1	392	2MI	D		14	N	3		385703
222066709	65545499	1	383	23(a)(2)	D		14	Y	3	3263873	9547
222066710	65545501	1	396	5(b)	1	166915628	30	N	3		9211
222066711	65545501	2	396	3(a)(1)	2	166915629	30	N	3		9203
222066712	65545504	1	393	47(e)	1	166915632	15	N	3		257965
222066713	65545505	1	393	47(e)	1	166915633	15	N	3		257965
222066714	65545505	2	393	47(e)	1	166915633	15	N	3		257965
222066715	65545505	3	396	3(a)(1)	1	166915633	15	Y	3	3263987	383183
222066716	65545506	1	393	100(a)	1	166915634	25	Y	3	3263990	9417
222066717	65545507	1	393	110	2	166915636	25	Y	3	3263991	3536
222066718	65545507	2	393	75(a)(3)	2	166915636	23	Y	3	3263991	9334
222066719	65545512	1	390	21(b)	1	166915643	30	N	3		9426
222066721	65545516	1	393	100(b)	1	166915648	25	Y	3	3263875	254958
222066723	65545523	1	392	2FT	D		14	N	3		385699
222066724	65545523	2	393	9(a)	1	166915659	20	N	3		9183
222066725	65545523	3	393	95(a)	1	166915659	28	N	3		9178
222066726	65545523	4	393	95(f)	1	166915659	28	N	3		9180
222066727	65545525	1	392	82(a)(1)	D		14	N	3		392492
222066728	65545526	1	391	11(b)(1)	D		14	Y	3	3263994	9371
222066729	65545527	1	396	3(a)(1)	1	166915665	30	N	3		9203
222066730	65545530	1	390	21(b)	1	166915669	30	N	3		9426
222066731	65545530	2	393	9(a)	1	166915669	20	N	3		283327
222066733	65545537	1	392	2LV	D		14	N	3		385702
222066734	65545539	1	392	2	D		14	N	3		8496
222066737	65545545	1	392	2FT	D		14	N	3		385699
222066738	65545545	2	390	21(b)	1	166915695	30	N	3		9426
222066739	65545545	3	393	75A	1	166915695	23	Y	3	3264150	8494
222066740	65545545	4	393	9(a)	1	166915695	20	N	3		9172
222066741	65545545	5	396	3(a)(1)	1	166915695	30	N	3		9203
222066742	65545545	6	396	5(b)	1	166915695	24	N	3		392472
222066743	65545547	1	393	9(a)	2	166915698	20	N	3		9172
222066744	65545547	2	393	9(a)	2	166915698	20	Y	3	3264117	283327
222066745	65545547	3	396	3A1T	2	166915698	23	N	3		9209
222066746	65545549	1	392	2LV	D		14	N	3		385702
222066747	65545550	1	393	9(a)	1	166915702	20	N	3		9172
222066748	65545551	1	393	51	1	166915704	16	N	3		9294
222066749	65545551	2	393	95(f)	1	166915704	28	N	3		9180
222066750	65545554	1	393	75A	1	166915708	23	Y	3	3264110	8494
222066751	65545554	2	393	9(a)	2	166915709	20	Y	3	3264110	283327
222066752	65545555	1	396	17(c)	1	166915710	29	N	3		9202
222066753	65545556	1	396	3(a)(1)	1	166915711	15	Y	3	3264152	383183
222066754	65545557	1	392	2	D		14	N	3		8496
222066757	65545563	1	395	8(a)(1)	D		3	Y	3	3263946	396451
222066758	65545569	1	392	2	D		14	N	3		8496
222066759	65545569	2	392	2	D		47	N	3		390266
222066760	65545569	3	393	205(a)	1	166915733	24	N	3		9456
222066761	65545569	4	393	9(a)	1	166915733	20	N	3		283327
222066762	65545569	5	393	75A	2	166915734	23	Y	3	3264113	8494
222066763	65545569	6	393	9(a)	2	166915734	20	Y	3	3264113	283327
222066764	65545569	7	393	9(a)	2	166915734	20	Y	3	3264113	283327
222066765	65545574	1	107	620(b)	1	166915741	39	N	3		8488
222066780	65545577	1	393	9(a)	1	166915745	20	N	3		396450
222066781	65545577	2	393	9(a)	1	166915745	20	N	3		283327
222066782	65545581	1	393	104(a)	1	166915751	25	N	3		9420
222066783	65545581	2	393	128	1	166915751	25	Y	3	3264130	3554
222066784	65545581	3	396	5(b)	1	166915751	24	Y	3	3264130	392472
222066785	65545581	4	393	104(a)	2	166915752	25	N	3		9420
222066786	65545581	5	393	23	2	166915752	20	Y	3	3264130	396337
222066787	65545587	1	392	2LV	D		14	N	3		385702
222066790	65545600	1	383	51(a)-NSOUT	D		8	Y	3	3264098	393815
222066791	65545600	2	392	2MI	D		14	N	3		385703
222066792	65545600	3	392	2MI	D		14	N	3		385703
222066793	65545600	4	395	8(a)(1)	D		3	Y	3	3264098	396451
222066794	65545600	5	396	17(c)	1	166915782	29	N	3		9202
222066795	65545600	6	396	17(c)	2	166915783	29	N	3		9202
222066796	65545601	1	395	22(g)	D		7	N	3		396435
222066797	65545604	1	393	25(f)	2	166915790	20	Y	3	3264169	9271
222066798	65545604	2	393	9(a)	2	166915790	20	Y	3	3264169	283327
222066812	65545610	1	392	2LV	D		14	N	3		385702
222066813	65545612	1	393	60(d)	1	166915801	26	N	3		9308
222066814	65545612	2	396	17(c)	1	166915801	29	N	3		9202
222066815	65545612	3	393	75C	2	166915802	23	N	3		2909
222066816	65545612	4	396	17(c)	2	166915802	29	N	3		9202
222066817	65545617	1	393	75A	1	166915811	23	Y	3	3264202	8494
222066818	65545621	1	393	95(a)	1	166915818	28	N	3		9178
222066819	65545621	2	396	17(c)	1	166915818	29	N	3		9202
222066820	65545622	1	391	15(a)-SIN	D		8	Y	3	3264133	393830
222066821	65545622	2	390	21(a)	1	166915819	30	N	3		9566
222066822	65545622	3	396	17(c)	1	166915819	29	N	3		9202
222066823	65545622	4	393	25(f)	2	166915820	20	N	3		9271
222066824	65545622	5	393	43	2	166915820	16	Y	3	3264133	9279
222066825	65545622	6	393	9(a)	2	166915820	20	Y	3	3264133	283327
222066826	65545622	7	393	9(a)	2	166915820	20	Y	3	3264133	283327
222066827	65545628	1	392	2	D		47	N	3		390281
222066828	65545628	2	395	8(a)(1)	D		3	Y	3	3264204	396451
222066842	65545641	1	395	8(a)	D		3	Y	3	3264205	254677
222066843	65545643	1	396	3(a)(1)	1	166915860	30	Y	3		9203
222066852	65545650	1	392	2-SLLS4	D		45	N	3		390240
222066853	65545650	2	392	2C	D		40	N	3		9389
222066854	65545650	3	392	2LV	D		14	N	3		385702
222066867	65545657	1	392	2LV	D		14	N	3		385702
222066868	65545659	1	392	2	D		14	N	3		8496
222066869	65545662	1	392	2-SLLS4	D		45	N	3		390240
222066870	65545662	2	392	2C	D		40	N	3		9389
222066871	65545663	1	392	2LV	D		14	N	3		385702
222066872	65545663	2	393	25(f)	2	166915913	20	Y	3	3264181	9271
222066885	65545672	1	392	2LV	D		14	N	3		385702
222066886	65545672	2	395	8(a)(1)	D		3	Y	3	3264182	396451
222066887	65545673	1	392	2LV	D		14	N	3		385702
222066888	65545676	1	392	2LV	D		14	N	3		385702
222066898	65545680	1	395	15G02	D		7	N	3		396190
222066900	65545682	1	392	2FT	D		14	N	3		385699
222066901	65545683	1	383	51(a)-SIN	D		8	Y	3	3264144	393816
222066902	65545683	2	383	71(h)	D		14	N	3		396336
222066903	65545683	3	395	22(g)	D		7	N	3		396435
222066904	65545683	4	395	8E	D		2	Y	3	3264144	253692
222066905	65545683	5	392	2IN	1	166915971	30	N	3		385700
222066906	65545683	6	396	17(c)	1	166915971	29	N	3		9202
222066907	65545683	7	392	2RG	2	166915970	30	N	3		385705
222066908	65545683	8	393	104(b)	2	166915970	25	Y	3	3264144	10044
222066909	65545683	9	393	75C	2	166915970	23	N	3		2909
222066910	65545683	10	393	9(a)	2	166915970	20	N	3		9172
222066911	65545683	11	393	9(a)	2	166915970	20	N	3		9172
222066912	65545683	12	396	17(c)	2	166915970	29	N	3		9202
222066913	65545685	1	395	8(a)(1)	D		3	Y	3	3264187	396451
222066914	65545685	2	392	2RG	1	166915974	30	N	3		385705
222066915	65545685	3	396	17(c)	1	166915974	29	N	3		9202
222066916	65545685	4	396	3(a)(1)	1	166915974	30	Y	3	3264187	9203
222066917	65545685	5	393	45(b)(2)	2	166915975	16	Y	3	3264187	392461
222066926	65545688	1	393	25(f)	1	166915984	20	N	3		9271
222066927	65545688	2	393	48(a)	1	166915984	16	Y	3	3263880	9288
222066928	65545688	3	393	9(a)	1	166915984	20	Y	3	3263880	283327
222066929	65545690	1	392	2	D		14	N	3		8496
222066930	65545690	2	393	75(a)(3)	1	166915987	23	Y	3	3264148	9334
222066931	65545695	1	393	75A	1	166915996	23	Y	3	3264192	8494
222066932	65545695	2	393	9(a)	2	166915997	20	N	3		9172
222066977	65545697	1	392	2FT	D		14	N	3		385699
222066978	65545697	2	392	2RG	1	166916052	30	N	3		385705
222066979	65545697	3	392	2RG	1	166916052	30	N	3		385705
222066980	65545697	4	393	95(f)	1	166916052	28	N	3		9180
222066984	65545704	1	392	2-SLLEWG1	D		47	N	3		390249
222066985	65545704	2	392	2	D		47	N	3		390241
222066986	65545708	1	392	16	D		11	N	3		9386
222066987	65545708	2	390	21(b)	1	166916070	30	N	3		9426
222066988	65545708	3	393	9(a)	1	166916070	20	N	3		9172
222066989	65545708	4	396	17(c)	1	166916070	29	N	3		9202
222066990	65545708	5	393	75A	2	166916071	23	Y	3	3264274	8494
222066991	65545708	6	393	75C	2	166916071	23	N	3		2909
222067002	65545715	1	392	2-SLLEWA1	D		47	N	3		390260
222067003	65545715	2	392	2	D		47	N	3		390281
222067004	65545715	3	395	8F01	D		3	N	3		396252
222067005	65545715	4	395	8K2	D		3	Y	3	3264232	9198
222067006	65545719	1	393	9(a)	1	166916088	20	N	3		9182
222067007	65545719	2	393	9(a)	1	166916088	20	N	3		283327
222067008	65545722	1	393	75A	2	166916094	23	Y	3	3264221	8494
222067009	65545724	1	393	205(c)	1	166916096	24	N	3		9458
222067010	65545724	2	393	47(e)	1	166916096	15	N	3		257965
222067011	65545724	3	393	47(e)	1	166916096	15	N	3		257965
222067012	65545724	4	393	47(e)	1	166916096	15	N	3		257965
222067013	65545724	5	393	9(a)	1	166916096	20	N	3		9172
222067014	65545724	6	396	3(a)(1)	1	166916096	15	Y	3	3264303	383183
222067015	65545727	1	391	15(a)-NSIN	D		8	Y	3	3264345	393828
222067016	65545727	2	391	41(a)-F	D		1	N	3		393832
222067017	65545727	3	393	9(a)	1	166916101	20	N	3		283327
222067018	65545727	4	393	95(b)	1	166916101	28	N	3		257980
222067019	65545727	5	393	95(f)	1	166916101	28	N	3		9180
222067020	65545729	1	393	60(d)	1	166916103	26	N	3		9308
222067021	65545730	1	383	23(a)(2)	D		14	Y	3	3264307	9547
222067022	65545734	1	393	203(c)	1	166916109	30	N	3		9453
222067023	65545739	1	393	47(e)	2	166916118	15	N	3		257965
222067024	65545739	2	396	3(a)(1)	2	166916118	15	Y	3	3264305	383183
222067025	65545740	1	396	5(b)	1	166916119	24	Y	3	3264306	392473
222067026	65545745	1	392	82(a)(1)	D		14	N	3		392492
222067027	65545745	2	393	25(f)	1	166916127	20	Y	3	3264350	9271
222067028	65545745	3	393	9(a)	1	166916127	20	Y	3	3264350	283327
222067029	65545747	1	392	2FT	D		14	N	3		385699
222067030	65545747	2	390	21(b)	1	166916130	30	N	3		9426
222067031	65545748	1	392	2MI	D		14	N	3		385703
222067032	65545749	1	392	2FT	D		14	N	3		385699
222067033	65545750	1	392	2RG	1	166916134	30	N	3		385705
222067034	65545750	2	393	11	1	166916134	20	N	3		9428
222067035	65545750	3	393	95(a)	1	166916134	28	N	3		9178
222067036	65545750	4	393	11	2	166916135	20	N	3		9422
222067037	65545750	5	393	75C	2	166916135	23	N	3		2909
222067038	65545750	6	393	9(a)	2	166916135	20	N	3		9172
222067039	65545751	1	393	9(a)	1	166916136	20	N	3		9182
222067040	65545751	2	393	9(a)	1	166916136	20	N	3		283327
222067041	65545751	3	393	95(a)	1	166916136	28	N	3		9178
222067042	65545758	1	383	23(a)(2)	D		14	Y	3	3264309	9547
222067043	65545758	2	391	41(a)-F	D		1	Y	3	3264309	393832
222067045	65545763	1	393	25(f)	1	166916154	20	Y	3	3264239	9271
222067048	65545765	1	393	9(a)	2	166916158	20	N	3		283327
222067051	65545773	1	383	51(a)-SIN	D		8	Y	3	3264250	393816
222067052	65545773	2	393	25(f)	1	166916171	20	N	3		9271
222067053	65545773	3	393	9(a)	1	166916171	20	N	3		9183
222067054	65545773	4	393	9(a)	1	166916171	20	N	3		283327
222067060	65545776	1	393	9(a)	2	166916178	20	Y	3	3264312	9172
222067061	65545786	1	391	41(a)	D		1	N	3		9377
222067062	65545788	1	393	9(a)	1	166916195	20	Y	3	3264314	283327
222067063	65545788	2	396	17(c)	1	166916195	29	N	3		9202
222067064	65545789	1	396	3(a)(1)	1	166916196	30	N	3		9203
222067065	65545790	1	393	9(a)	1	166916198	20	Y	3	3264316	283327
222067067	65545794	1	393	75(a)(3)	1	166916205	23	Y	3	3264359	9334
222067068	65545794	2	393	81	1	166916205	30	N	3		9350
222067069	65545798	1	393	75C	2	166916211	23	N	3		2909
222067070	65545798	2	393	75C-OOS	2	166916211	99	Y	3	3264246	396408
222067071	65545798	3	393	75C-OOS	2	166916211	99	N	3		396408
222067072	65545803	1	390	21(b)	1	166916217	30	N	3		9426
222067073	65545803	2	393	25(f)	1	166916217	20	N	3		9271
222067074	65545803	3	393	51	1	166916217	16	Y	3	3263869	9294
222067075	65545803	4	393	9(a)	1	166916217	20	Y	3	3263869	283327
222067076	65545809	1	392	2MI	D		14	N	3		385703
222067087	65545815	1	392	9(a)(2)	2	166916242	25	Y	3	3264282	9413
222067088	65545816	1	392	2	D		47	N	3		390266
222067089	65545816	2	393	75A	2	166916244	23	Y	3	3264283	8494
222067090	65545816	3	393	75A	2	166916244	23	Y	3	3264283	8494
222067091	65545816	4	393	75(a)(3)	2	166916244	23	Y	3	3264283	9334
222067092	65545819	1	391	41(a)-F	D		1	N	3		393832
222067093	65545819	2	393	95(b)	1	166916248	28	N	3		257980
222067094	65545819	3	393	95(f)	1	166916248	28	N	3		9180
222067095	65545819	4	393	25(f)	2	166916249	20	N	3		9271
222067096	65545819	5	393	9(a)	2	166916249	20	Y	3	3264302	283327
222067097	65545820	1	393	9(a)	1	166916250	20	N	3		9172
222067105	65545830	1	107	620(b)	1	166916267	39	N	3		8488
222067106	65545830	2	393	81	1	166916267	30	N	3		9350
222067107	65545834	1	392	2	D		14	N	3		8496
222067108	65545839	1	393	43	2	166916282	16	Y	3	3264365	9279
222067109	65545841	1	393	9(a)	1	166916285	20	N	3		283327
222067110	65545841	2	393	47(e)	2	166916286	15	N	3		257965
222067116	65545844	1	393	25(f)	1	166916296	20	N	3		9271
222067117	65545844	2	393	78	1	166916296	26	N	3		9347
222067118	65545844	3	393	25(f)	2	166916297	20	Y	3	3264260	9271
222067119	65545847	1	383	23(a)(2)	D		14	Y	3	3264287	9547
222067120	65545847	2	390	21(a)	1	166916302	30	N	3		9566
222067121	65545847	3	393	100(a)	1	166916302	25	Y	3	3264287	9417
222067122	65545847	4	393	48(a)	1	166916302	16	Y	3	3264287	9288
222067123	65545847	5	396	17(c)	1	166916302	29	N	3		9202
222067124	65545847	6	396	3(a)(1)	1	166916302	15	Y	3	3264287	383183
222067125	65545853	1	396	3(a)(1)	1	166916310	30	Y	3	3264245	9203
222067126	65545857	1	393	9(a)	4	166916318	20	Y	3	3264369	283327
222067127	65545858	1	383	23(a)(2)	D		14	Y	3	3264361	9547
222067128	65545858	2	392	2-SLLEWA1	D		47	N	3		390260
222067129	65545858	3	392	2	D		47	N	3		390281
222067130	65545858	4	392	2FT	D		14	N	3		385699
222067131	65545858	5	393	9(a)	1	166916319	20	N	3		9172
222067141	65545862	1	393	201(a)	1	166916331	19	Y	3	3264223	9445
222067142	65545862	2	393	75A	2	166916332	23	Y	3	3264223	8494
222067143	65545862	3	393	75C	2	166916332	23	Y	3	3264223	2909
222067144	65545862	4	393	75C	2	166916332	23	N	3		2909
222067145	65545862	5	393	9(a)	2	166916332	20	N	3		9172
222067146	65545865	1	393	104(b)	2	166916337	25	N	3		10044
222067147	65545868	1	391	45(b)	D		1	N	3		8487
222067148	65545868	2	393	75A	2	166916343	23	Y	3	3264331	8494
222067149	65545869	1	393	47(e)	2	166916345	15	N	3		257965
222067150	65545870	1	393	25(f)	1	166916346	20	Y	3	3264332	9271
222067151	65545870	2	393	78	1	166916346	26	N	3		9347
222067152	65545870	3	393	9(a)	1	166916346	20	Y	3	3264332	283327
222067153	65545870	4	393	9(a)	1	166916346	20	Y	3	3264332	283327
222067154	65545873	1	392	2-SLLEWA2	D		47	N	3		390250
222067159	65545875	1	393	9(a)	1	166916356	20	Y	3	3264213	9172
222067160	65545876	1	393	95(a)	1	166916357	28	N	3		9178
222067161	65545876	2	393	75(a)(3)	2	166916358	23	Y	3	3264214	9334
222067162	65545878	1	393	95(a)	1	166916360	28	N	3		9178
222067163	65545878	2	393	104(b)	2	166916361	25	Y	3	3264264	10044
222067164	65545879	1	396	17(c)	1	166916362	29	N	3		9202
222067165	65545879	2	396	17(c)	2	166916363	29	N	3		9202
222067166	65545880	1	393	9(a)	1	166916364	20	N	3		283327
222067167	65545883	1	395	8(a)(1)	D		3	Y	3	3264294	396451
222067168	65545883	2	393	47(e)	2	166916370	15	N	3		257965
222067169	65545883	3	393	47(e)	2	166916370	15	N	3		257965
222067170	65545883	4	393	47(e)	2	166916370	15	N	3		257965
222067171	65545883	5	396	3(a)(1)	2	166916370	15	Y	3	3264294	383183
222067172	65545884	1	392	2	D		14	N	3		8496
222067173	65545887	1	393	9(a)	1	166916377	20	N	3		9172
222067174	65545900	1	392	2-SLLEWA1	D		47	N	3		390260
222067175	65545901	1	383	23(a)(2)	D		14	Y	3	3264295	9547
222067176	65545901	2	391	41(a)	D		1	N	3		9377
222067177	65545901	3	392	2	D		14	N	3		8496
222067178	65545901	4	392	2FT	D		14	N	3		385699
222067179	65545901	5	393	75(a)(2)	1	166916398	23	Y	3	3264295	9333
222067180	65545901	6	393	95(a)	1	166916398	28	N	3		9178
222067181	65545901	7	393	95(f)	1	166916398	28	N	3		9180
222067182	65545901	8	396	17(c)	1	166916398	29	N	3		9202
222067183	65545902	1	396	17(c)	1	166916399	29	N	3		9202
222067184	65545908	1	392	2LV	D		14	N	3		385702
222067185	65545910	1	393	9(a)	1	166916410	20	N	3		283327
222067186	65545910	2	393	100(a)	2	166916411	25	Y	3	3264378	9417
222067187	65545911	1	392	16	D		11	N	3		9386
222067188	65545911	2	392	2-SLLS3	D		45	N	3		390248
222067190	65545916	1	395	8F01	D		3	N	3		396252
222067191	65545916	2	393	9(a)	1	166916419	20	N	3		9183
222067192	65545916	3	393	9(a)	1	166916419	20	N	3		283327
222067193	65545921	1	392	2	D		47	N	3		390266
222067194	65545922	1	393	205(c)	1	166916429	24	Y	3	3264279	9458
222067204	65545934	1	393	95(a)	1	166916448	28	N	3		9178
222067207	65545949	1	383	51(a)-SIN	D		8	Y	3	3264382	393816
222067208	65545949	2	392	2	D		47	N	3		390241
222067209	65545950	1	383	23(a)(2)	D		14	Y	3	3264299	9547
222067210	65545950	2	391	45(b)	D		1	N	3		8487
222067211	65545950	3	396	17(c)	1	166916473	29	N	3		9202
222067212	65545956	1	393	25(f)	1	166916482	20	N	3		9271
222067213	65545956	2	393	9(a)	1	166916482	20	N	3		283327
222067214	65545961	1	393	9(a)	1	166916490	20	N	3		9183
222067215	65545965	1	392	2-SLLEWA1	D		47	N	3		390260
222067216	65545965	2	395	8(a)(1)	D		3	Y	3	3264340	396451
222067217	65545965	3	393	207(f)	1	166916496	22	N	3		9263
222067218	65545967	1	396	17(c)	1	166916499	29	N	3		9202
222067219	65545967	2	393	106(d)	2	166916500	25	Y	3	3264383	3534
222067220	65545967	3	393	25(f)	2	166916500	20	N	3		9271
222067221	65545967	4	393	9(a)	2	166916500	20	N	3		9172
222067222	65545968	1	393	9(a)	1	166916501	20	N	3		9172
222067223	65545970	1	393	75C	1	166916503	23	N	3		2909
222067224	65545970	2	396	3A1T	1	166916503	23	N	3		9209
222067232	65545973	1	393	75(a)(3)	1	166916528	23	Y	99		9334
222067233	65545973	2	393	75(a)(3)	1	166916528	23	Y	99		9334
222067234	65545974	1	393	75(a)(3)	2	166916531	23	Y	99		9334
222067235	65545975	1	393	75(a)(3)	2	166916533	23	Y	99		9334
222067236	65545976	1	393	75(a)(3)	2	166916535	23	Y	99		9334
222067248	65545985	1	393	75(a)(3)	2	166916568	23	Y	99		9334
222067249	65545987	1	392	2-SLLS2	D		45	N	3	8560679	390247
222067250	65545988	1	392	2-SLLS2	D		45	N	3	8573580	390247
222067251	65545990	1	392	2FC	D		41	N	3		9390
222067252	65545990	2	390	21(a)	1	166916577	30	N	3		9566
222067256	65545995	1	392	2-SLLS2	D		45	N	3	8573581	390247
222067257	65545996	1	392	2-SLLS2	D		45	N	3	8573582	390247
222067265	65545997	1	392	2-SLLS1	D		45	N	3	VERBAL WARNING.	390251
222067266	65545997	2	392	2	1	166916608	14	N	3		8496
222067267	65546002	1	392	2-SLLS3	D		45	N	3	8547016	390248
222067268	65546004	1	383	23(a)(2)	D		14	Y	3		9547
222067269	65546005	1	393	95(a)	1	166916639	28	N	3		9178
222067270	65546010	1	393	9(a)	2	166916662	20	Y	99	8525087	283327
222067271	65546011	1	392	2-SLLS2	D		45	N	3	85250884	390247
222067272	65546021	1	392	2-SLLSWZ	D		45	N	3	85250892	390297
222067273	65546021	2	395	8F01	D		3	N	3	85250918	396252
222067274	65546021	3	393	9(a)	1	166916689	20	N	3		9182
222067275	65546021	4	393	25(f)	2	166916690	20	Y	99	85250900	9271
222067279	65546025	1	391	11(b)(5)-DNL	D		14	Y	3		393827
222067280	65546025	2	391	41(a)-F	D		1	N	3		393832
222067281	65546025	3	390	21(b)	1	166916700	30	N	3		9426
222067282	65546025	4	393	43	2	166916699	16	Y	99		9279
222067283	65546025	5	392	9b(a)	1	166916700	30	N	3		396080
222067285	65546038	1	393	78	1	166916721	26	N	3		9347
222067286	65546038	2	395	15G01	D		7	N	3		396254
222067287	65546039	1	393	9(a)	1	166916723	20	N	3		9182
222067288	65546039	2	393	83(g)	1	166916723	27	N	3		8497
222067289	65546041	1	393	47(e)	2	166916726	15	N	3		257965
222067290	65546044	1	392	2RG	2	166916734	30	N	3		385705
222067291	65546054	1	393	9(a)	1	166916752	20	N	3		9172
222067292	65546054	2	393	9(a)	1	166916752	20	N	3	8518256	283327
222067293	65546054	3	393	19	1	166916752	20	N	3		9443
222067294	65546057	1	392	9(a)(2)	1	166916758	25	Y	99		9413
222067295	65546058	1	393	95(a)	1	166916760	28	N	3		9178
222067296	65546058	2	393	9(a)	1	166916760	20	N	3		9182
222067297	65546058	3	393	9(a)	1	166916760	20	N	3		9172
222067298	65546058	4	393	9(a)	2	166916761	20	N	3		9172
222067299	65546060	1	393	207(f)	2	166916765	22	N	3		9263
222067302	65546065	1	392	2	1	166916773	14	N	3		8496
222067303	65546065	2	395	8	D		7	N	3		9194
222067304	65546066	1	393	75C	2	166916776	23	N	3		2909
222067305	65546066	2	395	24(c)(2)(ii)	D		50	N	3		396426
222067306	65546066	3	395	24(c)(2)(iii)	D		50	N	3		396427
222067307	65546070	1	392	2RG	2	166916784	30	N	3		385705
222067308	65546071	1	393	9(a)	1	166916785	20	N	3		9172
222067309	65546071	2	393	9(a)	1	166916785	20	N	3	VW	283327
222067310	65546071	3	393	19	1	166916785	20	N	3		9443
222067311	65546071	4	393	9(a)	2	166916786	20	N	3		9172
222067312	65546071	5	393	75B-OOS	2	166916786	99	N	3		396409
222067313	65546071	6	392	2RG	2	166916786	30	N	3		385705
222067314	65546072	1	393	9(a)	2	166916788	20	N	3	8518258	9172
222067315	65546072	2	393	75C	2	166916788	23	N	3		2909
222067319	65546074	1	393	43	1	166916793	16	Y	99		9279
222067320	65546074	2	393	75(a)(3)	2	166916794	23	Y	99		9334
222067321	65546080	1	392	2	1	166916802	14	N	3		8496
222067322	65546080	2	393	9(a)	1	166916802	20	N	3		9172
222067323	65546083	1	391	11B2	D		14	N	3		9372
222067324	65546083	2	395	8	D		7	N	3		9194
222067325	65546083	3	395	8	D		7	N	3		9194
222067326	65546085	1	393	45PC	1	166916810	16	Y	99		392459
222067327	65546087	1	392	2RG	2	166916815	30	N	3		385705
222067328	65546088	1	395	15G02	D		7	N	3		396190
222067329	65546100	1	393	9(a)	1	166916840	20	N	3		283327
222067330	65546100	2	393	95(f)	1	166916840	28	N	3		9180
222067331	65546100	3	393	78	1	166916840	26	N	3		9347
222067332	65546100	4	393	9(a)	1	166916840	20	N	3		9172
222067333	65546100	5	393	75(a)(3)	1	166916840	23	Y	99		9334
222067334	65546106	1	395	22(h)(4)	D		7	N	3		396422
222067336	65546110	1	392	2FC	D		41	N	3	8564671	9390
222067337	65546111	1	392	2-SLLS1	D		45	N	3	8564672	390251
222067338	65546112	1	392	2-SLLS1	D		45	N	3	8564673	390251
222067339	65546119	1	395	8F01	D		3	N	3		396252
222067340	65546129	1	392	2-SLLS1	D		45	N	3	8564674	390251
222067341	65546130	1	392	2C	D		40	N	3	8564675	9389
222067342	65546134	1	393	25(f)	2	166916906	20	N	3		9271
222067343	65546135	1	393	75A	2	166916908	23	Y	99		8494
222067344	65546135	2	393	75C	2	166916908	23	N	3		2909
222067345	65546139	1	393	75(a)(3)	1	166916914	23	Y	99		9334
222067346	65546139	2	393	25(e)	2	166916915	20	N	3		9270
222067347	65546140	1	393	9(a)	1	166916916	20	N	3		9182
222067354	65546156	1	392	60(a)	D		14	N	3		9405
222067355	65546157	1	393	9(a)	2	166916953	20	N	3		9172
222067356	65546159	1	393	75A	2	166916957	23	Y	99		8494
222067357	65546160	1	393	60(c)	1	166916958	26	N	3		257571
222067360	65546169	1	392	2-SLLS3	D		45	N	3	8569613	390248
222067361	65546169	2	395	8(a)(1)	D		3	Y	3	8569612	396451
222067362	65546170	1	392	82(a)(1)	D		14	N	3		392492
222067363	65546171	1	392	82(a)(1)	D		14	N	3		392492
222067364	65546172	1	393	75(a)(3)	1	166916987	23	Y	99		9334
222067365	65546173	1	393	9(a)	1	166916989	20	N	3		9172
222067366	65546173	2	393	9(a)	2	166916990	20	N	3		9172
222067367	65546175	1	393	75(a)(3)	1	166916993	23	Y	99		9334
222067369	65546181	1	392	2C	D		40	N	3	8549626	9389
222067370	65546182	1	392	2C	D		40	N	3	8549627	9389
222067382	65546184	1	393	9(a)	1	166917021	20	N	3		9172
222067383	65546184	2	393	75(a)(3)	1	166917021	23	Y	99		9334
222067384	65546185	1	393	75(a)(3)	1	166917022	23	Y	99		9334
222067385	65546185	2	393	205(c)	2	166917023	24	N	3		9458
222067386	65546186	1	393	75(a)(2)	2	166917025	23	Y	99		9333
222067387	65546187	1	393	75(a)(3)	1	166917026	23	Y	99		9334
222067389	65546191	1	396	3(a)(1)	1	166917043	30	N	3	VW	9203
222067390	65546191	2	396	3(a)(1)	1	166917043	30	N	3	VW	9203
222067414	65546193	1	393	75(a)(3)	1	166917054	23	Y	99		9334
222067415	65546195	1	393	81	1	166917056	30	N	3		9350
222067416	65546195	2	393	9(a)	1	166917056	20	N	3		9172
222067417	65546198	1	393	19	1	166917060	20	N	3		9443
222067418	65546198	2	393	9(a)	1	166917060	20	N	3		283327
222067419	65546199	1	393	203(e)	1	166917062	19	N	3		9455
222067420	65546199	2	393	25(f)	2	166917063	20	Y	99		9271
222067421	65546199	3	393	75(a)(1)	2	166917063	23	Y	99		9332
222067422	65546199	4	392	2RG	2	166917063	30	N	3		385705
222067430	65546204	1	393	207(b)	2	166917074	22	Y	99		9460
222067451	65546210	1	392	2C	D		40	N	3	W533632	9389
222067480	65546224	1	393	9(a)	1	166917130	20	N	3		9172
222067481	65546224	2	393	130	2	166917131	25	Y	99	W531497	3556
222067486	65529880	1	392	2-SLLS1	D		45	N	3		390251
222067487	65529880	2	393	9(a)	2	166917135	20	Y	99		396450
222067491	65546229	1	392	2RG	D		30	N	3		385705
222067492	65546229	2	396	17(c)	D		29	N	3	W538066	9202
222067511	65546234	1	392	2MI	D		14	N	3	20192370668267	385703
222067512	65546234	2	395	8E	D		2	N	3		253692
222067513	65546234	3	395	8	D		7	N	3		9194
222067514	65546234	4	395	8	D		7	N	3		9194
222067517	65546237	1	392	9(a)(2)	2	166917163	25	Y	99		9413
222067518	65546238	1	396	17(c)	2	166917165	29	N	3	W	9202
222067519	65546238	2	395	22(h)(2)	D		7	N	3		396436
222067520	65546238	3	395	22(h)(4)	D		7	N	3		396422
222067527	65529740	1	392	2	D		12	N	3		396348
222067528	65529740	2	392	3	D		14	Y	3		9399
222067542	65546249	1	392	2MI	D		14	N	3	20192370669251	385703
222067543	65546249	2	395	8(a)(1)	D		3	Y	3	W539709	396451
222067547	65529707	1	393	9(a)	1	166917193	20	N	3		9172
222067548	65529707	2	393	9(a)	1	166917193	20	N	3		9172
222067549	65529707	3	393	9(a)	1	166917193	20	Y	99		9172
222067550	65529707	4	393	9(a)	1	166917193	20	N	3		9172
222067566	65546258	1	392	2-SLLEWA1	D		47	N	3	W534503	390260
222067568	65546260	1	395	8E	D		2	Y	3		253692
222067569	65546260	2	393	207(f)	1	166917217	22	Y	99	W541230	9263
222067571	65546262	1	396	17(c)	2	166917222	29	N	3	W541230	9202
222067589	65546270	1	392	9(a)(2)	2	166917237	25	Y	99		9413
222067593	65546275	1	392	2RG	D		30	N	3		385705
222067600	65546278	1	392	16	D		11	N	3	20192420777697	9386
222067614	65546283	1	393	95(a)	1	166917262	28	N	3		9178
222067615	65546283	2	393	78	1	166917262	26	N	3		9347
222067616	65546283	3	393	9(a)	2	166917263	20	Y	99		9172
222067617	65546283	4	393	9(a)	2	166917263	20	Y	99		9172
222067618	65546283	5	393	9(a)	2	166917263	20	Y	99		9172
222067619	65546283	6	393	9(a)	2	166917263	20	N	3		9172
222067620	65546283	7	393	9(a)	2	166917263	20	N	3		9172
222067621	65546283	8	393	9(a)	2	166917263	20	N	3		9172
222067649	65546295	1	392	2-SLLS2	D		45	N	3		390247
222067650	65546296	1	392	2-SLLS2	D		45	N	3		390247
222067658	65546300	1	392	2MI	D		14	N	3	W537539	385703
222067675	65546302	1	392	2-SLLEWG1	D		47	N	3	W527203	390249
222067681	65546303	1	392	2-SLLS1	D		45	N	3	WARNING	390251
222067717	65546307	1	392	2LV	D		14	N	3	W540423	385702
222067733	65546311	1	383	51(a)-NSIN	D		8	N	3		393814
222067734	65546311	3	393	95(a)	1	166917358	28	N	3		9178
222067735	65546311	4	393	95(f)	1	166917358	28	N	3		9180
222067736	65546311	5	392	2RG	1	166917358	30	N	3	20192420159082	385705
222067737	65546311	6	392	2RG	1	166917358	30	N	3	20192420159083	385705
222067738	65546311	7	393	9(a)	1	166917358	20	N	3		283327
222067739	65546311	8	393	9(a)	1	166917358	20	N	3		396450
222067740	65546311	9	393	9(a)	1	166917358	20	N	3		9172
222067741	65546311	10	396	5(b)	1	166917358	30	N	3		9211
222067742	65546311	11	393	205(c)	1	166917358	24	Y	99		9458
222067743	65546311	12	393	75C	1	166917358	23	N	3		2909
222067744	65546311	13	393	45(b)(2)	1	166917358	16	N	3		257958
222067745	65546311	14	396	3(a)(1)	1	166917358	30	Y	99		9203
222067746	65546311	15	393	207(a)	2	166917359	22	Y	99		9459
222067747	65546311	16	393	75C	2	166917359	23	N	3		2909
222067748	65546311	17	393	75C	2	166917359	23	Y	99		2909
222067749	65546311	18	393	48(a)	2	166917359	16	N	3		9288
222067750	65546311	19	393	48(a)	2	166917359	16	N	3		9288
222067751	65546311	20	393	48(a)	2	166917359	16	N	3		9288
222067752	65546311	21	393	48(a)	2	166917359	16	N	3		9288
222067753	65546311	22	396	3(a)(1)	2	166917359	15	Y	99	W540620	383183
222067754	65546311	2	393	203(c)	1	166917358	30	N	3		9453
222067755	65546313	1	393	9(a)	1	166917361	20	N	3		9172
222067756	65546313	2	396	17(c)	2	166917362	29	N	3	W540621	9202
222067757	65546313	3	393	9(a)	2	166917362	20	Y	99		283327
222067758	65546313	4	393	9(a)	2	166917362	20	N	3		9172
222067763	65546317	1	392	2C	D		40	N	3	W537873	9389
222067768	65546323	1	392	2LV	D		14	N	3	W540424	385702
222067782	65546324	1	395	8(a)(1)	D		3	Y	3	W533975	396451
222067783	65546324	2	395	3(a)(2)-PROP	D		4	N	3		393840
222067784	65546324	3	395	3(a)(3)-PROP	D		4	N	3		393841
222067785	65546324	4	395	8	D		7	N	3		9194
222067786	65546324	5	395	8	D		7	N	3		9194
222067787	65546324	6	395	8	D		7	N	3		9194
222067788	65546324	7	395	3(a)(3)(ii)	D		7	N	3		395654
222067789	65546324	8	393	60(c)	1	166917389	26	N	3		257571
222067790	65546324	9	393	95(a)	1	166917389	28	N	3		9178
222067791	65546324	10	393	209(b)	1	166917389	21	N	3		9265
222067792	65546324	11	393	209(d)	1	166917389	21	N	3		8493
222067793	65546324	12	393	45(d)	2	166917390	16	N	3		392463
222067794	65546324	13	396	5(b)	2	166917390	30	N	3		9211
222067795	65546324	14	393	47(e)	2	166917390	15	N	3		257965
222067796	65546324	15	393	53(b)	2	166917390	16	N	3		385681
222067797	65546324	16	393	47(e)	2	166917390	15	N	3		257965
222067798	65546324	17	396	3(a)(1)	2	166917390	15	Y	99		383183
222067799	65546325	1	395	22(g)	D		7	N	3		396435
222067800	65546326	1	395	3(a)(2)-PROP	D		4	Y	3		393840
222067802	65546329	1	383	23(a)(2)	D		14	Y	3	20192420159084	9547
222067803	65546329	2	396	17(c)	1	166917398	29	N	3		9202
222067804	65546329	3	393	95(a)	1	166917398	28	N	3		9178
222067805	65546329	4	393	95(f)	1	166917398	28	N	3		9180
222067806	65546329	5	393	205(c)	1	166917398	24	Y	99	W540622	9458
222067807	65546329	6	396	17(c)	2	166917399	29	N	3		9202
222067808	65546329	7	393	43	2	166917399	16	Y	99		9279
222067858	65529852	1	395	22(h)(2)	D		7	N	3		396436
222067863	65546346	1	393	45(b)(2)	1	166917455	16	N	3		257958
222067864	65546346	2	393	55(d)(3)	1	166917455	16	N	3		9304
222067865	65546346	3	393	55(e)	2	166917456	16	N	3		9305
222067866	65546346	4	396	17(c)	2	166917456	29	N	3	W537337	9202
222067867	65546346	5	392	2RG	D		30	N	3	20192420708981	385705
222067868	65546347	1	392	2-SLLEWA1	D		47	N	3	W537338	390260
222067897	65546357	1	393	9(a)	1	166917481	20	N	3		9172
222067898	65546357	2	393	9(a)	1	166917481	20	N	3		9172
222067899	65546357	3	393	9(a)	1	166917481	20	N	3		9172
222067900	65546357	4	393	45(d)	1	166917481	16	N	3		392463
222067901	65546357	5	393	209(d)	1	166917481	21	Y	99		8493
222067902	65546357	6	393	9(a)	2	166917482	20	N	3		9172
222067903	65546358	1	393	9(a)	1	166917483	20	N	3		9172
222067904	65546358	2	393	45(b)(2)	1	166917483	16	N	3		257958
222067920	65546359	1	392	2-SLLEWA2	D		47	N	3	W534417	390250
222067923	65546361	1	396	5(b)	1	166917503	30	N	3		9211
222067924	65546361	2	393	47(a)	1	166917503	16	Y	99		257961
222067925	65546361	3	393	11	2	166917504	20	N	3		9422
222067926	65546361	4	393	9(a)	2	166917504	20	N	3		9172
222067927	65546361	5	392	9(a)	2	166917504	25	Y	99		9411
222067928	65546361	6	393	9(a)	2	166917504	20	N	3		9172
222067940	65546363	1	393	9(a)	1	166917510	20	N	3		283327
222067941	65546364	1	392	2DIM	2	166917513	30	N	3		385697
222067942	65546365	1	393	75G-LOAD	1	166917514	23	Y	99		396403
222067943	65546367	1	392	2-SLLS4	D		45	N	3	E-TICKET	390240
222067946	65546369	1	392	2-SLLS3	D		45	N	3	VERBAL	390248
222067947	65546370	1	392	2-SLLS3	D		45	N	3	VERBAL	390248
222067948	65546371	1	392	2-SLLEWA1	2	166917526	47	N	3		390260
222067949	65546372	1	392	2	D		14	N	3	190557006	8496
222067950	65546376	1	393	9(a)	2	166917534	20	Y	99		283327
222067951	65546376	2	393	9(a)	2	166917534	20	N	3		396450
222067952	65546377	1	392	2-SLLEWA1	1	166917535	47	N	3		390260
222067953	65546379	1	393	60(c)	1	166917538	26	N	3		257571
222067954	65546380	1	393	205(c)	1	166917539	24	N	3		9458
222067955	65546380	2	392	2-SLLEWA2	2	166917540	47	N	3		390250
222067956	65546383	1	392	2-SLLEWA2	2	166917546	47	N	3		390250
222067958	65546385	1	392	2-SLLEWA2	1	166917549	47	N	3		390250
222067959	65546386	1	393	100(a)	2	166917552	25	Y	99		9417
222067960	65546386	2	392	2DIM	2	166917552	30	N	3	190555167	385697
222067961	65546387	1	396	3(a)(1)	2	166917554	15	Y	99		383183
222067962	65546388	1	393	9(a)	1	166917555	20	Y	99		283327
222067963	65546388	2	383	23(a)(2)	D		14	Y	3		9547
222067964	65546388	3	392	2-SLLEWA1	1	166917555	47	N	3		390260
222067965	65546389	1	393	11	1	166917556	20	N	3		9422
222067966	65546389	2	392	2-SLLEWA1	1	166917556	47	N	3		390260
222067967	65546389	3	396	3(a)(1)	1	166917556	30	N	3		9203
222067968	65546396	1	392	2-SLLEWA1	2	166917568	47	N	3		390260
222067969	65546397	1	393	207(f)	2	166917570	22	N	3		9263
222067970	65546401	1	393	75G-LOAD	1	166917577	23	Y	99		396403
222067971	65546401	2	393	9(a)	2	166917578	20	Y	99		9172
222067972	65546402	1	392	2-SLLEWA2	2	166917580	47	N	3		390250
222067973	65546404	1	393	207(b)	2	166917584	22	Y	99		9460
222067974	65546404	2	393	207(a)	2	166917584	22	N	3		9459
222067975	65546404	3	396	3(a)(1)	2	166917584	15	Y	99		383183
222067976	65546404	4	396	3(a)(1)	2	166917584	16	N	3		9204
222067977	65546407	1	392	2DIM	2	166917590	30	N	3	190556296	385697
222067978	65546407	2	393	207(b)	2	166917590	22	Y	99		9460
222067979	65546407	3	393	78	1	166917589	26	N	3		9347
222067980	65546408	1	392	2-SLLEWA2	1	166917591	47	N	3		390250
222067981	65546409	1	392	2-SLLEWA2	2	166917594	47	N	3		390250
222067982	65546410	1	392	2DIM	2	166917596	30	N	3	190531102	385697
222067983	65546411	1	395	15B	D		7	N	3		9185
222067984	65546412	1	395	8K2	D		3	Y	3		9198
222067985	65546415	1	392	2DIM	2	166917606	30	N	3	190-531104	385697
222067986	65546416	1	392	2DIM	2	166917608	30	N	3	190531105	385697
222067987	65546417	1	392	2-SLLEWA1	1	166917609	47	N	3	C032330	390260
222067988	65546418	1	392	2-SLLEWA2	1	166917611	47	N	3	C032331	390250
222067989	65546420	1	392	2-SLLEWA1	2	166917616	47	N	3		390260
222067990	65546422	1	390	21(b)	1	166917618	30	N	3		9426
222067991	65546427	1	392	2DIM	1	166917628	30	N	3	190554015	385697
222067993	65546429	1	392	2WC	2	166917633	30	N	3	!90554016	385707
222067994	65546432	1	393	130	2	166917639	25	Y	99		3556
222067995	65546433	1	395	8F01	D		3	N	3		396252
222067996	65546434	1	392	2PK	D		14	N	3	VERBAL	385704
222067997	65546434	2	395	8F01	D		3	N	3	190535523	396252
222067998	65546440	1	393	48(a)	1	166917653	16	Y	99		9288
222067999	65546443	1	392	2-SLLS3	D		45	N	3	VERBAL	390248
222068000	65546450	1	393	45(d)	2	166917670	16	Y	99		392463
222068001	65546462	2	393	201(a)	2	166917688	19	Y	99	WARNING	9445
222068002	65546463	1	393	75A	1	166917689	23	Y	99	WARNING	8494
222068003	65546463	2	393	47(d)	1	166917689	16	Y	99	E CITE	257964
222068004	65546463	3	396	5(b)	1	166917689	24	Y	99	E CITE	392474
222068005	65546466	1	392	2-SLLEWA2	1	166917695	47	N	3		390250
222068006	65546466	2	393	47(e)	1	166917695	15	N	3		257965
222068007	65546466	3	393	53(b)	1	166917695	16	N	3		385681
222068008	65546466	4	396	3(a)(1)	1	166917695	15	Y	99		383183
222068009	65546466	5	393	48(a)	1	166917695	16	Y	99		9288
222068010	65546466	6	396	5(b)	1	166917695	24	Y	99		392472
222068011	65546466	7	395	8(a)(1)	1	166917695	3	Y	99		396451
222068012	65546467	1	395	8(a)(1)	D		3	Y	3		396452
222068013	65546467	2	391	41(a)-F	D		1	Y	3	ECITE	393832
222068014	65546468	1	395	8(a)(1)	D		3	Y	3		396452
222068015	65546471	1	393	75(a)(3)	2	166917701	23	Y	1		9334
222068016	65546471	2	393	75(a)(3)	2	166917701	23	Y	1		9334
222068017	65546471	3	393	47(d)	1	166917700	16	Y	1		257964
222068018	65546471	4	393	47(d)	1	166917700	16	Y	1	190554591	257964
222068019	65546471	5	393	48(a)	1	166917700	16	Y	1		9288
222068020	65546471	6	396	5(b)	1	166917700	30	N	3		9211
222068021	65546471	7	393	47(d)	1	166917700	16	Y	1		257964
222068022	65546472	1	393	207(f)	1	166917702	22	Y	99		9263
222068023	65546474	1	395	8(a)(1)	D		3	Y	3	ECITE	396451
222068024	65546474	2	391	41(a)-F	D		1	N	3	WARNING	393832
222068025	65546474	3	392	4A-POS	C		99	N	3	317684G	396410
222068026	65546475	1	392	2-SLLS2	D		45	N	3		390247
222068028	65546479	1	393	48(a)	1	166917714	16	Y	99		9288
222068029	65546481	1	396	3(a)(1)	1	166917716	15	Y	99		383183
222068030	65546481	2	393	47(e)	1	166917716	15	N	3		257965
222068031	65546481	3	393	53(b)	1	166917716	16	N	3		385681
222068032	65546481	4	396	5(b)	1	166917716	24	Y	99		392472
222068033	65546481	5	393	47(d)	1	166917716	16	Y	99		257964
222068034	65546481	6	393	70	1	166917716	17	Y	99		9322
222068035	65546481	7	396	5(b)	1	166917716	30	N	3		9211
222068036	65546482	1	392	16	D		11	N	3		9386
222068037	65546482	2	395	22(g)	1	166917718	7	N	3		396435
222068038	65546482	3	396	5(b)	1	166917718	30	N	3		9211
222068039	65546483	1	392	2-SLLEWA1	D		47	N	3		390260
222068040	65546484	1	396	5(b)	1	166917722	30	N	3		9211
222068041	65546484	2	393	47(e)	1	166917722	15	N	3		257965
222068042	65546484	3	393	53(b)	1	166917722	16	N	3		385681
222068043	65546484	4	396	3(a)(1)	1	166917722	15	Y	99		383183
222068045	65546489	2	396	3(a)(1)	2	166917735	30	N	3	WARNING	9203
222068046	65546489	3	396	3(a)(1)	2	166917735	30	Y	99	WARNING	9203
222068047	65546489	1	393	48(a)	1	166917734	16	N	3	WARNING	9288
222068048	65546490	1	393	75A	1	166917736	23	Y	99	WARNING	8494
222068049	65546490	2	393	95(a)	1	166917736	28	N	3	WARNING	9178
222068050	65546490	3	393	47(e)	2	166917737	15	N	3	WARNING	257965
222068051	65546490	4	393	53(b)	2	166917737	16	N	3	WARNING	385681
222068052	65546490	5	393	45(b)(2)	2	166917737	16	N	3	WARNING	257958
222068053	65546490	6	396	3(a)(1)	2	166917737	15	Y	99	190530061	383183
222068054	65546490	7	395	8(a)(1)	D		3	Y	3	WARNING	396451
222068055	65546491	1	392	2DIM	1	166917738	30	N	3	190530062	385697
222068056	65546492	1	392	2RG	1	166917740	30	N	3		385705
222068057	65546492	2	396	3(a)(1)	1	166917740	30	N	3		9203
222068059	65546495	1	392	2-SLLEWA1	2	166917745	47	N	3		390260
222068060	65546499	1	393	75(a)(3)	2	166917750	23	Y	99		9334
222068061	65546500	1	393	9(a)	1	166917751	20	N	3		9172
222068062	65546500	2	393	47(e)	1	166917751	15	N	3		257965
222068063	65546500	3	393	53(b)	1	166917751	16	N	3		385681
222068064	65546500	4	393	45(b)(2)	1	166917751	16	Y	99		392460
222068065	65546500	5	395	3(a)(3)(ii)	D		7	N	3		395654
222068066	65546501	1	392	2-SLLS4	D		45	N	3	190556678	390240
222068070	65546504	1	392	2-SLLEWA2	D		47	N	3		390250
222068071	65546504	2	392	2RG	2	166917760	30	N	3		385705
222068072	65546505	1	392	2C	D		40	N	3		9389
222068073	65546505	2	393	9(a)	1	166917761	20	N	3		9182
222068074	65546505	3	393	9(a)	1	166917761	20	N	3		9172
222068075	65546506	1	392	2C	D		40	N	3		9389
222068076	65546506	2	392	2RG	1	166917762	30	N	3		385705
222068077	65546506	3	392	2RG	1	166917762	30	N	3	190529786	385705
222068078	65546506	4	393	43	2	166917763	16	Y	1		9279
222068079	65546506	5	392	2RG	2	166917763	30	N	3	190529786	385705
222068080	65546506	6	393	9(a)	2	166917763	20	Y	99		9183
222068081	65546506	7	393	9(a)	2	166917763	20	Y	1	190529786	283327
222068082	65546506	8	393	9(a)	2	166917763	20	Y	1		396450
222068083	65546506	9	393	9(a)	2	166917763	20	N	3		9172
222068084	65546513	1	393	47(e)	2	166917776	15	N	3		257965
222068085	65546513	2	393	53(b)	2	166917776	16	N	3		385681
222068086	65546514	1	396	3(a)(1)	2	166917778	15	Y	99		383183
222068087	65546516	1	172	502(a)(2)	2	166917782	32	N	3		8681
222068088	65546516	2	393	47(e)	2	166917782	15	N	3		257965
222068089	65546518	1	392	2C	D		40	N	3		9389
222068090	65546518	2	392	2RG	1	166917785	30	N	3		385705
222068091	65546518	3	393	9(a)	1	166917785	20	N	3		9172
222068092	65546518	4	392	2RG	1	166917785	30	N	3		385705
222068093	65546519	1	392	2C	D		40	N	3	190529787	9389
222068094	65546519	2	395	8E	D		2	Y	3	190529787	253692
222068095	65546519	3	392	2FT	D		14	N	3		385699
222068096	65546519	4	392	5(a)(2)	D		10	Y	3	190529787	396417
222068097	65546519	5	395	8(a)(1)	D		3	Y	3	190529787	396451
222068098	65546519	6	392	2IRP	1	166917786	30	N	3	190529787	385701
222068099	65546519	7	393	95(a)	1	166917786	28	N	3		9178
222068100	65546519	8	392	2DIM	1	166917786	30	N	3		385697
222068101	65546521	1	393	95(a)	1	166917790	28	N	3		9178
222068102	65546521	2	392	2IRP	1	166917790	30	N	3		385701
222068103	65546526	1	393	75(a)(3)	1	166917800	23	Y	99		9334
222068104	65546527	1	392	2-SLLEWA1	1	166917802	47	N	3		390260
222068105	65546528	1	392	2DIM	2	166917805	30	N	3	190540262	385697
222068106	65546529	1	393	75(a)(3)	2	166917807	23	Y	99		9334
222068107	65546530	1	390	21(b)	1	166917809	30	N	3		9426
222068108	65546530	2	392	2IRP	1	166917809	30	N	3		385701
222068109	65546530	3	392	2RG	2	166917808	30	N	3		385705
222068110	65546531	1	392	2-SLLEWA1	1	166917810	47	N	3		390260
222068111	65546533	1	393	75(a)(3)	2	166917815	23	Y	99		9334
222068115	65546537	1	392	2-SLLS3	D		45	N	3	E-TICKET	390248
222069711	65530580	1	392	2MI	D		14	N	3		385703
222069712	65546553	1	392	11	D		12	N	3		396119
222069713	65546553	2	392	2MI	D		14	N	3		385703
222069744	65546563	1	392	2-SLLS3	D		45	N	3		390248
222069747	65546567	1	392	2-SLLS2	D		45	N	3		390247
222069748	65546567	2	392	16	D		11	N	3	000108411914	9386
222069758	65546568	1	392	2-SLLS3	D		45	N	3	000114330643	390248
222069773	65546577	1	392	2FC	D		41	N	3		9390
222069785	65546581	1	392	2-SLLS2	D		45	N	3		390247
222069786	65546583	1	395	8	D		7	N	3		9194
222069787	65546583	2	393	45(d)	1	166919293	16	N	3		392465
222069788	65546583	3	393	207(f)	2	166919294	22	N	3		9263
222069789	65546583	4	393	86(a)(1)	2	166919294	30	N	3		9360
222069790	65546583	5	393	55(e)	1	166919293	16	N	3		9305
222069819	65546593	1	392	2-SLLS2	D		45	N	3		390247
222069823	65546596	1	392	2-SLLS2	D		45	N	3		390247
222069824	65546596	2	393	9(a)	2	166919331	20	Y	99		283327
222069834	65546600	1	392	2-SLLS2	D		45	N	3		390247
222069835	65546601	1	392	2LC	D		42	N	3		9392
222069836	65546601	2	395	22(g)	D		7	N	3		396435
222069838	65546602	1	393	45(d)	1	166919348	16	N	3		392463
222069839	65546602	2	393	75C	2	166919349	23	N	3		2909
222069844	65546603	1	395	8E	D		2	Y	3	119121397	253692
222069845	65546603	2	395	15G02	D		7	N	3		396190
222069869	65546606	1	392	2-SLLS2	D		45	N	3		390247
222069870	65546606	2	395	15A2	D		7	N	3		396204
222069874	65546610	1	392	2RG	1	166919380	30	N	3		385705
222069884	65546612	1	393	9(a)	1	166919386	20	N	3		9182
222069885	65546612	2	393	9(a)	1	166919386	20	N	3		9183
222069886	65546616	1	392	2C	D		40	N	3	000120183693	9389
222069897	65546619	1	392	2-SLLS3	D		45	N	3		390248
222069900	65546622	1	383	111	D		14	N	3		390619
222069927	65546635	1	392	2-SLLS3	D		45	N	3		390248
222069928	65546635	2	395	15G02	D		7	N	3		396190
222069929	65546636	1	392	2-SLLS2	D		45	N	3		390247
222069941	65530554	1	392	2-SLLS2	D		45	N	3		390247
222069943	65546643	1	393	48(a)	1	166919466	16	Y	99		9288
222069944	65546643	2	393	48(a)	1	166919466	16	Y	99		9288
222069945	65546643	3	396	3(a)(1)	1	166919466	15	Y	99		383183
222069947	65530722	1	392	2-SLLS2	D		45	N	3		390247
222069948	65530724	1	392	2-SLLS2	D		45	N	3		390247
222069949	65546644	1	392	2-SLLS3	D		45	N	3		390248
222069950	65546644	2	395	8	D		7	N	3		9194
222069963	65546645	1	392	2-SLLS2	D		45	N	3		390247
222069964	65546645	2	395	8F01	D		3	N	3		396252
222069967	65546647	1	392	2-SLLEWA1	D		47	N	3		390260
222069970	65546651	1	393	43(d)	2	166919494	16	Y	1		9281
222069971	65546651	2	396	17(c)	2	166919494	29	N	3		9202
222069975	65546654	1	392	2-SLLS3	D		45	N	3		390248
222069976	65546654	2	395	8F01	D		3	N	3		396252
222069977	65546654	3	395	8E	D		2	Y	3	116797537	253692
222069978	65546655	1	392	2-SLLS3	D		45	N	3		390248
222069983	65546659	1	392	2-SLLS2	D		45	N	3		390247
222069994	65546663	1	396	3A1DSCB	1	166919519	30	N	3		396116
222069995	65546663	2	393	47(a)	1	166919519	16	N	3		257961
222069996	65546663	3	393	47(a)	1	166919519	16	N	3		257961
222069997	65546663	4	393	55(e)	2	166919520	16	N	3		9305
222069998	65546663	5	396	3(a)(1)	1	166919519	15	Y	99		383183
222070008	65546668	1	392	2DIM	D		30	N	3		385697
222070018	65530623	1	395	15G02	D		7	N	3		396190
222070019	65530623	2	393	45(b)(2)	1	166919551	16	Y	99		392460
222070020	65530623	3	396	3(a)(1)	1	166919551	16	Y	99		9208
222070021	65530623	4	396	17(c)	1	166919551	29	N	3		9202
222070022	65530623	5	396	3(a)(1)	1	166919551	16	Y	99		9204
222070023	65530623	6	393	45UV	1	166919551	16	N	3		392458
222070024	65530623	7	393	45UV	1	166919551	16	N	3		392458
222070025	65530623	8	393	45(b)(2)	1	166919551	16	N	3		392460
222070026	65530623	9	393	45UV	1	166919551	16	N	3		392458
222070027	65530623	10	396	7	1	166919551	30	N	3	114190848	9212
222070028	65530623	11	393	47(e)	1	166919551	15	N	3		257965
222070029	65530623	12	393	53(b)	1	166919551	16	N	3		385681
222070031	65546675	1	392	2LV	D		14	N	3		385702
222070032	65546676	1	392	2LV	D		14	N	3		385702
222070046	65546678	1	391	41(a)-F	D		1	N	3		393832
222070047	65546678	2	396	17(c)	1	166919564	29	N	3		9202
222070048	65546678	3	393	95(a)	1	166919564	28	N	3	WARNING	9178
222070049	65546678	4	390	21(b)	1	166919564	30	N	3		9426
222070050	65546678	5	393	43	2	166919565	16	Y	1		9279
222070051	65546678	6	396	17(c)	2	166919565	29	N	3		9202
222070052	65546678	7	392	2RG	2	166919565	30	N	3		385705
222070065	65546682	1	393	203(c)	1	166919577	30	Y	99		9453
222070066	65546682	2	393	203	1	166919577	30	Y	99		9450
222070067	65546682	3	393	201(d)	1	166919577	19	Y	99		9448
222070068	65546682	4	393	203(e)	1	166919577	19	N	3		9455
222070069	65546682	6	393	60(e)-WS	1	166919577	30	N	3		390337
222070070	65546682	7	393	100(c)	2	166919578	25	Y	99		254961
222070071	65546682	8	393	205(a)	2	166919578	24	N	3		9456
222070072	65546683	1	396	3(a)(1)	1	166919579	30	N	3		9203
222070073	65546683	2	393	205(a)	2	166919580	24	N	3		9456
222070074	65546683	3	396	5(b)	1	166919579	30	N	3		9211
222070079	65546687	1	172	600(c)	1	166919587	38	N	3		9579
222070083	65546691	1	392	2-SLLS2	D		45	N	3		390247
222070089	65546695	1	392	2LV	D		14	N	3		385702
222070090	65546696	1	392	2LV	D		14	N	3		385702
222070092	65546697	1	392	2C	D		40	N	3		9389
222070110	65546701	1	392	2-SLLS2	D		45	N	3	WARNING	390247
222070122	65546710	1	392	2-SLLS3	D		45	N	3		390248
222070123	65546711	1	392	2-SLLS3	D		45	N	3		390248
222070124	65546712	1	392	2FC	D		41	N	3	WARNING	9390
222070125	65546712	2	391	41(a)-F	D		1	N	3		393832
222070127	65546714	1	392	2C	D		40	N	3		9389
222070131	65546722	1	392	2-SLLS3	D		45	N	3	WARNING	390248
222070132	65546722	2	392	2LV	D		14	N	3		385702
222070139	65546725	1	392	2-SLLS2	D		45	N	3		390247
222070141	65546728	1	393	55(b)	1	166919679	16	N	3		9299
222070145	65546730	1	393	75(a)(1)	1	166919684	23	Y	99		9332
222070146	65546730	2	392	16	D		11	N	3	117602228	9386
222070147	65546730	3	393	9(a)	1	166919684	20	N	3		9182
222070148	65546730	4	393	95(a)	1	166919684	28	N	3		9178
222070149	65546730	5	393	95(f)	1	166919684	28	N	3		9180
222070150	65546730	6	396	17(c)	1	166919684	29	N	3		9202
222070151	65546730	7	392	2RG	1	166919684	30	N	3		385705
222070152	65546730	8	390	21(b)	1	166919684	30	N	3		9426
222070153	65546730	9	391	41(a)-F	D		1	N	3		393832
222070154	65546730	10	396	3(a)(1)	1	166919684	30	N	3		9203
222070163	65546733	1	392	2-SLLS2	D		45	N	3		390247
222070164	65546734	1	392	2-SLLS4	D		45	N	3	000115701142	390240
222070165	65546734	2	392	2	D		12	N	3		396348
222070166	65546735	1	393	102(a)(1)(iii)	2	166919694	25	N	3		385711
222070167	65546735	2	393	102(a)(1)(ii)	2	166919694	25	N	3		385710
222070168	65546735	3	393	100(c)	2	166919694	25	Y	99		254961
222070169	65546735	4	393	207(f)	2	166919694	22	Y	99		9263
222070170	65546735	5	392	2-SLLEWA2	1	166919693	47	N	3	119802767	390250
222070172	65546737	1	395	8(a)(1)	D		3	Y	3		396451
222070173	65546737	2	395	8K2	D		3	Y	3	000116737709	9198
222070174	65546737	3	393	9(a)	1	166919697	20	N	3		9172
222070175	65546737	4	393	9(a)	1	166919697	20	N	3		9172
222070181	65546738	1	392	2-SLLS2	D		45	N	3	WARNING	390247
222070182	65546738	2	392	2LV	D		14	N	3		385702
222070186	65546740	1	392	2MI	D		14	N	3		385703
222070199	65530628	1	396	17(c)	1	166919714	29	N	3		9202
222070233	65546750	1	392	2-SLLS2	D		45	N	3		390247
222070234	65546750	2	395	22(h)(4)	D		7	N	3		396422
222070265	65546762	1	392	2-SLLS2	D		45	N	3	WARNING	390247
222070278	65546764	1	392	2-SLLEWA1	D		47	N	3	000120005822	390260
222070279	65546765	1	392	2-SLLEWA1	D		47	N	3		390260
222070280	65546766	1	393	9(a)	2	166919793	20	Y	99	WARNING	9172
222070298	65546778	1	393	11	1	166919817	20	N	3		9430
222070299	65546778	2	393	104(f)(3)	2	166919818	25	N	3		255027
222070300	65546778	3	393	110(c)	2	166919818	25	Y	99		256595
222070301	65546779	1	392	2-SLLS2	D		45	N	3	WARNING	390247
222070302	65546780	1	395	8E	D		2	Y	3		253692
222070303	65546780	2	395	8E	D		2	Y	3		253692
222070304	65546781	1	395	8F01	D		3	N	3		396252
222070305	65546781	2	393	9(a)	1	166919823	20	N	3		9182
222070306	65546781	3	392	2RG	1	166919823	30	N	3	000119016572	385705
222070307	65546783	1	395	8E	D		2	Y	3	000120042765	253692
222070308	65546783	2	395	8E	D		2	Y	3		253692
222070309	65546783	3	383	51(a)-NSIN	D		8	N	3		393814
222070310	65546783	4	395	8(a)(1)	D		3	Y	3		396451
222070311	65546783	5	395	22(h)(4)	D		7	N	3		396422
222070312	65546783	6	392	9(a)(2)	2	166919828	25	Y	99		9413
222070327	65546790	1	392	2FT	D		14	N	3	117852911	385699
222070329	65546793	1	392	2LV	D		14	N	3		385702
222070332	65546795	1	396	17(c)	1	166919848	29	N	3		9202
222070333	65546795	2	393	78	1	166919848	26	N	3		9347
222070334	65546795	3	393	209(d)	1	166919848	21	Y	99		8493
222070335	65546795	4	393	9(a)	2	166919849	20	Y	99	119886427	396450
222070336	65546795	5	393	9(a)	2	166919849	20	N	3		9183
222070337	65546795	6	393	9(a)	2	166919849	20	Y	99		283327
222070338	65546795	7	393	43	2	166919849	16	Y	99		9279
222070339	65546795	8	393	130	2	166919849	25	Y	99		3556
222070340	65546795	9	393	55(d)(3)	1	166919848	16	N	3		9304
222070342	65546797	1	392	2-SLLS2	D		45	N	3		390247
222070343	65546797	2	392	2RG	1	166919852	30	N	3		385705
222070348	65546799	1	393	60(d)	1	166919856	26	N	3	000106043111	9308
222070351	65546801	1	391	41(a)-F	D		1	N	3		393832
222070352	65546801	2	392	2IRP	D		30	N	3		385701
222070353	65546801	3	393	104(f)(3)	2	166919861	25	N	3		255027
222070354	65546801	4	393	106(b)	2	166919861	25	Y	99		256474
222070355	65546801	5	396	17(c)	2	166919861	29	N	3	000120230874	9202
222071000	65530770	1	392	2-SLLS2	D		45	N	3		390247
222071001	65530776	1	390	21(b)	1	166920549	30	N	3		9426
222071012	65530780	1	393	55(d)(3)	2	166920573	16	N	3		9304
222071013	65530780	2	393	60(c)	1	166920572	26	N	3		257571
222071014	65530780	3	393	95(a)	1	166920572	28	N	3		9178
222071084	65530791	1	392	2DIM	2	166920648	30	N	3		385697
222071123	65546808	1	391	41(a)-F	D		1	N	3		393832
222071124	65546808	2	392	2-SLLS3	D		45	N	3	E001993839	390248
222071125	65546808	3	393	95(f)	1	166920710	28	N	3		9180
222071127	65546813	1	392	7(a)	D		14	N	3		390280
222071128	65546813	2	392	2RG	1	166920719	30	N	3		385705
222071129	65546813	3	393	95(a)	1	166920719	28	N	3		9178
222071130	65546813	4	396	17(c)	1	166920719	29	N	3		9202
222071131	65546813	5	393	9(a)	1	166920719	20	Y	99		283327
222071132	65546813	6	393	9(a)	1	166920719	20	N	3		9172
222071133	65546814	1	393	95(a)	1	166920720	28	N	3		9178
222071134	65546814	2	392	82(a)(1)	D		14	N	3		392492
222071135	65546814	3	392	16	D		11	N	3	E001993840	9386
222071151	65546821	1	392	2-SLLEWA1	D		47	N	3		390260
222071152	65546821	2	392	2-SLLEWA1	D		47	N	3		390260
222071153	65546821	3	392	2-SLLEWPB	D		47	N	3		390278
222071154	65546821	4	393	45(b)(2)	1	166920733	16	N	3		392461
222071155	65546821	5	393	9(a)	2	166920734	20	N	3		9172
222071156	65546822	1	391	15(a)-NSOUT	D		8	Y	3	25558	393829
222071157	65546822	2	393	9(a)	2	166920736	20	Y	99		9183
222071158	65546822	3	393	9(a)	2	166920736	20	Y	99		283327
222071159	65546822	4	393	9(a)	2	166920736	20	Y	99		283327
222071160	65546822	5	393	95(a)	1	166920735	28	N	3		9178
222071161	65546822	6	393	9(a)	2	166920736	20	N	3		9172
222071162	65546823	1	393	9(a)	2	166920738	20	Y	99		283327
222071163	65546823	2	392	2	D		47	N	3		390241
222071166	65546826	1	392	2-SLLEWA1	D		47	N	3		390260
222071168	65546830	1	392	16	D		11	N	3	E001955464	9386
222071169	65546830	2	391	41(a)-F	D		1	N	3		393832
222071170	65546830	3	393	95(a)	1	166920752	28	N	3		9178
222071171	65546830	4	396	17(c)	1	166920752	29	N	3		9202
222071174	65546832	1	392	2-SLLEWA2	D		47	N	3	E001519873	390250
222071189	65546833	1	395	8(a)	D		3	Y	3		254677
222071190	65546833	2	390	21(b)	1	166920760	30	N	3		9426
222071191	65546833	3	393	45(d)	1	166920760	16	Y	99		257960
222071192	65546834	1	392	2MI	D		14	N	3		385703
222071193	65546839	1	393	9(a)	1	166920769	20	N	3		9172
222071194	65546839	2	395	8F01	D		3	N	3		396252
222071200	65546841	1	393	9(a)	2	166920774	20	N	3		9172
222071201	65546842	1	393	55(e)	2	166920776	16	N	3		9305
222071202	65546842	2	393	11	1	166920775	20	N	3		9422
222071203	65546844	1	392	2-SLLEWA1	D		47	N	3	E001334531	390260
222071204	65546844	2	396	17(c)	1	166920779	29	N	3		9202
222071205	65546844	3	396	17(c)	2	166920780	29	N	3		9202
222071209	65546848	1	392	2	D		47	N	3	E001501074	390266
222071210	65546848	2	392	2	D		14	N	3		8496
222071214	65546852	1	393	55(e)	2	166920798	16	N	3		9305
222071217	65546856	1	390	21(b)	1	166920803	30	N	3	E001792566	9426
222071218	65546856	2	395	8K2	D		3	Y	3		9198
222071223	65546858	1	393	55(e)	2	166920807	16	N	3		9305
222071224	65546861	1	392	2RG	1	166920812	30	N	3		385705
222071225	65546861	2	393	75C	1	166920812	23	N	3		2909
222071226	65546861	3	396	17(c)	1	166920812	29	N	3		9202
222071227	65546861	4	392	2AU	1	166920812	30	N	3		385695
222071228	65546862	1	390	21(b)	1	166920813	30	N	3		9426
222071229	65546862	2	392	2C	D		40	N	3		9389
222071231	65546863	1	392	16	D		11	N	3		9386
222071232	65546866	1	393	9(a)	2	166920821	20	N	3		9172
222071233	65546866	2	396	17(c)	1	166920820	29	N	3		9202
222071234	65546866	3	392	2-SLLEWG1	D		47	N	3		390249
222071235	65546867	1	393	75(a)(3)	2	166920823	23	Y	1	E001557962	9334
222071272	65546882	1	392	2	2	166920853	47	N	3	E001534178	390266
222071284	65546892	1	392	2	D		12	N	3		396348
222071286	65546894	1	392	2-SLLS2	D		45	N	3		390247
222071287	65546894	2	393	9(a)	1	166920872	20	N	3		9182
222071288	65546896	1	392	2-SLLEWA1	D		47	N	3		390260
222071290	65546898	1	392	2-SLLEWA1	D		47	N	3		390260
222071291	65546898	2	396	17(c)	2	166920880	29	N	3		9202
222071292	65546900	1	395	8	D		7	N	3		9194
222071293	65546900	2	395	8E	D		2	N	3		253692
222071294	65546900	3	395	8	D		7	N	3		9194
222071297	65546905	1	392	2	D		47	N	3	E001998141	390266
222071298	65546906	1	395	8E	D		2	Y	3		253692
222071299	65546906	2	395	22(h)(3)	D		7	N	3		396421
222071300	65546909	1	392	2	D		47	N	3		390266
222071301	65546909	2	392	2-SLLEWA1	D		47	N	3		390260
222071302	65546909	3	392	2	D		47	N	3		390266
222071303	65546909	4	392	2IRP	1	166920896	30	N	3		385701
222071304	65546916	1	393	45(b)(2)	1	166920907	16	N	3		392461
222071305	65546916	2	393	45(b)(2)	1	166920907	16	N	3		392461
222071306	65546916	3	395	15G01	D		7	N	3		396254
222071307	65546916	4	395	15B2	D		7	N	3		396258
222071308	65546916	5	395	8(a)	D		3	Y	3		254677
222071309	65546916	6	395	15I9	D		7	N	3		396267
222071310	65546918	1	392	2-SLLEWA2	D		47	N	3	E001940863	390250
222071319	65546922	1	390	21(b)	D		30	N	3		9426
222071342	65546929	1	383	23(a)(2)	D		14	Y	3	091164	9547
222071343	65546929	2	393	100(a)	2	166920931	25	Y	99		9417
222071344	65546929	3	391	41(a)-F	D		1	N	3	091164	393832
222071345	65546929	4	396	17(c)	1	166920930	29	N	3		9202
222071346	65546929	5	396	17(c)	2	166920931	29	N	3		9202
222071347	65546929	6	392	2	D		14	N	3		8496
222071348	65546929	7	392	2	D		14	N	3	091164	8496
222071350	65546932	1	393	9(a)	1	166920935	20	N	3		9182
222071351	65546932	2	390	21(b)	1	166920935	30	N	3		9426
222071352	65546934	1	396	17(c)	1	166920937	29	N	3		9202
222071353	65546934	2	390	21(b)	1	166920937	30	N	3		9426
222071354	65546934	3	393	11	1	166920937	20	N	3		9422
222071355	65546934	4	393	9(a)	1	166920937	20	N	3		9172
222071356	65546934	5	392	2	D		14	N	3	19T028966	8496
222071357	65546934	6	393	9(a)	2	166920938	20	Y	99		283327
222071358	65546934	7	393	9(a)	2	166920938	20	Y	99		9172
222071359	65546934	8	393	11	2	166920938	20	N	3		9422
222071360	65546935	2	392	2	D		14	N	3		8496
222071361	65546935	3	392	8	D		14	N	3		9409
222071362	65546935	1	392	2PK	D		14	N	3		385704
222071363	65546936	1	393	71(h)(10)	1	166920940	17	N	3		9331
222071364	65546936	2	393	9(a)	1	166920940	20	N	3		9172
222071365	65546936	3	390	21(b)	1	166920940	30	N	3		9426
222071366	65546936	4	396	9(d)(2)	1	166920940	30	N	3		9214
222071367	65546937	1	393	112	1	166920941	25	N	3	19T028972	3538
222071368	65546938	1	393	9(a)	1	166920942	20	N	3		9172
222071369	65546940	1	393	9(a)	2	166920946	20	N	3		9183
222071370	65546941	1	392	2DIM	D		30	N	3	X3442129	385697
222071371	65546942	1	393	9(a)	2	166920950	20	N	3		9172
222071372	65530883	1	393	207(f)	1	166920953	22	Y	99		9263
222071373	65530883	2	393	75A	1	166920953	23	Y	99		8494
222071374	65530883	3	396	3A1T	1	166920953	23	N	3		9209
222071375	65546944	1	392	2MI	D		14	N	3		385703
222071376	65546945	1	392	2DIM	D		30	N	3	X3401633	385697
222071377	65546946	1	393	100(b)	2	166920959	25	Y	99	X3435002	254958
222071378	65546948	1	392	2LV	D		14	N	3		385702
222071381	65546950	1	392	16	2	166920967	11	N	3	X3443618	9386
222071382	65546951	1	392	16	D		11	N	3	X3443625	9386
222071383	65546952	1	392	2W	1	166920970	47	N	3	X3443631	385680
222071384	65546953	1	392	2-SLLEWA1	D		47	N	3	X3433926	390260
222071385	65546954	1	393	9(a)	1	166920973	20	N	3		283327
222071386	65546955	1	392	2IRP	D		30	N	3		385701
222071387	65546955	2	396	3(a)(1)	1	166920975	30	N	3		9203
222071388	65546955	3	393	203(a)	1	166920975	30	N	3		9451
222071389	65546955	4	393	9(a)	1	166920975	20	N	3		9183
222071390	65546955	5	396	3(a)(1)	1	166920975	30	N	3		9203
222071391	65546955	6	396	17(c)	1	166920975	29	N	3	X3437670	9202
222071392	65546955	7	393	43(a)	1	166920975	16	Y	99	X3437670	9280
222071393	65546955	8	393	47(e)	1	166920975	15	N	3		257965
222071394	65546955	9	393	53(b)	1	166920975	16	N	3		385681
222071396	65546957	1	393	201(a)	2	166920980	19	Y	99	X3443107	9445
222071397	65546957	2	392	2-SLLEWA1	D		47	N	3		390260
222071398	65546958	1	392	2LV	D		14	N	3	X3440298	385702
222071399	65546959	1	392	2LV	D		14	N	3	X3440416	385702
222071401	65546961	1	393	9(a)	1	166920986	20	N	3		9183
222071402	65546961	2	393	9(a)	1	166920986	20	N	3		283327
222071403	65546961	3	393	9(a)	1	166920986	20	N	3		396450
222071404	65546962	1	393	9(a)	1	166920988	20	N	3		9172
222071405	65546963	1	393	9(a)	1	166920990	20	N	3		283327
222071406	65546963	2	393	9(a)	2	166920991	20	N	3		396450
222071407	65546964	1	393	9(a)	1	166920992	20	N	3		9182
222071408	65546965	1	392	2-SLLEWA1	D		47	N	3	X3439151	390260
222071409	65546965	2	392	2FT	1	166920994	14	N	3		385699
222071410	65546966	1	392	2PK	D		14	N	3	X3443263	385704
222071411	65546967	1	393	9(a)	2	166920999	20	Y	99	X3443307	9183
222071412	65546969	1	392	2DL	D		14	N	3	X3443790	385698
222071413	65546969	2	393	9(a)	1	166921002	20	N	3		9172
222071414	65546970	1	393	9(a)	1	166921004	20	N	3		9182
222071415	65546970	2	390	21(b)	1	166921004	30	N	3		9426
222071416	65546971	1	392	2	D		47	N	3	X3441408	390266
222071417	65546971	2	393	75(f)	2	166921006	23	Y	99	X3441408	9340
222071418	65546971	3	393	207(f)	2	166921006	22	Y	99		9263
222071419	65546972	1	392	2-SLLEWA1	D		47	N	3		390260
222071420	65546972	2	393	75(f)	1	166921007	23	Y	99	X3441420	9340
222071421	65546972	3	392	2IRP	1	166921007	30	N	3	X3441420	385701
222071422	65546973	1	392	82(a)(1)	1	166921009	14	N	3	X3442406	392492
222071423	65546974	1	392	2	D		47	N	3	X3439643	390241
222071424	65546976	1	392	2	D		47	N	3	X3439729	390266
222071425	65546978	1	392	2	D		12	N	3		396348
222071426	65546980	1	393	9(a)	1	166921021	20	N	3		9172
222071427	65546980	2	393	9(a)	1	166921021	20	N	3		9183
222071428	65546980	3	392	2DL	D		14	N	3	X3417011	385698
222071429	65546981	1	392	2RG	1	166921023	30	N	3	X3417013	385705
222071430	65546981	2	392	2-SLLEWA1	1	166921023	47	N	3	X3417013	390260
222071431	65546981	3	391	11(b)(5)-DEN	D		14	Y	3	X3417012	393826
222071432	65546982	1	392	2-SLLS2	D		45	N	3		390247
222071433	65546982	2	392	2C	D		40	N	3	X3442543	9389
222071434	65546983	1	392	2DIM	D		30	N	3	X3440053	385697
222071437	65546984	1	392	2FC	D		41	N	3		9390
222071438	65546985	1	392	2RG	2	166921032	30	N	3		385705
222071439	65546986	1	393	47(e)	1	166921033	15	N	3		257965
222071440	65546986	2	393	53(b)	1	166921033	16	N	3		385681
222071441	65546987	1	392	2RG	1	166921034	30	N	3	X3438983	385705
222071443	65546990	1	383	23(a)(2)	D		14	Y	3	X3438484	9547
222071444	65546990	2	391	41(a)	D		1	N	3	X3438484	9377
222071445	65546990	3	395	8(a)(1)	D		3	Y	3	X3438484	396452
222071446	65546990	4	390	21(b)	1	166921039	30	N	3		9426
222071447	65546990	5	392	2	1	166921039	30	N	3		379214
222071448	65546990	6	392	9b(a)	1	166921039	30	N	3		396080
222071449	65546990	7	392	2RG	1	166921039	30	N	3		385705
222071450	65546990	8	392	2RG	2	166921040	30	N	3		385705
222071451	65546991	1	392	2-SLLEWA1	D		47	N	3		390260
222071452	65546991	2	392	2RG	1	166921041	30	N	3	X3439639	385705
222071453	65546992	1	392	2-SLLEWA1	D		47	N	3		390260
222071454	65546993	1	392	2-SLLS2	D		45	N	3	WARNING	390247
222071455	65546994	1	392	2-SLLEWA2	2	166921048	47	N	3	X3442517	390250
222071456	65546995	1	393	9(a)	1	166921049	20	N	3		9172
222071457	65546995	2	393	9(a)	1	166921049	20	N	3		283327
222071458	65546995	3	393	9(a)	1	166921049	20	N	3		9183
222071459	65546995	4	393	9(a)	1	166921049	20	N	3		396450
222071460	65546995	5	393	19	1	166921049	20	N	3		9443
222071461	65546995	6	393	9(a)	2	166921050	20	N	3		9172
222071462	65546996	1	393	9(a)	1	166921051	20	N	3		9182
222071463	65546996	2	392	2RG	2	166921052	30	N	3		385705
222071464	65546998	1	172	516(c)(5)	2	166921056	32	N	3		9575
222071465	65547000	1	393	75A	2	166921060	23	Y	99		8494
222071466	65547001	1	393	9(a)	1	166921061	20	N	3		9183
222071467	65547002	1	383	23(a)(2)	D		14	Y	3	X3420401	9547
222071469	65547003	1	392	2FC	D		41	N	3		9390
222071470	65547004	1	393	9(a)	1	166921068	20	N	3		9182
222071471	65547005	1	392	2-SLLEWA2	2	166921071	47	N	3	X3450088	390250
222071474	65547007	1	392	2PK	D		14	N	3	X3441545	385704
222071475	65547007	2	395	8F01	D		3	N	3		396252
222071476	65547008	1	392	2RG	1	166921076	30	N	3		385705
222071477	65547008	2	390	21(b)	1	166921076	30	N	3		9426
222071478	65547009	1	392	2	D		12	N	3	X3442758	396348
222071479	65547012	1	392	2PK	D		14	N	3		385704
222071480	65547013	1	392	16	D		11	N	3	X3444218	9386
222071481	65547014	1	392	2LC	D		42	N	3	X3444219	9392
222071482	65547015	1	393	9(a)	1	166921089	20	N	3	WARNING	9182
222071483	65547016	1	392	2RG	1	166921091	30	N	3		385705
222071484	65547016	2	393	9(a)	1	166921091	20	N	3		9172
222071485	65547016	3	393	9(a)	1	166921091	20	N	3		9172
222071486	65547017	1	392	2DIM	1	166921092	30	N	3		385697
222071487	65547019	1	392	82(a)(1)	D		14	N	3	X3431858	392492
222071488	65547019	2	393	9(a)	1	166921096	20	N	3		9183
222071496	65547022	1	392	2-SLLEWA2	D		47	N	3	X3449929	390250
222071497	65547023	1	392	2-SLLEWA1	D		47	N	3	WARNING	390260
222071498	65547023	2	392	2MI	D		14	N	3	X3449930	385703
222071499	65547023	3	393	11	1	166921104	20	N	3		9428
222071500	65547024	1	392	82(a)(1)	D		14	N	3	X3436368	392492
222071501	65547029	1	393	9(a)	1	166921112	20	N	3		9183
222071502	65547029	2	393	11	1	166921112	20	N	3		9428
222071503	65547029	3	393	47(e)	2	166921113	15	N	3		257965
222071504	65547029	4	393	47(e)	2	166921113	15	N	3		257965
222071505	65547029	5	393	25(f)	2	166921113	20	N	3		9271
222071506	65547029	6	393	9(a)	2	166921113	20	Y	99		283327
222071507	65547029	7	396	3(a)(1)	2	166921113	15	Y	99	X3449877	383183
222071508	65547030	1	393	45(d)	2	166921115	16	N	3		392462
222071509	65547031	1	392	2-SLLEWA2	D		47	N	3	X3449878	390250
222071510	65547035	1	392	2MI	D		14	N	3	X3449931	385703
222071511	65547035	2	396	9(d)(2)	D		30	N	3	WARNING	9214
222071512	65547035	3	393	60(d)	1	166921123	26	N	3		9308
222071513	65547036	1	392	2MI	1	166921125	14	N	3	WARNING	385703
222071514	65547038	1	392	2C	D		40	N	3		9389
222071515	65547039	1	392	16	D		11	N	3	X3433829	9386
222071516	65547039	2	396	17(c)	1	166921131	29	N	3		9202
222071517	65547040	1	392	2LV	D		14	N	3		385702
222071518	65547041	1	392	2LV	D		14	N	3		385702
222071519	65547042	1	392	2LV	D		14	N	3		385702
222071520	65547043	1	392	2-SLLEWA2	D		47	N	3	X3449879	390250
222071521	65547045	1	392	2MI	D		14	N	3		385703
222071522	65547046	1	392	2RG	2	166921145	30	N	3		385705
222071523	65547047	1	392	2	D		47	N	3	X3438691	390241
222071524	65547048	1	392	2IRP	1	166921148	30	N	3	X3439244	385701
222071525	65547048	2	392	2-SLLEWA1	D		47	N	3	WARNING	390260
222071526	65547049	1	392	2-SLLS3	D		45	N	3		390248
222071527	65547050	1	392	2RG	D		30	N	3		385705
222071528	65547051	1	392	2C	D		40	N	3		9389
222071529	65547052	1	392	2MI	D		14	N	3		385703
222071530	65547052	2	393	9(a)	2	166921157	20	Y	1		283327
222071531	65547053	1	392	2Y	D		48	N	3		9398
222071533	65547055	1	392	2-SLLS3	D		45	N	3	X3442228	390248
222071542	65547057	1	393	9(a)	1	166921167	20	N	3		9183
222071543	65547057	2	393	95(a)	1	166921167	28	N	3		9178
222071544	65547058	1	393	9(a)	1	166921170	20	N	3		9182
222071545	65547059	1	393	11	2	166921173	20	N	3		9425
222071547	65547061	1	392	2	D		47	N	3	X3439489	390266
222071548	65547062	1	392	2RG	D		30	N	3		385705
222071549	65547063	1	392	2IN	D		30	N	3		385700
222071550	65547063	2	393	134	1	166921180	25	Y	1		3560
222071551	65547065	1	392	2T	D		46	N	3	X3450365	9396
222071552	65547066	1	392	2-SLLS2	D		45	N	3	X3439526	390247
222071553	65547067	1	393	60(e)-WS	1	166921186	30	N	3		390337
222071554	65547067	2	393	9(a)	2	166921187	20	N	3		9172
222071555	65547068	1	393	9(a)	1	166921188	20	N	3		9183
222071556	65547069	1	393	95(a)	1	166921190	28	N	3		9178
222071557	65547069	2	393	55(d)(3)	1	166921190	16	N	3		9304
222071558	65547069	3	393	9(a)	2	166921191	20	N	3		9172
222071559	65547070	1	392	2IRP	D		30	N	3	WARNING	385701
222071560	65547071	1	392	2-SLLEWA2	D		47	N	3	X3441803	390250
222071561	65547072	1	392	2-SLLEWPB	1	166921196	47	N	3	X3436176	390278
222071563	65547073	1	392	16	D		11	N	3	X3439508	9386
222071565	65547074	1	392	2-SLLSWZ	D		45	N	3		390297
222071567	65547076	1	392	2T	D		46	N	3	X3450366	9396
222071568	65547076	2	395	8	D		7	N	3		9194
222071569	65547077	1	392	2RG	1	166921208	30	N	3		385705
222071570	65547077	2	393	60(c)	1	166921208	26	N	3		257571
222071581	65547078	1	393	9(a)	1	166921211	20	N	3		9183
222071582	65547078	2	393	47(e)	1	166921211	15	N	3		257965
222071583	65547078	3	393	53(b)	1	166921211	16	N	3		385681
222071584	65547078	4	393	47(e)	2	166921212	15	N	3		257965
222071585	65547078	5	393	53(b)	2	166921212	16	N	3		385681
222071586	65547078	6	393	47(e)	2	166921212	15	N	3		257965
222071587	65547078	7	393	47(e)	2	166921212	15	N	3		257965
222071588	65547078	8	396	3(a)(1)	2	166921212	15	Y	99	X3438361	383183
222071589	65547079	1	392	2IRP	1	166921214	30	N	3		385701
222071590	65547079	2	393	81	1	166921214	30	N	3		9350
222071591	65547079	3	393	11	1	166921214	20	N	3		9428
222071592	65547079	4	393	9(a)	2	166921213	20	N	3		9172
222071593	65547079	5	393	9(a)	2	166921213	20	Y	1	X3447025	283327
222071594	65547080	1	392	2-SLLEWA2	D		47	N	3	X3438461	390250
222071595	65547080	2	393	95(a)	1	166921215	28	N	3		9178
222071596	65547081	1	392	2IRP	1	166921217	30	N	3		385701
222071597	65547081	2	393	11	1	166921217	20	N	3		9430
222071598	65547082	1	393	9(a)	1	166921219	20	N	3		9182
222071599	65547082	2	393	9(a)	1	166921219	20	N	3		9172
222071600	65547082	3	393	9(a)	1	166921219	20	N	3		9172
222071602	65547085	1	392	2	D		47	N	3	X3439204	390241
222071604	65547087	1	392	2LV	D		14	N	3	X3447401	385702
222071605	65547087	2	392	2LC	D		42	N	3		9392
222071606	65547088	1	392	2RG	1	166921232	30	N	3	X3447664	385705
222071607	65547089	1	172	502(a)(1)	1	166921233	32	N	3		8680
222071608	65547090	1	383	23(a)(2)	D		14	Y	3	X3438813	9547
222071609	65547090	2	393	9(a)	1	166921234	20	N	3		9182
222071610	65547090	3	393	9(a)	1	166921234	20	N	3		396450
222071611	65547090	4	393	43(a)	1	166921234	16	Y	99		9280
222071612	65547090	5	393	47(e)	1	166921234	15	N	3		257965
222071613	65547090	6	393	53(b)	1	166921234	16	N	3		385681
222071614	65547090	7	393	47(e)	2	166921235	15	N	3		257965
222071615	65547090	8	393	53(b)	2	166921235	16	N	3		385681
222071616	65547090	9	393	47(e)	2	166921235	15	N	3		257965
222071617	65547090	10	393	47(e)	2	166921235	15	N	3		257965
222071618	65547090	11	396	3(a)(1)	2	166921235	15	Y	99	X3438813	383183
222071619	65547090	12	393	120(c)(1)	2	166921235	25	Y	99	X3438813	257213
222071620	65547091	1	393	9(a)	1	166921237	20	N	3		9182
222071621	65547092	1	383	23(a)(2)	D		14	Y	3	X3438814	9547
222071622	65547092	2	392	2RG	1	166921238	30	N	3	X3438814	385705
222071631	65547094	1	393	9(a)	1	166921243	20	N	3	WARNING	9182
222071632	65547095	1	393	9(a)	1	166921245	20	N	3		9172
222071633	65547095	2	393	9(a)	2	166921246	20	Y	99	WARNING	9183
222071634	65547095	3	393	9(a)	2	166921246	20	N	3		9172
222071635	65547096	1	392	2-SLLEWA2	D		47	N	3	X3442080	390250
222071636	65547097	1	392	2-SLLEWA1	D		47	N	3		390260
222071637	65547098	1	392	2-SLLEWA2	D		47	N	3	X3439295	390250
222071638	65547099	1	391	41(a)	D		1	N	3	X3441540	9377
222071639	65547099	2	392	2RG	1	166921253	30	N	3	X3441540	385705
222071640	65547099	3	393	95(a)	1	166921253	28	N	3		9178
222071641	65547099	4	393	95(f)	1	166921253	28	N	3		9180
222071642	65547101	1	392	2MI	D		14	N	3		385703
222071643	65547101	2	396	17(c)	1	166921256	29	N	3		9202
222071644	65547102	1	390	21(b)	1	166921257	30	N	3		9426
222071645	65547103	1	393	25(a)	2	166921260	20	N	3		257957
222071646	65547104	1	393	9(a)	1	166921261	20	N	3		9172
222071647	65547104	2	393	25(e)	1	166921261	20	N	3		9270
222071648	65547104	3	393	45(b)(2)	1	166921261	16	N	3		257958
222071649	65547105	1	390	21(b)	1	166921263	30	N	3		9426
222071650	65547106	1	392	2	D		47	N	3	X3439444	390241
222071651	65547107	1	392	2-SLLEWA1	D		47	N	3		390260
222071654	65547108	1	392	2-SLLEWA1	D		47	N	3		390260
222071655	65547109	1	392	2-SLLEWA2	D		47	N	3	X3442081	390250
222071657	65547111	1	396	3(a)(1)	2	166921276	15	Y	99	X3422460	383183
222071658	65547111	2	393	47(e)	2	166921276	15	N	3		257965
222071659	65547111	3	393	47(e)	2	166921276	15	N	3		257965
222071661	65547116	1	392	16	D		11	N	3		9386
222071662	65547117	1	391	41(a)-F	D		1	N	3		393832
222071663	65547118	1	393	11	2	166921287	20	N	3		9423
222071664	65547120	1	395	24(d)	D		7	N	3		396428
222071665	65547120	2	392	2WC	1	166921290	30	N	3		385707
222071669	65547122	1	393	60(e)-WS	D		30	N	3		390337
222071670	65547123	1	393	47(e)	2	166921295	15	N	3		257965
222071671	65547123	2	393	45(d)	2	166921295	16	N	3		392462
222071672	65547125	1	392	2C	D		40	N	3		9389
222071673	65547126	1	393	9(a)	1	166921300	20	N	3		9182
222071674	65547126	2	393	95(a)	1	166921300	28	N	3		9178
222071675	65547126	3	393	9(a)	1	166921300	20	N	3		9172
222071676	65547126	4	393	9(a)	2	166921301	20	N	3		9172
222071677	65547126	5	393	43	2	166921301	16	Y	99	WARNING	9279
222071678	65547127	1	392	2-SLLEWA1	D		47	N	3		390260
222071679	65547129	1	393	60(e)-WS	1	166921306	30	N	3		390337
222071680	65547130	1	393	9(a)	1	166921307	20	N	3		9183
222071681	65547131	1	393	95(a)	1	166921309	28	N	3		9178
222071682	65547132	1	395	8F01	D		3	N	3		396252
222071683	65547132	2	383	23(a)(2)	D		14	Y	3	X3437913	9547
222071684	65547132	3	392	2RG	1	166921312	30	N	3	X3437913	385705
222071685	65547132	4	391	45(b)	D		1	N	3		8487
222071686	65547132	5	392	9(a)	2	166921311	25	Y	99	X3437913	9411
222071687	65547133	1	392	82(a)(1)	D		14	N	3	X3442063	392492
222071688	65547134	1	393	47(e)	1	166921315	15	N	3		257965
222071689	65547134	2	393	53(b)	1	166921315	16	N	3		385681
222071690	65547134	3	393	9(a)	1	166921315	20	N	3		9183
222071691	65547135	1	392	2RG	1	166921316	30	N	3	X3438886	385705
222071692	65547135	2	391	41(a)	D		1	N	3	X3438886	9377
222071693	65547136	1	392	2RG	1	166921317	30	N	3		385705
222071694	65547137	1	392	16	D		11	N	3		9386
222071700	65547138	1	392	2LV	D		14	N	3		385702
222071701	65547138	2	387	301(a)	D		14	N	3	X3433867	9558
222071702	65547139	1	392	2LV	D		14	N	3		385702
222071703	65547139	2	395	8F01	D		3	N	3	X3434942	396252
222071704	65547140	1	392	2WC	2	166921327	30	N	3		385707
222071714	65547149	1	392	2C	D		40	N	3		9389
222071719	65547155	1	393	55(d)(2)	1	166921356	16	N	3		9303
222071720	65547155	2	393	75C	2	166921357	23	N	3		2909
222071721	65547155	3	393	75C	2	166921357	23	N	3		2909
222071729	65547159	1	392	2-SLLEWA1	D		47	N	3		390260
222071736	65547163	1	383	51(a)-SIN	D		8	Y	3		393816
222071737	65547166	1	393	75(a)(3)	1	166921376	23	Y	99		9334
222071738	65547166	2	393	11	1	166921376	20	N	3		9422
222071771	65547192	1	393	23	4	166921425	20	N	3		257952
222071773	65547195	1	393	47(e)	1	166921430	15	N	3		257965
222071774	65547195	2	393	47(e)	1	166921430	15	N	3		257965
222071775	65547195	3	393	53(b)	1	166921430	16	N	3		385681
222071776	65547195	4	396	3(a)(1)	1	166921430	15	Y	99		383183
222071777	65547195	5	393	47(e)	2	166921431	15	N	3		257965
222071778	65547195	6	393	53(b)	2	166921431	16	N	3		385681
222071781	65547199	1	392	2FT	1	166921440	14	N	3		385699
222071782	65547199	2	392	2IRP	1	166921440	30	N	3		385701
222071783	65547199	3	393	45(b)(2)	1	166921440	16	N	3		392460
222071784	65547199	4	393	128(b)(1)	2	166921441	25	Y	99		256388
222071785	65547201	1	392	2LV	D		14	N	3		385702
222071787	65547210	1	392	16	D		11	N	3		9386
222071788	65547210	2	393	95(a)	1	166921459	28	N	3		9178
222071789	65547210	3	393	81	1	166921459	30	N	3		9350
222071790	65547210	4	393	9(a)	1	166921459	20	Y	99		283327
222071792	65547213	1	395	8(a)(1)	D		3	Y	3		396451
222071793	65547213	2	393	45(d)	1	166921464	16	N	3		392462
222071803	65547217	1	392	2-SLLEWA1	D		47	N	3		390260
222071825	65547229	1	393	48(a)	2	166921501	16	N	3		9288
222071826	65547229	2	393	48(a)	2	166921501	16	N	3		9288
222071827	65547229	3	393	48(a)	2	166921501	16	N	3		9288
222071828	65547229	4	393	48(a)	2	166921501	16	N	3		9288
222071829	65547229	5	396	3(a)(1)	2	166921501	15	Y	99		383183
222071831	65547231	1	393	45(d)	1	166921503	16	N	3		392463
222071832	65547232	1	396	5(b)	1	166921505	30	N	3		9211
222071833	65547232	2	393	45(b)(2)	1	166921505	16	N	3		257958
222071834	65547232	3	396	5(b)	1	166921505	24	N	3		392474
222071835	65547232	4	393	45(b)(2)	2	166921506	16	Y	99		392460
222071836	65547232	5	396	5(b)	2	166921506	24	N	3		392474
222071837	65547232	6	396	5(b)	2	166921506	24	N	3		392474
222071838	65547232	7	393	55(e)	2	166921506	16	N	3		9305
222071839	65547232	8	393	95(a)	1	166921505	28	N	3		9178
222071850	65547242	1	392	2-SLLEWA1	D		47	N	3		390260
222071862	65547248	1	393	209(e)	1	166921538	21	N	3		9267
222071863	65547248	2	393	55(d)(1)	1	166921538	16	N	3		9302
222071870	65547255	1	392	2-SLLEWA1	D		47	N	3		390260
222071871	65547255	2	383	51(a)-NSIN	D		8	Y	3		393814
222071875	65547259	1	392	2	D		47	N	3		390281
222071876	65547259	2	392	2-SLLEWA1	D		47	N	3		390260
222071893	65547265	1	393	60(c)	1	166921572	26	N	3		257571
222071898	65547270	1	392	2MI	D		14	N	3		385703
222071912	65547280	1	393	9(a)	1	166921599	20	N	3		9172
222071913	65547280	2	393	9(a)	2	166921600	20	Y	99		283327
222071914	65547280	3	393	9(a)	2	166921600	20	Y	99		9172
222071915	65547280	4	393	75(a)(3)	2	166921600	23	Y	99		9334
222071916	65547281	1	393	47(e)	1	166921601	15	N	3		257965
222071917	65547281	2	393	47(e)	1	166921601	15	N	3		257965
222071918	65547281	3	393	75(a)(3)	1	166921601	23	Y	99		9334
222071919	65547281	4	393	75(a)(3)	1	166921601	23	Y	99		9334
222071920	65547281	5	393	9(a)	1	166921601	20	N	3		9182
222071921	65547281	6	393	9(a)	1	166921601	20	N	3		9172
222071922	65547281	7	393	9(a)	1	166921601	20	N	3		9172
222071923	65547281	8	393	9(a)	1	166921601	20	N	3		9172
222071924	65547281	9	396	3(a)(1)	1	166921601	15	Y	99		383183
222071932	65547290	1	172	504(a)	2	166921619	32	N	3		8682
222071938	65547300	1	393	48(a)	2	166921638	16	N	3		9288
222071985	65547328	1	393	55(c)(2)	1	166921695	16	N	3		9301
222072034	65547359	1	395	8(a)(1)	D		3	Y	3		396451
222072035	65547359	2	395	3(a)(3)(ii)	D		7	N	3		395654
222072036	65547359	3	395	3(a)(3)(ii)	D		7	N	3		395654
222072037	65547359	4	395	8	D		7	N	3		9194
222072068	65547371	1	395	8	D		7	N	3		9194
222072069	65547371	2	395	8	D		7	N	3		9194
222072070	65547371	3	395	8	D		7	N	3		9194
222072071	65547371	4	395	8	D		7	N	3		9194
222072072	65547371	5	395	8	D		7	N	3		9194
222072073	65547371	6	395	8	D		7	N	3		9194
222072074	65547371	7	393	45(b)(2)	1	166921786	16	N	3		257958
222072091	65547380	1	396	3(a)(1)	1	166921804	15	Y	99		383183
222072092	65547380	2	393	55(d)(1)	1	166921804	16	N	3		9302
222072093	65547380	3	393	53(b)	1	166921804	16	N	3		385681
222072094	65547380	4	393	47(e)	1	166921804	15	N	3		257965
222072095	65547380	5	393	45(b)(2)	1	166921804	16	N	3		392460
222072096	65547380	6	393	47(e)	1	166921804	15	N	3		257965
222072097	65547380	7	393	47(e)	1	166921804	15	N	3		257965
222072098	65547380	8	393	130	2	166921805	25	Y	99		3556
222072099	65547382	1	393	9(a)	1	166921808	20	N	3		9183
222072100	65547382	2	393	9(a)	1	166921808	20	N	3		9172
222072120	65547395	1	393	55(d)(3)	1	166921831	16	N	3		9304
222072129	65547397	1	392	2MI	D		14	N	3	191708	385703
222072130	65547397	2	392	2RG	D		30	N	3	WARNING	385705
222072131	65547397	3	395	8(a)(1)	D		3	Y	3		396452
222072132	65547397	4	392	9a(a)(1)	1	166921850	30	Y	99		337774
222072133	65547397	5	390	21(b)	1	166921850	30	N	3		9426
222072134	65547399	1	392	9(a)(2)	1	166921853	25	Y	1		9413
222072200	65547418	1	392	2MI	D		14	N	3	WARNING	385703
222072201	65547419	1	392	2MI	D		14	N	3	WARNING	385703
222072219	65547439	1	392	2LV	D		14	N	3	2MTX4FC	385702
222072220	65547439	2	392	2-SLLS4	D		45	N	3		390240
222072221	65547439	3	395	8(a)(1)	D		3	Y	3		396451
222072222	65547439	4	392	8	D		14	N	3		9409
222072223	65547439	5	396	17(c)	D		29	N	3		9202
222072224	65547439	6	395	8F01	D		3	N	3		396252
222072228	65547441	1	392	2LV	D		14	N	3	1MYZVHC	385702
222072229	65547441	2	383	71(h)	D		14	Y	3		396336
222072230	65547441	3	395	15G01	D		7	N	3		396254
222072233	65547445	1	392	2MI	D		14	N	3	19ZTWHV	385703
222072241	65547447	1	395	22(h)(4)	1	166921994	7	N	3		396422
222072249	65547451	1	393	75A	1	166922007	23	Y	99		8494
222072250	65547451	2	396	3(a)(1)	1	166922007	30	Y	99		9203
222072251	65547451	3	393	75A	1	166922007	23	Y	99		8494
222072252	65547451	4	393	75A	2	166922008	23	Y	99		8494
222072253	65547451	5	392	2DL	D		14	N	3	WARNING	385698
222072256	65547455	1	392	2	D		12	N	3	ECITATION	396348
222072257	65547458	1	392	2	D		47	N	3	191220 (3020)	390266
222072258	65547458	2	392	2	D		47	N	3		390241
222072313	65547479	1	392	2AU	1	166922080	30	Y	99		385695
222072314	65547479	2	392	2	1	166922080	14	Y	99		8496
222072315	65547479	3	393	9(a)	2	166922081	20	Y	99		9172
222072316	65547479	4	393	9(a)	2	166922081	20	Y	99		9172
222072317	65547479	5	393	9(a)	1	166922080	20	N	3		9172
222072322	65547481	1	395	22(h)(4)	D		7	N	3		396422
222072323	65547481	2	392	2IRP	1	166922095	30	N	3		385701
222072324	65547481	3	392	2IN	1	166922095	30	N	3		385700
222072325	65547481	4	396	17(c)	1	166922095	29	N	3		9202
222072326	65547481	5	393	60(c)	1	166922095	26	N	3		257571
222072327	65547481	6	393	9(a)	1	166922095	20	N	3		9172
222072328	65547482	1	395	8(a)(1)	D		3	Y	3		396451
222072329	65547484	1	392	7(a)	D		14	N	3		390280
222072330	65547484	2	395	22(h)(1)	D		7	N	3		396420
222072331	65547484	3	395	22(h)(2)	D		7	N	3		396436
222072332	65547484	4	395	22(h)(3)	D		7	N	3		396421
222072333	65547484	5	393	95(a)	1	166922101	28	N	3		9178
222072334	65547484	6	393	11	1	166922101	20	N	3		9422
222072335	65547484	7	396	9(d)(2)	1	166922101	30	N	3		9214
222072336	65547484	8	392	2	2	166922102	14	N	3		8496
222072337	65547484	9	393	9(a)	2	166922102	20	N	3		9172
222072338	65547484	10	393	9(a)	2	166922102	20	Y	99		9172
222072339	65547484	11	393	9(a)	2	166922102	20	Y	99		9172
222072343	65547488	1	393	9(a)	1	166922115	20	N	3		9182
222072344	65547488	2	393	9(a)	1	166922115	20	N	3		9182
222072345	65547488	3	391	11B2	D		14	N	3		9372
222072346	65547488	4	395	22(g)	D		7	N	3		396435
222072347	65547489	1	393	9(a)	2	166922118	20	N	3		396450
222072348	65547489	2	393	9(a)	2	166922118	20	N	3		9183
222072351	65547493	1	393	25(f)	1	166922125	20	Y	99		9271
222072353	65547499	1	393	75C	1	166922138	23	N	3		2909
222072354	65547499	2	393	70(d)(8)	2	166922139	17	Y	99		257975
222072355	65547499	3	393	75C	2	166922139	23	N	3		2909
222072356	65547499	4	393	9(a)	2	166922139	20	N	3		9172
222072357	65547499	5	393	9(a)	2	166922139	20	N	3		9172
222072358	65547499	6	392	2DIM	2	166922139	30	N	3	W649NVB	385697
222072359	65547499	7	393	9(a)	2	166922139	20	N	3		9172
222072376	65547510	1	392	2-SLLS3	D		45	N	3	J76V34N	390248
222072379	65547513	1	392	2-SLLS2	D		45	N	3		390247
222072383	65547514	1	392	2LV	D		14	N	3	20190830	385702
222072384	65547514	2	395	8E	D		2	Y	3		253692
222072385	65547514	3	392	2RG	2	166922178	30	N	3	WARNING	385705
222072400	65547525	1	393	209(d)	1	166922198	21	Y	99		8493
222072401	65547525	2	393	9(a)	1	166922198	20	N	3		9172
222072402	65547525	3	393	81	1	166922198	30	N	3		9350
222072403	65547525	4	393	207(c)	1	166922198	22	N	3		9328
222072404	65547525	5	393	207(c)	1	166922198	22	N	3		9328
222072405	65547525	6	383	23(a)(2)	D		14	Y	3		9547
222072447	65547549	1	393	9(a)	2	166922254	20	N	3		9172
222072448	65547549	2	393	9(a)	2	166922254	20	N	3		9172
222072455	65547554	1	395	24(d)	D		7	N	3		396428
222072459	65547566	1	393	9(a)	1	166922291	20	N	3		9182
222072460	65547566	2	393	9(a)	2	166922292	20	N	3		9172
222072461	65547566	3	393	75C-OOS	2	166922292	99	Y	99		396408
222072462	65547566	4	393	75(a)(3)	2	166922292	23	Y	99		9334
222072463	65547567	1	392	2RG	2	166922294	30	N	3		385705
222072472	65547577	1	393	47(e)	2	166922325	15	N	3		257965
222072473	65547582	1	393	9(a)	1	166922332	20	N	3		9172
222072474	65547582	2	392	2	1	166922332	14	N	3		8496
222072479	65547587	1	392	2-SLLS1	D		45	N	3	WARNING	390251
222072481	65547590	1	395	8(a)(1)	D		3	Y	3		396451
222072482	65547590	2	395	22(h)(2)	D		7	N	3		396436
222072483	65547590	3	395	22(h)(4)	D		7	N	3		396422
222072484	65547590	4	392	2IRP	1	166922351	30	N	3		385701
222072485	65547590	5	392	2FT	1	166922351	14	N	3		385699
222072503	65547602	1	392	2-SLLS4	D		45	N	3	WARNING	390240
222072507	65547605	1	393	11	1	166922399	20	N	3		9422
222072519	65547611	1	393	9(a)	1	166922411	20	N	3		9172
222072536	65547621	1	392	2-SLLEWA2	D		47	N	3	190944	390250
222072612	65547648	1	392	2-SLLS2	D		45	N	3		390247
222072613	65547648	2	392	2WC	2	166922530	30	N	3		385707
222072624	65547657	1	395	8F01	D		3	N	3		396252
222072625	65547657	2	393	9(a)	1	166922551	20	N	3		9172
222072626	65547657	3	393	75C	1	166922551	23	N	3		2909
222072627	65547657	4	393	75C	2	166922552	23	N	3		2909
222072641	65547665	1	392	2	D		12	N	3		396348
222072654	65547666	1	393	9(a)	2	166922585	20	N	3		9172
222072655	65547666	2	393	9(a)	1	166922584	20	N	3		283327
222072656	65547668	1	392	2IRP	D		30	N	3		385701
222072661	65547674	1	392	2-SLLEWA2	D		47	N	3	190930	390250
222072662	65547674	2	395	3(a)(3)(ii)	D		7	N	3		395654
222072663	65547674	3	395	8F01	D		3	N	3		396252
222072727	65547706	1	392	2-SLLS2	D		45	N	3	WARNING	390247
222072728	65547706	2	392	16	D		11	N	3	1153	9386
222072740	65547710	1	393	60(d)	1	166922706	26	N	3		9308
222072744	65547715	1	392	2RG	1	166922714	30	N	3		385705
222072745	65547715	2	393	55(d)(1)	1	166922714	16	N	3		9302
222072746	65547715	3	393	75(a)(3)	2	166922715	23	Y	99		9334
222072768	65547729	1	390	21(e)	1	166922753	30	N	3		9369
222072769	65547729	2	392	2	1	166922753	14	N	3		8496
222072770	65547731	1	393	75(a)(3)	2	166922757	23	Y	99		9334
222072771	65547731	2	393	209(a)	2	166922757	21	Y	99		9264
222072772	65547731	3	393	207(a)	2	166922757	22	Y	99		9459
222072773	65547731	4	396	3A1T	2	166922757	23	Y	99		9209
222072774	65547731	5	393	205(a)	2	166922757	24	Y	99		9456
222072792	65547737	1	393	43(d)	2	166922778	16	Y	99		9281
222072793	65547737	2	392	2RG	1	166922777	30	N	3		385705
222072794	65547737	3	392	2RG	2	166922778	30	N	3		385705
222072795	65547737	4	393	104(a)	2	166922778	25	Y	99		9420
222072796	65547737	5	395	3(a)(3)(ii)	D		7	N	3		395654
222072797	65547737	6	395	24(c)(2)(ii)	D		50	N	3		396426
222072798	65547737	7	395	24(c)(2)(iii)	D		50	N	3		396427
222072799	65547738	1	395	8	D		7	N	3		9194
222072800	65547738	2	395	24(c)(2)(i)	D		50	N	3		396437
222072801	65547738	3	395	24(c)(2)(ii)	D		50	N	3		396426
222072802	65547738	4	395	24(c)(2)(iii)	D		50	N	3		396427
222072803	65547738	5	393	75(a)(1)	2	166922780	23	Y	99		9332
222072804	65547738	6	393	60(c)	1	166922779	26	N	3		257571
222072805	65547738	7	393	9(a)	1	166922779	20	N	3		9172
222072806	65547738	8	393	9(a)	1	166922779	20	N	3		9172
222072807	65547738	9	396	3(a)(1)	1	166922779	30	N	3		9203
222072808	65547738	10	396	3(a)(1)	1	166922779	30	N	3		9203
222072809	65547738	11	393	9(a)	2	166922780	20	N	3		9172
222072810	65547738	12	393	9(a)	2	166922780	20	N	3		9172
222072811	65547738	13	393	9(a)	2	166922780	20	N	3		9172
222072812	65547738	14	393	9(a)	2	166922780	20	N	3		9172
222072813	65547738	15	393	47(e)	2	166922780	15	N	3		257965
222072814	65547738	16	393	53(b)	2	166922780	16	N	3		385681
222072815	65547738	17	393	47(e)	2	166922780	15	N	3		257965
222072816	65547738	18	396	3(a)(1)	2	166922780	15	Y	99		383183
222072828	65547744	1	392	2IRP	1	166922790	30	N	3		385701
222072830	65547755	2	393	47(d)	1	166922822	16	Y	99		257964
222072831	65547755	3	393	47(d)	1	166922822	16	Y	99		257964
222072832	65547755	4	396	3(a)(1)	1	166922822	15	Y	99		383183
222072833	65547755	1	390	21(b)	1	166922822	30	N	3		9426
222073516	65547820	1	396	5(b)	1	166923091	30	N	3		9211
222073626	65547838	1	374	313(b)	1	166923116	14	N	3		257946
222073796	65547881	1	393	55(c)(1)	1	166923189	16	N	3		9300
222073797	65547881	2	393	55(d)(3)	1	166923189	16	N	3		9304
222073798	65547881	3	393	55(e)	2	166923190	16	N	3		9305
222073800	65547884	1	396	17(c)	1	166923194	29	N	3		9202
222073813	65547888	1	396	3(a)(1)	1	166923200	16	N	3		9204
222073815	65547890	1	396	17(c)	2	166923204	29	N	3		9202
222073816	65547890	2	393	55(e)	2	166923204	16	N	3		9305
222073817	65547890	3	393	11	2	166923204	20	N	3		9422
222073853	65547902	1	393	9(a)	1	166923222	20	N	3		283327
222073854	65547902	2	393	9(a)	1	166923222	20	N	3		9172
222073855	65547902	3	393	9(a)	1	166923222	20	N	3		396450
222073856	65547902	4	396	5(b)	1	166923222	30	N	3		9211
222073857	65547902	5	393	209(e)	1	166923222	21	N	3		9267
222073858	65547902	6	393	55(e)	2	166923223	16	N	3		9305
222073859	65547902	7	393	11	2	166923223	20	N	3		9423
222073860	65547902	8	393	75(a)(3)	2	166923223	23	Y	1		9334
222073861	65547902	9	393	75C	2	166923223	23	N	3		2909
222073862	65547902	10	396	3(a)(1)	2	166923223	16	N	3		9204
222073863	65547902	11	393	45(b)(2)	2	166923223	16	N	3		392460
222073864	65547902	12	396	17(c)	2	166923223	29	N	3		9202
222074011	65547930	1	393	95(b)	1	166923274	28	N	3		257980
222074012	65547930	2	395	15G01	D		7	N	3		396254
222074013	65547931	1	393	75(a)(3)	1	166923276	23	Y	99		9334
222074014	65547931	2	392	2IN	1	166923276	30	N	3		385700
222074015	65547931	3	392	2	D		14	N	3		8496
222074016	65547932	1	392	2	D		14	N	3		8496
222074017	65547932	2	395	8	D		7	N	3		9194
222074018	65547932	3	395	8	D		7	N	3		9194
222074019	65547933	1	393	48(a)	2	166923280	16	Y	99		9288
222074020	65547933	2	393	48(a)	2	166923280	16	N	3		9288
222074021	65547933	3	393	48(a)	2	166923280	16	N	3		9288
222074022	65547933	4	393	48(a)	2	166923280	16	N	3		9288
222074023	65547933	5	396	3(a)(1)	2	166923280	15	Y	99		383183
222074024	65547933	6	393	75(a)(3)	2	166923280	23	Y	99		9334
222074025	65547933	7	393	11	2	166923280	20	N	3		9423
222074026	65547933	8	393	203(c)	1	166923279	30	N	3		9453
222074027	65547933	9	395	8	D		7	N	3		9194
222074028	65547933	10	396	3(a)(1)	2	166923280	16	N	3		9204
222074039	65547937	1	395	24(d)	D		7	N	3		396428
222074040	65547937	2	392	2RG	2	166923290	30	N	3		385705
222074041	65547937	3	393	11	2	166923290	20	N	3		9423
222074042	65547938	1	392	2MI	D		14	N	3		385703
222074043	65547938	2	395	24(d)	D		7	N	3		396428
222074044	65547939	1	392	2-SLLS3	D		45	N	3		390248
222074046	65547942	1	392	16	D		11	N	3		9386
222074047	65547943	1	392	2FC	D		41	N	3		9390
222074048	65547944	1	395	8(a)(1)	D		3	Y	3		396451
222074049	65547944	3	395	8F01	D		3	N	3		396252
222074050	65547944	4	395	8	D		7	N	3		9194
222074051	65547944	5	395	8	D		7	N	3		9194
222074052	65547944	6	396	5(b)	1	166923303	24	N	3		392473
222074053	65547945	1	395	15G01	D		7	N	3		396254
222074054	65547945	2	395	15I5	D		7	N	3		9189
222074055	65547946	1	392	2MI	D		14	N	3		385703
222074056	65547948	1	392	2-SLLS4	D		45	N	3		390240
222074057	65547948	2	395	22(h)(4)	D		7	N	3		396422
222074065	65547954	1	393	78	1	166923325	26	N	3		9347
222074066	65547954	2	396	17(c)	1	166923325	29	N	3		9202
222074067	65547954	3	393	9(a)	2	166923326	20	Y	99		283327
222074068	65547954	4	390	21(a)	1	166923325	30	N	3		9566
222074069	65547954	5	393	55(e)	2	166923326	16	N	3		9305
222074070	65547955	1	393	60(e)-WS	1	166923328	30	N	3		390337
222074071	65547955	2	393	110(b)	2	166923327	25	Y	1		256389
222074072	65547955	3	393	75(a)(1)	2	166923327	23	N	3		9332
222074073	65547955	4	393	45(b)(2)	1	166923328	16	N	3		257958
222074074	65547956	1	395	15B	D		7	N	3		9185
222074075	65547956	2	395	15F	D		7	N	3		385682
222074076	65547959	1	390	21(b)	1	166923335	30	N	3		9426
222074077	65547959	2	392	9a(a)(1)	1	166923335	30	Y	99		337774
222074078	65547959	3	392	2RG	1	166923335	30	N	3		385705
222074079	65547961	1	392	2-SLLS2	D		45	N	3		390247
222074080	65547962	1	392	2-SLLS2	D		45	N	3		390247
222074081	65547962	2	395	8(a)(1)	D		3	Y	3		396451
222074082	65547963	1	392	16	D		11	N	3	911470019002003	9386
222074083	65547964	1	393	75C	2	166923346	23	N	3		2909
222074084	65547965	1	395	22(h)(2)	D		7	N	3		396436
222074085	65547965	2	391	11B2	D		14	N	3		9372
222074086	65547965	3	393	80	1	166923347	30	N	3		9349
222074087	65547967	1	395	24(d)	D		7	N	3		396428
222074088	65547968	1	395	8E	D		2	N	3		253692
222074089	65547968	2	393	75I1	1	166923351	99	N	3		396407
222074090	65547968	3	393	55(a)	1	166923351	16	N	3		9298
222074091	65547970	1	395	24(d)	D		7	N	3		396428
222074092	65547970	2	396	17(c)	1	166923353	29	N	3		9202
222074093	65547970	3	393	70(d)	2	166923354	17	N	3		9327
222074096	65547975	1	178	337-9C	2	166923366	39	N	3		1834
222074097	65547977	1	396	17(c)	1	166923368	29	N	3		9202
222074101	65547984	1	392	2-SLLS1	D		45	N	3		390251
222074102	65547984	2	392	2FC	D		41	N	3		9390
222074106	65547992	1	393	55(d)(3)	3	166923402	16	N	3		9304
222074107	65547999	1	172	502(a)(1)	2	166923412	32	N	3		8680
222074115	65548007	1	396	5(b)	1	166923428	30	N	3		9211
222074116	65548007	2	393	11	1	166923428	20	N	3		9422
222074117	65548007	3	396	3A1BC	1	166923428	16	Y	99		9206
222074118	65548007	4	396	3(a)(1)	1	166923428	30	N	3		9203
222074119	65548007	5	393	11	2	166923427	20	N	3		9422
222074120	65548007	6	393	11	2	166923427	20	N	3		9422
222074121	65548007	7	393	11	2	166923427	20	N	3		9422
222074122	65548008	1	395	15G01	D		7	N	3		396254
222074123	65548008	5	393	55(d)(2)	1	166923429	16	N	3		9303
222074124	65548008	6	393	11	2	166923430	20	N	3		9423
222074125	65548008	7	393	55(e)	2	166923430	16	N	3		9305
222074132	65548011	1	393	11	1	166923438	20	N	3		9430
222074133	65548011	2	396	17(c)	1	166923438	29	N	3		9202
222074134	65548012	1	393	9(a)	2	166923440	20	N	3		9172
222074135	65548012	2	393	11	2	166923440	20	N	3		9423
222074136	65548013	1	395	8(a)(1)	D		3	Y	3		396451
222074137	65548013	2	393	55(d)(2)	1	166923441	16	N	3		9303
222074138	65548013	3	393	60(d)	1	166923441	26	N	3		9308
222074139	65548013	4	393	78	1	166923441	26	N	3		9347
222074140	65548013	5	393	203(a)	1	166923441	30	N	3		9451
222074141	65548013	6	393	95(a)	1	166923441	28	N	3		9178
222074142	65548013	7	393	11	2	166923442	20	N	3		9423
222074143	65548013	8	393	55(e)	2	166923442	16	N	3		9305
222074144	65548017	1	396	5(b)	1	166923448	30	N	3		9211
222074145	65548017	2	395	22(h)(1)	D		7	N	3		396420
222074146	65548017	3	395	22(h)(2)	D		7	N	3		396436
222074147	65548017	4	395	22(h)(3)	D		7	N	3		396421
222074148	65548018	1	393	9(a)	1	166923450	20	N	3		9172
222074149	65548018	2	393	11	1	166923450	20	N	3		9422
222074150	65548018	3	393	9(a)	1	166923450	20	N	3		9172
222074151	65548018	4	393	9(a)	1	166923450	20	N	3		9172
222074152	65548018	5	393	11	1	166923450	20	N	3		9422
222074153	65548018	6	396	5(b)	1	166923450	30	N	3		9211
222074154	65548019	1	393	207(a)	1	166923451	22	N	3		9459
222074155	65548020	1	391	11(b)(5)-DEN	D		14	Y	3		393826
222074156	65548020	2	393	9(a)	1	166923453	20	N	3		9172
222074157	65548020	3	393	9(a)	1	166923453	20	N	3		9172
222074158	65548020	4	392	2WC	1	166923453	30	N	3		385707
222074159	65548020	5	393	9(a)	1	166923453	20	N	3		9172
222074160	65548020	6	393	9(a)	1	166923453	20	N	3		9172
222074161	65548020	7	393	9(a)	1	166923453	20	N	3		9183
222074162	65548020	8	393	9(a)	1	166923453	20	Y	99		283327
222074163	65548020	9	393	19	1	166923453	20	N	3		9443
222074164	65548021	1	392	2-SLLEWA1	1	166923454	47	N	3		390260
222074165	65548022	1	392	2-SLLEWA1	2	166923457	47	N	3		390260
222074166	65548023	1	391	11(b)(5)-DEN	D		14	Y	3		393826
222074167	65548023	2	392	16	D		11	N	3		9386
222074168	65548023	3	395	3(a)(2)-PROP	D		4	N	3		393840
222074169	65548023	4	395	8F01	D		3	N	3		396252
222074170	65548024	1	395	22(h)(2)	D		7	N	3		396436
222074171	65548024	2	392	2-SLLS2	D		45	N	3	911409419002001	390247
222074172	65548025	1	392	2-SLLS2	D		45	N	3	911409419002002	390247
222074173	65548028	1	392	2-SLLS4	D		45	N	3		390240
222074174	65548028	2	391	11B2	D		14	N	3		9372
222074183	65548033	1	396	17(c)	2	166923481	29	N	3		9202
222074184	65548033	2	393	95(a)	1	166923480	28	N	3		9178
222074185	65548033	3	393	9(a)	2	166923481	20	Y	99		396450
222074186	65548033	4	393	9(a)	2	166923481	20	Y	99		283327
222074200	65548034	1	392	16	D		11	N	3		9386
222074201	65548034	2	395	22(h)(2)	D		7	N	3		396436
222074202	65548035	1	392	16	D		11	N	3		9386
222074203	65548035	2	392	2IN	1	166923488	30	N	3		385700
222074204	65548035	3	393	95(a)	1	166923488	28	N	3		9178
222074205	65548035	4	392	2RG	2	166923489	30	N	3		385705
222074206	65548036	1	390	17	D		14	N	3		390405
222074207	65548036	2	392	16	D		11	N	3		9386
222074208	65548036	3	395	8K2	D		3	Y	3		9198
222074209	65548036	4	395	8	D		7	N	3		9194
222074210	65548036	5	395	8	D		7	N	3		9194
222074211	65548036	6	395	8F01	D		3	N	3		396252
222074212	65548036	7	395	8	D		7	N	3		9194
222074213	65548036	8	392	2IN	1	166923490	30	N	3		385700
222074214	65548036	9	392	9a(a)(1)	1	166923490	30	Y	99		337774
222074215	65548037	1	391	11(b)(5)-DEN	D		14	Y	3		393826
222074216	65548037	2	392	16	D		11	N	3		9386
222074217	65548037	3	395	15G02	D		7	N	3		396190
222074218	65548037	4	392	2IN	1	166923492	30	N	3		385700
222074219	65548038	1	392	16	D		11	N	3		9386
222074220	65548038	2	395	8	D		7	N	3		9194
222074224	65548041	1	393	11	1	166923500	20	N	3		9428
222074225	65548042	1	393	95(a)	1	166923502	28	N	3		9178
222074226	65548045	1	393	9(a)	1	166923508	20	N	3		9172
222074227	65548045	2	393	203(c)	1	166923508	30	N	3		9453
222074228	65548045	3	393	75C	1	166923508	23	N	3		2909
222074229	65548045	4	393	100(a)	2	166923509	25	Y	1		9417
222074230	65548045	5	393	25(f)	2	166923509	20	N	3		9271
222074231	65548046	1	392	16	1	166923510	11	N	3	911424719002001	9386
222074232	65548046	2	392	2-SLLS3	1	166923510	45	N	3		390248
222074233	65548047	1	396	3(a)(1)	1	166923511	16	N	3		9208
222074234	65548047	2	393	48(a)	1	166923511	16	N	3		9288
222074235	65548047	3	396	5(b)	1	166923511	24	Y	99		392472
222074236	65548047	4	390	21(b)	1	166923511	30	N	3		9426
222074237	65548048	1	393	11	1	166923512	20	N	3		9430
222074238	65548048	2	392	2FT	1	166923512	14	N	3		385699
222074239	65548049	1	393	11	1	166923513	20	N	3		9430
222074240	65548049	2	395	30(b)(1)	D		50	N	3		396430
222074241	65548049	3	395	8E	D		2	N	3		253692
222074242	65548050	1	172	504(a)	2	166923515	32	N	3		8682
222074243	65548050	2	172	301(a)(1)	2	166923515	39	N	3		385686
222074244	65548051	1	178	345-6	1	166923516	39	N	3		9525
222074255	65548052	1	390	17	D		14	N	3		390405
222074256	65548053	1	395	8E	D		2	Y	3		253692
222074257	65548053	2	392	16	D		11	N	3		9386
222074258	65548053	3	393	9(a)	1	166923522	20	N	3		9172
222074259	65548053	4	393	55(e)	2	166923523	16	N	3		9305
222074261	65548054	1	391	41(a)-F	D		1	N	3		393832
222074262	65548054	2	395	8(a)(1)	D		3	Y	3		396451
222074263	65548054	3	391	15(a)-SOUT	D		8	Y	3		393831
222074264	65548054	4	393	9(a)	1	166923525	20	N	3		283327
222074265	65548054	5	396	17(c)	1	166923525	29	N	3		9202
222074266	65548054	6	393	95(a)	1	166923525	28	N	3		9178
222074267	65548054	7	392	2FT	1	166923525	14	N	3		385699
222074268	65548054	8	392	2IRP	1	166923525	30	N	3		385701
222074269	65548054	9	396	17(c)	2	166923526	29	N	3		9202
222074270	65548054	10	393	75(a)(1)	2	166923526	23	Y	99		9332
222074271	65548054	11	393	75(a)(3)	2	166923526	23	Y	99		9334
222074272	65548054	12	393	9(a)	2	166923526	20	N	3		9172
222074273	65548054	13	395	8	D		7	N	3		9194
222074274	65548056	1	392	2FT	1	166923529	14	N	3		385699
222074275	65548056	2	393	9(a)	1	166923529	20	N	3		283327
222074276	65548056	3	393	11	1	166923529	20	N	3		9422
222074277	65548057	1	392	2MI	D		14	N	3		385703
222074278	65548057	2	393	104(b)	2	166923532	25	Y	1		10044
222074279	65548057	3	396	17(c)	1	166923531	29	N	3		9202
222074280	65548057	4	393	95(a)	1	166923531	28	N	3		9178
222074281	65548057	5	392	16B	C		11	N	3		396396
222074291	65548059	1	395	22(h)(2)	D		7	N	3		396436
222074292	65548059	2	395	22(h)(3)	D		7	N	3		396421
222074293	65548059	3	396	17(c)	1	166923534	29	N	3		9202
222074294	65548059	4	393	78	1	166923534	26	N	3		9347
222074295	65548059	5	392	2WC	2	166923535	30	N	3		385707
222074296	65548059	6	393	11	2	166923535	20	N	3		9431
222074301	65548063	1	393	11	1	166923542	20	N	3		9428
222074308	65548065	1	395	15G02	D		7	N	3		396190
222074309	65548065	2	395	22(h)(1)	D		7	N	3		396420
222074310	65548065	3	392	5(a)(3)	D		10	Y	3		395655
222074311	65548065	4	392	60(a)	D		14	N	3		9405
222074312	65548065	5	392	4A-POS	D		99	N	3		396410
222074315	65548068	1	393	78	1	166923554	26	N	3		9347
222074316	65548068	2	393	207(c)	1	166923554	22	Y	99		9328
222074317	65548068	3	396	3(a)(1)	1	166923554	30	N	3		9203
222074318	65548068	4	393	45(d)	1	166923554	16	Y	99		257960
222074319	65548068	5	393	45(d)	1	166923554	16	N	3		257960
222074320	65548071	1	392	9a(a)(1)	1	166923560	30	Y	99		337774
222074321	65548071	2	390	19B2-BIENNIAL	1	166923560	99	N	3		396411
222074322	65548073	1	390	21(a)	1	166923564	30	N	3		9566
222074323	65548073	2	376	11(d)(1)	1	166923564	14	N	3		396114
222074354	65548100	1	395	8(a)(1)	D		3	Y	3	451900209	396451
222074355	65548100	2	395	8(a)(1)	C		3	N	3		396451
222074356	65548100	3	392	16B	D		11	N	3	451900209	396396
222074371	65548116	1	392	2	D		14	N	3	051901313	8496
222074420	65548148	1	392	2-SLLS2	D		45	N	3		390247
222074465	65548182	1	395	22(h)(1)	D		7	N	3		396420
222074466	65548182	2	395	22(h)(2)	D		7	N	3		396436
222074467	65548182	3	395	22(h)(3)	D		7	N	3		396421
222074468	65548182	4	396	17(c)	1	166923819	29	N	3		9202
222074505	65548204	1	396	17(c)	1	166923865	29	N	3		9202
222074558	65548240	1	395	3(a)(3)-PROP	D		4	Y	3		393841
222074559	65548241	1	396	17(c)	2	166923936	29	N	3		9202
222074560	65548241	2	396	17(c)	1	166923935	29	N	3		9202
222074569	65548251	1	392	2-SLLEWG1	1	166923954	47	N	3	061902604	390249
222074593	65548271	1	383	23(a)(2)	D		14	Y	3	311901399	9547
222074611	65548278	1	392	2MI	D		14	N	3	4850809	385703
222074622	65548286	1	395	8(a)(1)	D		3	Y	3		396451
222074644	65548312	1	392	16	D		11	N	3	251900469	9386
222074645	65548312	2	395	24(c)(2)(iii)	D		50	N	3		396427
222074664	65548333	1	393	9(a)	1	166924131	20	N	3		9172
222074665	65548333	2	396	17(c)	2	166924132	29	N	3		9202
222074668	65548338	1	395	8K2	D		3	Y	3	051901301	9198
222074669	65548338	2	396	17(c)	2	166924144	29	N	3		9202
222074670	65548338	3	392	2IRP	2	166924144	30	N	3	051901302	385701
222074674	65548343	1	391	11(b)(5)-DEN	D		14	Y	3	051901304	393826
222074675	65548343	2	392	2IRP	D		30	N	3	051901304	385701
222074676	65548343	3	395	8	D		7	N	3		9194
222074677	65548343	4	395	3(a)(3)(ii)	D		7	N	3		395654
222074678	65548343	5	396	17(c)	2	166924154	29	N	3		9202
222074682	65548360	1	392	2AU	D		30	N	3		385695
222074683	65548360	2	395	8(a)(1)	D		3	Y	3	251900472	396451
222074684	65548361	1	395	8F01	D		3	N	3		396252
222074691	65548367	1	392	2RG	D		30	N	3	401900112	385705
222074692	65548367	2	392	7(a)	D		14	N	3		390280
222074693	65548367	3	393	95(a)	1	166924201	28	N	3		9178
222074694	65548367	4	393	78	1	166924201	26	N	3		9347
222074695	65548367	5	393	75B	1	166924201	23	N	3		254322
222074696	65548367	6	393	207(c)	1	166924201	22	N	3		9328
222074697	65548367	7	396	17(c)	2	166924202	29	N	3		9202
222074698	65548367	8	392	2RG	2	166924202	30	N	3		385705
222074699	65548367	9	393	75C	2	166924202	23	N	3		2909
222074700	65548367	10	393	11	2	166924202	20	N	3		9422
222074701	65548367	11	393	55(d)(3)	2	166924202	16	N	3		9304
222074702	65548367	12	393	11	2	166924202	20	N	3		9422
222074703	65548367	13	390	19B2-BIENNIAL	1	166924201	99	N	3		396411
222074706	65548370	1	392	2RG	1	166924206	30	N	3		385705
222074707	65548371	1	392	2MI	1	166924208	14	N	3		385703
222074708	65548371	2	390	21(a)	1	166924208	30	N	3		9566
222074709	65548371	3	392	2RG	1	166924208	30	N	3		385705
222074710	65548372	1	396	17(c)	1	166924209	29	N	3		9202
222074711	65548372	2	390	21(b)	1	166924209	30	N	3		9426
222074712	65548372	3	392	2RG	1	166924209	30	N	3		385705
222074717	65548377	1	392	2-SLLS2	D		45	N	3		390247
222074726	65548389	1	383	23(a)(2)	D		14	Y	3	051901308	9547
222074728	65548391	1	395	22(h)(4)	D		7	N	3		396422
222074729	65548392	1	391	11(b)(5)-DEN	D		14	Y	3	051901307	393826
222074730	65548392	2	392	2-SLLEWA1	D		47	N	3	051901307	390260
222074731	65548392	3	392	2	D		14	N	3		8496
222074732	65548393	1	396	17(c)	1	166924250	29	N	3		9202
222074798	65548410	1	395	8(a)	D		3	Y	3		254677
222074815	65548417	1	393	95(f)	1	166924305	28	N	3		9180
222074816	65548417	2	393	78	1	166924305	26	N	3		9347
222074835	65548435	1	393	207(b)	2	166924336	22	Y	99	011900874	9460
222074836	65548435	2	393	75(a)(1)	2	166924336	23	N	3		9332
222074837	65548435	3	393	75C	2	166924336	23	N	3		2909
222074839	65548437	1	392	2MI	D		14	N	3	051901311	385703
222074840	65548437	2	392	2MI	2	166924342	14	N	3	051901311	385703
222074955	65548491	1	392	2MI	D		14	N	3		385703
222074980	65548509	1	395	8	D		7	N	3		9194
222074981	65548510	1	395	20(b)	D		7	N	3		396438
222074982	65548510	2	395	20(b)	D		7	N	3		396438
222074983	65548510	3	396	17(c)	1	166924531	29	N	3		9202
222074984	65548510	4	396	17(c)	2	166924532	29	N	3		9202
222075015	65548539	1	392	2-SLLS3	D		45	N	3		390248
222075016	65548540	1	392	82(a)(1)	D		14	N	3		392492
222075023	65548542	1	392	82(a)(1)	D		14	N	3		392492
222075065	65548572	1	395	22(g)	D		7	N	3		396435
222075066	65548572	2	395	22(h)(1)	D		7	N	3		396420
222075067	65548572	3	395	22(h)(2)	D		7	N	3		396436
222075068	65548572	4	393	60(c)	1	166924673	26	N	3		257571
222075069	65548572	5	393	75C	1	166924673	23	N	3		2909
222075096	65548584	1	396	17(c)	1	166924701	29	N	3		9202
222075156	65548629	1	391	11B2	D		14	N	3		9372
222075157	65548629	2	390	21(b)	1	166924791	30	N	3		9426
222075188	65548663	1	393	9(a)	1	166924863	20	N	3		9182
222075189	65548663	2	396	3(a)(1)	1	166924863	30	N	3		9203
222075197	65548669	1	392	2C	D		40	N	3		9389
222075198	65548670	1	392	2C	D		40	N	3	4837162	9389
222075199	65548670	2	392	2RG	2	166924881	30	N	3		385705
222075258	65548724	1	395	24(c)(2)(ii)	D		50	N	3		396426
222075259	65548724	2	395	24(c)(2)(iii)	D		50	N	3		396427
222075260	65548724	3	392	2WC	2	166925006	30	N	3		385707
222075301	65548749	1	383	25A1	D		14	Y	3	3880175	396166
222075302	65548749	2	392	2MI	D		14	N	3	3880175	385703
222075303	65548749	3	392	2	D		47	N	3	3880175	390241
222075304	65548749	4	392	2RG	1	166925068	30	N	3		385705
222075305	65548750	1	383	23(a)(2)	D		14	Y	3	3880101	9547
222075306	65548750	2	392	2MI	D		14	N	3	3880101	385703
222075307	65548750	3	396	17(c)	1	166925070	29	N	3		9202
222075308	65548750	4	396	17(c)	2	166925071	29	N	3		9202
222075309	65548750	5	391	41(a)-F	D		1	N	3		393832
222075327	65548756	1	390	21(a)	1	166925087	30	N	3		9566
222075328	65548756	2	396	17(c)	1	166925087	29	N	3		9202
222075329	65548756	3	393	95(a)	1	166925087	28	N	3		9178
222075330	65548756	4	393	207(c)	1	166925087	22	N	3		9328
222075338	65548764	1	393	9(a)	1	166925101	20	N	3	E451636	9183
222075365	65548767	1	392	2MI	D		14	N	3	451900210	385703
222075366	65548768	1	383	23(a)(2)	D		14	Y	3	451900212	9547
222075367	65548768	2	396	17(c)	2	166925119	29	N	3		9202
222075398	65548772	1	390	21(b)	1	166925127	30	N	3		9426
222075399	65548772	2	396	17(c)	1	166925127	29	N	3		9202
222075412	65548776	1	395	24(d)	D		7	N	3		396428
222075413	65548779	1	392	2-SLLS3	D		45	N	3	E429962	390248
222075436	65548800	1	396	17(c)	2	166925183	29	N	3		9202
222075437	65548802	1	392	2IRP	D		30	N	3	491909152	385701
222075438	65548802	2	393	9(a)	1	166925185	20	N	3		9183
222075439	65548802	3	393	75C	1	166925185	23	N	3		2909
222075440	65548802	4	393	9(a)	2	166925186	20	N	3		9172
222075451	65548809	1	383	51(a)-SIN	D		8	Y	3	511900773	393816
222075452	65548809	2	392	2IRP	2	166925199	30	N	3		385701
222075453	65548809	3	396	17(c)	2	166925199	29	N	3		9202
222075454	65548809	4	393	95(f)	1	166925198	28	N	3		9180
222075455	65548809	5	392	2IRP	1	166925198	30	N	3		385701
222075456	65548809	6	392	16	D		11	N	3		9386
222075460	65548812	1	392	16	D		11	N	3	511900778	9386
222075461	65548812	2	392	16B	D		11	N	3		396396
222075462	65548812	3	396	17(c)	1	166925203	29	N	3		9202
222075487	65548817	1	393	78	1	166925216	26	N	3		9347
222075488	65548817	2	396	3A1T	1	166925216	23	Y	99	511900777	9209
222075489	65548817	3	393	75(a)(3)	1	166925216	23	Y	99	511900777	9334
222075490	65548817	4	396	3A1T	1	166925216	23	N	3		9209
222075511	65548823	1	393	9(a)	2	166925234	20	N	3		9172
222075512	65548823	2	393	45(d)	2	166925234	16	N	3		257960
222075518	65548826	1	395	22(h)(1)	1	166925238	7	N	3		396420
222075519	65548826	2	393	55(d)(3)	2	166925239	16	N	3		9304
222075522	65548829	1	392	2-SLLS1	D		45	N	3		390251
222075552	65548837	1	393	9(a)	1	166925269	20	N	3		9172
222075553	65548839	1	392	2RG	1	166925271	30	N	3		385705
222075554	65548839	2	392	2IN	1	166925271	30	N	3		385700
222075555	65548839	3	393	95(a)	1	166925271	28	N	3		9178
222075556	65548839	4	393	95(f)	1	166925271	28	N	3		9180
222075557	65548839	5	393	9(a)	2	166925272	20	N	3		9172
222075558	65548839	6	393	43(d)	2	166925272	16	Y	1		9281
222075559	65548839	7	392	2RG	2	166925272	30	N	3		385705
222075560	65548839	8	392	2RG	2	166925272	30	N	3		385705
222075565	65548841	1	393	110(b)	1	166925274	25	Y	1		256389
222075566	65548841	2	393	110(b)	1	166925274	25	Y	1		256389
222075567	65548841	3	392	9(a)	1	166925274	25	Y	1		9411
222075568	65548841	4	393	100(a)	1	166925274	25	Y	1		9417
222075569	65548842	1	392	2LC	D		42	N	3		9392
222075570	65548842	2	392	2FC	D		41	N	3		9390
222075571	65548842	3	393	95(a)	1	166925275	28	N	3		9178
222075575	65532601	1	392	16	D		11	N	3		9386
222075576	65532601	2	392	16	C		11	N	3		9386
222075588	65548847	1	395	22(g)	1	166925285	7	N	3		396435
222075589	65548847	2	393	45(b)(2)	1	166925285	16	N	3		257958
222075590	65548847	3	393	45(d)	1	166925285	16	N	3		257960
222075607	65548858	1	393	78	1	166925313	26	N	3		9347
222075608	65548859	1	393	95(f)	1	166925315	28	N	3		9180
222075609	65548862	1	393	9(a)	1	166925321	20	N	3		283327
222075610	65548863	1	393	48(a)	1	166925323	16	Y	99		9288
222075611	65548863	2	393	75A	1	166925323	23	Y	99		8494
222075612	65548863	3	393	207(a)	2	166925324	22	N	3		9459
222075613	65548863	4	393	48(a)	2	166925324	16	N	3		9288
222075614	65548863	5	396	3(a)(1)	2	166925324	15	Y	99		383183
222075615	65548863	6	393	201(a)	2	166925324	19	N	3		9445
222075619	65548868	1	393	47(e)	1	166925333	15	N	3		257965
222075620	65548868	2	393	53(b)	1	166925333	16	N	3		385681
222075628	65548874	1	392	2	D		14	N	3		8496
222075645	65548878	1	396	17(c)	2	166925369	29	N	3		9202
222075654	65548881	1	393	75(a)(3)	2	166925380	23	Y	99		9334
222075655	65548881	2	393	48(a)	2	166925380	16	Y	99		9288
222075667	65548887	1	392	2DIM	D		30	N	3	530A150263M	385697
222075672	65548889	1	392	2DIM	D		30	N	3	530A147143M	385697
222075673	65548889	2	393	9(a)	1	166925401	20	N	3		9172
222075674	65548889	3	393	75(a)(3)	1	166925401	23	Y	99		9334
222075675	65548890	1	396	17(c)	1	166925402	29	N	3	530A147144M	9202
222075676	65548890	2	393	9(a)	1	166925402	20	N	3		9172
222075677	65548891	1	392	2DIM	D		30	N	3	530A150264M	385697
222075682	65548893	1	390	21(b)	1	166925407	30	N	3		9426
222075683	65548893	2	393	78	1	166925407	26	N	3		9347
222075684	65548893	3	393	207(a)	1	166925407	22	N	3		9459
222075685	65548893	4	392	2FT	1	166925407	14	N	3		385699
222075686	65548893	5	392	2IRP	1	166925407	30	N	3		385701
222075687	65548893	6	393	205(a)	1	166925407	24	Y	99		9456
222075688	65548895	1	395	8E	D		2	Y	3		253692
222075709	65548918	1	392	2	D		14	N	3	WC0041219	8496
222075710	65548923	1	393	9(a)	2	166925477	20	N	3		9172
222075713	65548942	1	390	21(a)	1	166925516	30	N	3		9566
222075714	65548942	2	392	16	D		11	N	3	530A149491	9386
222075716	65548951	1	395	8	D		7	N	3		9194
222075796	65532792	1	391	41(a)-F	D		1	N	3		393832
222075824	65532818	1	392	2	1	166925664	14	N	3		8496
222075846	65548967	1	392	2	1	166925693	14	N	3		8496
222075887	65532712	1	391	41(a)-F	D		1	N	3		393832
222075888	65532712	2	390	21(b)	1	166925763	30	N	3		9426
222075889	65532712	3	392	2IRP	1	166925763	30	N	3		385701
222075945	65548989	1	395	22(a)	D		7	N	3		396419
222075997	65532955	1	395	24(c)(1)(i)	D		50	N	3		396423
222075998	65532751	1	393	9(a)	1	166925914	20	N	3		9182
222075999	65532751	2	393	104(f)(3)	2	166925915	25	N	3		255027
222076000	65532751	3	393	110(b)	2	166925915	25	Y	1		256389
222076001	65532752	1	393	9(a)	1	166925916	20	N	3		9182
222076020	65532971	1	392	2LV	D		14	N	3		385702
222076021	65532972	1	395	22(h)(1)	D		7	N	3		396420
222076049	65532989	1	392	2IRP	1	166925993	30	N	3		385701
222076050	65532990	1	395	8(a)	D		3	Y	3		254677
222076051	65532990	2	392	2IRP	1	166925994	30	N	3		385701
222076052	65549001	1	395	24(d)	D		7	N	3		396428
222076053	65549001	2	395	8K2	D		3	Y	3		9198
222076054	65549001	3	393	19	1	166925995	20	N	3		9443
222076055	65549001	4	393	11	2	166925996	20	N	3		9422
222076056	65532797	2	390	21(b)	1	166925999	30	N	3		9426
222076057	65532797	3	396	9(d)(2)	1	166925999	30	N	3		9214
222076058	65532797	4	391	41(a)-F	D		1	N	3		393832
222076059	65532797	5	392	2C	D		40	N	3		9389
222076060	65532797	6	393	100(a)	1	166925999	25	Y	99		9417
222076061	65532797	1	392	2IRP	1	166925999	30	N	3		385701
222076232	65532964	1	392	2WC	1	166926212	30	N	3		385707
222076233	65532964	2	393	83(g)	1	166926212	27	N	3		8497
222076234	65532964	3	393	203(a)	1	166926212	30	N	3		9451
222076235	65532964	4	392	2IN	1	166926212	30	N	3		385700
222076236	65532964	5	392	2IRP	1	166926212	30	N	3		385701
222076254	65549033	1	392	2WC	1	166926238	30	N	3		385707
222076255	65549033	2	393	9(a)	1	166926238	20	N	3		9172
222076256	65549035	1	395	8F01	D		3	N	3		396252
222076279	65533095	1	395	8F01	D		3	N	3		396252
222076280	65533095	2	395	8	D		7	N	3		9194
222076281	65533095	3	392	2IRP	1	166926280	30	N	3		385701
222076282	65533095	4	393	55(e)	2	166926281	16	N	3		9305
222076302	65532761	1	392	2IRP	1	166926317	30	N	3		385701
222076318	65532786	1	395	15G02	D		7	N	3		396190
222076330	65549054	1	392	2RG	1	166926381	30	N	3		385705
222076331	65549054	2	396	17(c)	2	166926382	29	N	3		9202
222076357	65533094	1	393	55(e)	2	166926458	16	N	3		9305
222076358	65549066	1	393	55(e)	2	166926460	16	N	3		9305
222076510	65532780	1	396	3(a)(1)	1	166926691	16	N	3		9208
222076511	65532780	2	396	3(a)(1)	2	166926692	16	N	3		9204
222076522	65533059	1	393	78	1	166926710	26	N	3		9347
222076523	65533059	2	393	75(a)(3)	2	166926711	23	Y	99		9334
222076524	65533059	3	393	75C	2	166926711	23	N	3		2909
222076542	65549078	1	393	75(a)(3)	2	166926749	23	Y	99		9334
222076543	65549078	2	393	75(a)(3)	2	166926749	23	Y	99		9334
222076623	65549112	1	392	2AU	1	166926859	30	N	3		385695
222076624	65549112	2	395	8E	D		2	Y	3		253692
222076746	65549162	1	393	95(a)	1	166927050	28	N	3		9178
222076747	65549162	2	393	95(f)	1	166927050	28	N	3		9180
222076748	65549162	3	396	17(c)	1	166927050	29	N	3		9202
222076749	65549162	4	390	21(a)	1	166927050	30	N	3		9566
222076750	65549163	1	392	2RG	1	166927051	30	N	3		385705
222076751	65549163	2	392	2RG	2	166927052	30	N	3		385705
222076754	65549182	2	392	5(a)(2)	D		10	Y	3	B555313	396418
222076762	65549204	1	392	16	D		11	N	3	B537546	9386
222076768	65549207	1	393	81	1	166927311	30	N	3	WARNING	9350
222076769	65549207	2	393	9(a)	1	166927311	20	N	3	WARNING	283327
222076770	65549207	3	393	9(a)	1	166927311	20	N	3	WARNING	396450
222076771	65549207	4	393	9(a)	1	166927311	20	N	3	WARNING	9172
222076772	65549210	1	392	2C	D		40	N	3	B559503-HP	9389
222076778	65549216	1	392	2MI	D		14	N	3	WARNING	385703
222076779	65549217	1	392	2-SLLEWA1	D		47	N	3	B481601-HP	390260
222076780	65549217	2	392	2-SLLEWA2	D		47	N	3	WARNING	390250
222076781	65549217	3	392	2-SLLEWA2	D		47	N	3	WARNING	390250
222076786	65549229	1	396	17(c)	D		29	N	3	B555314-HP	9202
222076789	65533310	1	392	2-SLLS2	D		45	N	3	WARNING	390247
222076790	65533311	1	392	2-SLLS2	D		45	N	3	WARNING	390247
222076791	65533312	1	392	2-SLLS3	D		45	N	3	B539778-HP	390248
222076792	65533312	2	395	22(h)(2)	D		7	N	3	WARNING	396436
222076812	65549241	1	391	15(a)-SIN	D		8	Y	3		393830
222076813	65549241	2	391	41(a)	D		1	N	3		9377
222076814	65549241	3	396	17(c)	1	166927458	29	N	3		9202
222076815	65549241	4	392	2RG	1	166927458	30	N	3		385705
222076816	65549241	5	392	2RG	1	166927458	30	N	3		385705
222076817	65549241	6	393	78	1	166927458	26	N	3		9347
222076818	65549241	7	393	75A	1	166927458	23	N	3		8494
222076819	65549242	1	393	75C	2	166927460	23	N	3		2909
222076820	65549242	2	393	13(a)	2	166927460	20	N	3		9432
222076821	65549242	3	393	60(b)	1	166927459	26	N	3		257570
222076822	65549242	4	392	2	1	166927459	14	N	3		8496
222076839	65549262	1	390	21(a)	1	166927495	30	N	3		9566
222076840	65549262	2	392	2-SLLS2	D		45	N	3		390247
222076841	65549262	3	393	95(a)	1	166927495	28	N	3		9178
222076842	65549262	4	393	95(f)	1	166927495	28	N	3		9180
222076843	65549263	1	391	41(a)-F	D		1	N	3		393832
222076844	65549263	2	393	78	1	166927496	26	N	3		9347
222076861	65549275	1	395	8(a)(1)	D		3	Y	3		396451
222076928	65549309	1	393	95(a)	1	166927585	28	N	3		9178
222076929	65549309	2	393	95(f)	1	166927585	28	N	3		9180
222076930	65549309	3	396	3A1T	2	166927586	23	Y	99		9209
222076931	65549309	4	396	17(c)	2	166927586	29	N	3		9202
222076932	65549309	5	392	2	1	166927585	14	N	3		8496
222076933	65549309	6	392	2	1	166927585	14	N	3		8496
222076934	65549309	7	392	2	2	166927586	14	N	3		8496
222076935	65549309	8	391	41(a)-F	D		1	N	3		393832
222076936	65549309	9	383	23(a)(2)	D		14	Y	3		9547
222076937	65549318	1	395	24(d)	D		7	N	3		396428
222076940	65549335	1	392	2-SLLEWG1	D		47	N	3	C195200001	390249
222076941	65549335	2	392	2	2	166927637	14	N	3		8496
222077001	65549396	1	396	3(a)(1)	1	166927741	16	N	3		9208
222077002	65549396	2	396	3(a)(1)	1	166927741	16	N	3		9208
222077013	65549407	1	396	17(c)	2	166927766	29	N	3		9202
222077015	65549411	1	395	8	D		7	N	3		9194
222077016	65549411	2	395	8	D		7	N	3		9194
222077164	65549529	1	392	2	D		14	N	3		8496
222077165	65549530	1	395	8K2	D		3	Y	3		9198
222077209	65549585	1	396	3(a)(1)	1	166928099	16	N	3		9208
222077240	65549624	1	383	23(a)(2)	D		14	Y	3		9547
222077333	65549714	1	395	8	D		7	N	3		9194
222077334	65549714	2	395	22(h)(2)	D		7	N	3		396436
222077336	65549716	1	392	2W	D		47	N	3	C192200007	385680
222077343	65549731	1	391	41(a)	D		1	N	3		9377
222077344	65549731	2	177	834(a)	1	166928381	34	Y	1		9639
222077345	65549731	3	392	2RG	1	166928381	30	N	3		385705
222077346	65549731	4	393	9(a)	1	166928381	20	N	3		9172
222077347	65549731	5	393	9(a)	1	166928381	20	N	3		396450
222077348	65549731	6	393	95(a)	1	166928381	28	N	3		9178
222077349	65549731	7	393	95(f)	1	166928381	28	N	3		9180
222077362	65549741	1	393	9(a)	2	166928401	20	Y	1		9183
222077363	65549741	2	392	2RG	1	166928400	30	N	3		385705
222077375	65549743	1	392	2W	D		47	N	3		385680
222077376	65549743	2	392	9(a)(3)	D		14	N	3		9414
222077388	65549761	1	392	2W	D		47	N	3	N197000001	385680
222077400	65549771	1	392	2-SLLS2	D		45	N	3		390247
222077401	65549771	2	392	2RG	2	166928453	30	N	3		385705
222077402	65549773	1	392	2-SLLS3	D		45	N	3	9Z0005294	390248
222077403	65549774	1	392	2-SLLS2	D		45	N	3		390247
222077404	65549775	1	392	2-SLLS1	D		45	N	3	9Z0087265	390251
222077405	65549776	1	393	9(a)	2	166928463	20	N	3		9183
222077406	65549776	2	393	9(a)	2	166928463	20	N	3		9172
222077407	65549778	1	392	2WC	1	166928465	30	N	3		385707
222077408	65549778	2	396	17(c)	1	166928465	29	N	3		9202
222077410	65549781	1	392	2DIM	2	166928470	30	N	3		385697
222077411	65549782	1	393	9(a)	1	166928471	20	N	3		9182
222077412	65549783	1	392	2DIM	2	166928474	30	N	3		385697
222077413	65549783	2	392	2	D		14	N	3	9Z0069721	8496
222077414	65549783	3	393	104(f)(3)	2	166928474	25	N	3		255027
222077415	65549783	4	392	2	2	166928474	14	N	3		8496
222077416	65549787	1	392	2-SLLS3	D		45	N	3	9Z0005296	390248
222077417	65549787	2	392	2DIM	2	166928480	30	N	3		385697
222077418	65549787	3	390	21(b)	1	166928479	30	N	3		9426
222077419	65549788	1	392	2-SLLS2	D		45	N	3		390247
222077421	65549790	1	393	9(a)	1	166928486	20	N	3		9172
222077424	65549792	1	391	41(a)-F	D		1	N	3		393832
222077425	65549793	1	392	2MI	1	166928489	14	N	3		385703
222077426	65549793	2	392	2-SLLS2	D		45	N	3		390247
222077427	65549793	3	393	9(a)	2	166928490	20	N	3		9172
222077428	65549794	1	392	2-SLLS2	D		45	N	3	9Z0086908	390247
222077429	65549795	1	392	2W	1	166928493	47	N	3	Z0106371	385680
222077430	65549796	1	393	9(a)	2	166928496	20	N	3		9172
222077431	65549796	2	393	43	2	166928496	16	Y	99		9279
222077432	65549796	3	392	2RG	2	166928496	30	N	3		385705
222077433	65549797	1	392	2C	D		40	N	3		9389
222077434	65549798	1	392	2C	D		40	N	3		9389
222077435	65549799	1	387	301(a)	D		14	N	3		9558
222077437	65549801	1	392	2	2	166928504	14	N	3		8496
222077438	65549802	1	376	11(d)(1)	D		14	N	3		396114
222077439	65549802	2	390	21(b)	1	166928505	30	N	3		9426
222077441	65549805	1	392	2PK	D		14	N	3		385704
222077442	65549806	1	392	2PK	D		14	N	3		385704
222077443	65549807	1	392	2-SLLS2	D		45	N	3		390247
222077444	65549808	1	392	2-SLLS2	D		45	N	3	9Z0086909	390247
222077445	65549809	1	392	2-SLLS2	D		45	N	3	9Z0086910	390247
222077446	65549810	1	392	2-SLLS2	D		45	N	3		390247
222077447	65549812	1	392	2	D		14	N	3		8496
222077448	65549813	1	392	2C	D		40	N	3		9389
222077449	65549813	2	393	60(c)	1	166928525	26	N	3		257571
222077450	65549814	1	392	2MI	D		14	N	3		385703
222077451	65549817	1	392	2IN	1	166928530	30	N	3		385700
222077452	65549818	1	393	9(a)	1	166928531	20	N	3		9182
222077453	65549818	2	393	11	1	166928531	20	N	3		9422
222077454	65549818	3	396	5(b)	1	166928531	24	Y	99		392474
222077455	65549818	4	393	47(a)	1	166928531	16	Y	99		257961
222077457	65549819	1	392	82(a)(1)	D		14	N	3	9Z0081475	392492
222077458	65549822	1	392	82(a)(1)	D		14	N	3	9Z0038254	392492
222077459	65549823	1	392	2FC	D		41	N	3	9Z0038256	9390
222077460	65549823	2	392	2RG	1	166928540	30	N	3	9Z0038256	385705
222077461	65549824	1	392	2-SLLS2	D		45	N	3		390247
222077462	65549824	2	392	2RG	1	166928541	30	N	3		385705
222077463	65549825	1	393	9(a)	2	166928543	20	N	3		9183
222077464	65549825	2	392	2RG	2	166928543	30	N	3		385705
222077465	65549826	1	392	2IN	1	166928544	30	N	3		385700
222077466	65549826	2	393	60(c)	1	166928544	26	N	3		257571
222077467	65549826	3	392	2WC	1	166928544	30	N	3		385707
222077468	65549826	4	393	11	1	166928544	20	N	3		9422
222077469	65549826	5	393	75(a)(3)	1	166928544	23	Y	99		9334
222077470	65549827	1	392	2IN	1	166928545	30	N	3		385700
222077471	65549830	1	392	2IRP	2	166928550	30	N	3		385701
222077472	65549830	2	393	95(a)	1	166928549	28	N	3		9178
222077473	65549830	3	396	17(c)	2	166928550	29	N	3		9202
222077476	65549834	1	393	60(c)	1	166928556	26	N	3		257571
222077477	65549834	2	393	67	1	166928556	18	N	3		9319
222077478	65549835	1	392	2IN	1	166928557	30	N	3		385700
222077479	65549837	1	393	9(a)	2	166928561	20	Y	99		9183
222077480	65549838	1	392	2C	D		40	N	3	9Z0004683	9389
222077481	65549839	1	392	2	D		14	N	3		8496
222077482	65549840	1	392	2	1	166928565	14	N	3		8496
222077483	65549840	2	393	60(c)	1	166928565	26	N	3		257571
222077484	65549840	3	393	9(a)	1	166928565	20	N	3		9172
222077485	65549840	4	393	95(a)	1	166928565	28	N	3		9178
222077486	65549840	5	393	75(a)(1)	1	166928565	23	Y	99		9332
222077489	65549846	1	396	3(a)(1)	1	166928575	30	N	3		9203
222077490	65549846	2	396	3(a)(1)	1	166928575	30	N	3		9203
222077491	65549847	1	392	2-SLLS3	D		45	N	3	9Z0034076	390248
222077492	65549847	2	393	87(a)	2	166928578	30	N	3	9Z0034076	257978
222077493	65549848	1	392	2LV	D		14	N	3	9Z0034080	385702
222077494	65549849	1	392	2C	D		40	N	3		9389
222077495	65549850	1	393	11	2	166928583	20	N	3		9422
222077496	65549852	1	392	2-SLLS3	D		45	N	3	9Z0035525	390248
222077497	65549853	1	392	2-SLLS2	D		45	N	3		390247
222077498	65549853	2	392	2LV	D		14	N	3		385702
222077499	65549859	1	390	21(a)	1	166928599	30	N	3		9566
222077500	65549859	2	390	21(b)	1	166928599	30	N	3		9426
222077501	65549860	1	387	7(f)	D		14	N	3		9565
222077502	65549863	1	393	60(d)	1	166928608	26	N	3		9308
222077503	65549863	2	396	17(c)	1	166928608	29	N	3		9202
222077504	65549864	1	392	2-SLLS2	D		45	N	3		390247
222077505	65549865	1	395	8E	D		2	Y	3		253692
222077506	65549867	1	392	2-SLLS3	D		45	N	3	8Z1009848	390248
222077507	65549872	1	395	24(c)(2)(ii)	D		50	N	3		396426
222077508	65549872	2	395	24(c)(2)(iii)	D		50	N	3		396427
222077509	65549873	1	392	2MI	1	166928628	14	N	3		385703
222077510	65549874	1	392	2MI	D		14	N	3		385703
222077511	65549874	2	387	301(a)	D		14	N	3		9558
222077512	65549874	3	392	2MI	D		14	N	3		385703
222077513	65549874	4	392	2-SLLEWA1	D		47	N	3		390260
222077514	65549874	5	392	2-SLLEWG1	D		47	N	3		390249
222077515	65549875	1	393	9(a)	2	166928634	20	N	3		9172
222077516	65549875	2	383	23(a)(2)	D		14	Y	3	9Z0098061	9547
222077517	65549875	3	395	15G01	D		7	N	3		396254
222077518	65549876	1	392	2MI	1	166928635	14	N	3		385703
222077519	65549877	1	392	2-SLLS2	D		45	N	3		390247
222077520	65549878	1	392	2-SLLS3	D		45	N	3		390248
222077521	65549879	1	392	2-SLLS3	D		45	N	3		390248
222077522	65549881	1	387	7(f)	D		14	N	3		9565
222077523	65549882	1	172	502(a)(1)	3	166928649	32	N	3		8680
222077524	65549884	1	395	8F01	D		3	N	3		396252
222077525	65549884	2	395	3(a)(2)-PROP	D		4	Y	3		393840
222077526	65549884	3	395	3(a)(3)-PROP	D		4	Y	3		393841
222077527	65549884	4	393	9(a)	1	166928652	20	N	3		9172
222077528	65549884	5	392	2RG	1	166928652	30	N	3		385705
222077529	65549884	6	393	86(a)(4)	1	166928652	30	N	3		9363
222077530	65549884	7	395	8	D		7	N	3		9194
222077531	65549885	1	395	34(a)(1)	D		50	N	3		396433
222077532	65549885	2	395	8F01	D		3	N	3		396252
222077533	65549885	3	393	45(d)	1	166928653	16	N	3		392462
222077534	65549885	4	393	67(c)(7)	1	166928653	18	N	3		9320
222077535	65549885	5	396	17(c)	1	166928653	29	N	3		9202
222077536	65549885	6	392	2WC	2	166928654	30	N	3		385707
222077537	65549885	7	396	17(c)	2	166928654	29	N	3		9202
222077538	65549887	1	393	9(a)	1	166928657	20	N	3		9183
222077539	65549888	1	392	2W	D		47	N	3		385680
222077540	65549888	2	383	23(a)(2)	D		14	Y	3		9547
222077541	65549889	1	392	2	D		14	N	3		8496
222077542	65549890	1	392	2	D		14	N	3	9Z0071555	8496
222077543	65549891	1	392	2	D		14	N	3		8496
222077544	65549892	1	393	100(b)	2	166928667	25	Y	99		254958
222077545	65549893	1	393	95(f)	D		28	N	3		9180
222077546	65549895	4	395	8	D		7	N	3		9194
222077547	65549897	1	392	2DIM	2	166928677	30	N	3	9Z0016432	385697
222077548	65549899	1	393	132(b)	2	166928681	25	Y	1		257071
222077549	65549900	1	395	8E	D		2	Y	3		253692
222077550	65549901	1	392	2RG	2	166928685	30	N	3		385705
222077551	65549901	2	392	2RG	1	166928684	30	N	3	9Z0071556	385705
222077552	65549901	3	392	2	D		47	N	3		390266
222077572	65549908	1	392	2RG	D		30	N	3		385705
222077577	65549910	1	392	2C	D		40	N	3		9389
222077583	65549915	1	390	21(b)	1	166928725	30	N	3		9426
222077584	65549915	2	393	95(a)	1	166928725	28	N	3		9178
222077585	65549915	3	393	95(f)	1	166928725	28	N	3		9180
222077586	65549918	1	393	9(a)	1	166928729	20	N	3		9183
222077587	65549918	2	392	2	D		14	N	3		8496
222077588	65549919	1	392	2	D		14	N	3	9Z0001492	8496
222077589	65549920	1	393	24(a)	1	166928733	20	N	3		257953
222077590	65549923	1	393	24(c)	1	166928743	20	N	3		257955
222077591	65549923	2	393	9(a)	1	166928743	20	Y	99		283327
222077592	65549923	3	393	203(c)	1	166928743	30	Y	99		9453
222077593	65549924	1	392	2LC	D		42	N	3	9Z0001681	9392
222077594	65549924	2	393	95(f)	1	166928744	28	N	3		9180
222077598	65549929	1	393	55(e)	2	166928754	16	N	3		9305
222077600	65549931	1	392	2	D		14	N	3	9Z0030348	8496
222077601	65549931	2	393	75(a)(3)	1	166928757	23	Y	99		9334
222077602	65549931	3	393	75(a)(3)	1	166928757	23	Y	99		9334
222077603	65549931	4	393	47(e)	2	166928758	15	N	3		257965
222077604	65549931	5	393	53(b)	2	166928758	16	N	3		385681
222077605	65549931	6	393	48(a)	2	166928758	16	Y	99		9288
222077606	65549931	7	396	3(a)(1)	2	166928758	15	Y	99	9Z0029581	383183
222077607	65549931	8	393	203(e)	1	166928757	19	N	3		9455
222077608	65549931	9	393	45(d)	1	166928757	16	N	3		392463
222077609	65549931	10	393	45(d)	1	166928757	16	Y	99		257960
222077610	65549932	1	392	2-SLLS2	D		45	N	3		390247
222077611	65549932	2	393	9(a)	1	166928759	20	N	3		283327
222077612	65549937	1	390	21(b)	1	166928769	30	N	3		9426
222077613	65549937	2	393	43	2	166928770	16	Y	99		9279
222077614	65549937	3	391	41(a)-F	D		1	N	3		393832
222077615	65549940	1	396	17(c)	1	166928774	29	N	3		9202
222077616	65549940	2	393	9(a)	1	166928774	20	N	3		9182
222077617	65549940	3	393	78	1	166928774	26	N	3		9347
222077622	65549950	1	393	9(a)	2	166928790	20	Y	99		9183
222077623	65549950	2	393	9(a)	2	166928790	20	Y	99		396450
222077624	65549951	1	392	2-SLLEWA1	2	166928792	47	N	3	9Z0034816	390260
222077625	65549952	1	392	2-SLLEWA1	1	166928793	47	N	3	9Z0034817	390260
222077626	65549953	1	392	2-SLLS2	D		45	N	3	9Z0070045	390247
222077627	65549953	2	396	3(a)(1)	2	166928795	16	Y	99	9Z0070045	9204
222077628	65549954	1	392	2-SLLS2	D		45	N	3		390247
222077629	65549955	1	393	9(a)	2	166928799	20	Y	99		283327
222077630	65549955	2	393	100(a)	2	166928799	25	Y	99		9417
222077631	65549956	1	392	2-SLLS2	D		45	N	3	9Z0005292	390247
222077642	65549960	1	387	301(a)	D		14	N	3		9558
222077643	65549960	2	392	2RG	D		30	N	3		385705
222077644	65549960	3	392	2FT	D		14	N	3		385699
222077645	65549960	4	396	17(c)	D		29	N	3		9202
222077646	65549963	1	392	2W	1	166928813	47	N	3		385680
222077647	65549964	1	392	2W	2	166928816	47	N	3	9Z0106370	385680
222077648	65549965	1	393	205(c)	2	166928818	24	N	3		9458
222077649	65549966	1	392	2RG	D		30	N	3	9Z0069720	385705
222077650	65549966	2	392	2RG	D		30	N	3		385705
222077651	65549966	3	392	2	D		47	N	3	9Z0069720	390266
222077652	65549966	4	392	2-SLLEWA1	D		47	N	3		390260
222077653	65549968	1	392	2-SLLEWA1	D		47	N	3		390260
222077654	65549968	2	396	3(a)(1)	1	166928822	16	N	3		9204
222077655	65549968	3	393	106(a)	1	166928822	25	N	3		9421
222077663	65549975	1	383	23(a)(2)	D		14	Y	3		9547
222077664	65549975	2	392	9b(a)	1	166928848	30	N	3		396081
222077665	65549975	3	392	2	D		47	N	3	360327AA/195	390241
222077666	65549975	4	395	8(a)	D		3	Y	3		254677
222077674	65549981	1	392	2-SLLS4	D		45	N	3	387072AA 90/75	390240
222077675	65549981	2	383	23(a)(2)	D		14	Y	3	387073AA CL:F	9547
222077676	65549981	3	395	8(a)	D		3	Y	3		254677
222077677	65549981	4	390	21(a)	1	166928861	30	N	3		9566
222077678	65549981	5	392	2IRP	2	166928862	30	N	3		385701
222077679	65549981	6	392	16	D		11	N	3	387074AA	9386
222077682	65549991	5	396	3(a)(1)	1	166928880	16	Y	99		9204
222077683	65549991	6	395	8(a)	D		3	Y	3	381870AA/175	254677
222077684	65549991	7	396	5(b)	1	166928880	24	Y	99		392472
222077685	65549991	8	393	209(d)	1	166928880	21	Y	99		8493
222077686	65549991	9	396	3A1T	1	166928880	23	Y	99		9209
222077687	65549991	10	393	60(c)	1	166928880	26	N	3		257571
222077688	65549991	11	393	95(a)	1	166928880	28	N	3		9178
222077689	65549991	12	396	5(b)	2	166928881	24	Y	99		392472
222077690	65549991	13	396	9(c)(2)	1	166928880	14	Y	99	381868AA/245	9213
222077691	65549991	14	396	3(a)(1)	1	166928880	15	Y	99		383183
222077692	65549991	1	392	2MI	D		14	N	3	388947AA/75	385703
222077693	65549991	2	392	2	D		14	N	3	388949AA/125	8496
222077694	65549991	3	392	2FT	D		14	N	3	388948AA/75	385699
222077695	65549991	4	393	48(a)	1	166928880	16	Y	99	381869AA/175	9288
222077701	65549992	1	395	8	D		7	N	3		9194
222077702	65549992	2	390	21(a)	1	166928884	30	N	3		9566
222077706	65549996	1	392	2	2	166928891	14	N	3		8496
222077735	65550004	1	392	2	D		12	N	3		396348
222077736	65550004	2	392	9(a)	2	166928904	25	N	3		9411
222077737	65550005	1	390	21(b)	1	166928905	30	N	3		9426
222077738	65550005	2	376	11(d)(1)	1	166928905	14	N	3		396114
222077739	65550005	3	393	95(a)	1	166928905	28	N	3	T7942682-6	9178
222077740	65550005	4	393	95(f)	1	166928905	28	N	3	T7942683-0	9180
222077741	65550005	5	396	3(a)(1)	1	166928905	30	N	3		9203
222077745	65550007	1	392	16	D		11	N	3		9386
222077746	65550008	1	392	16	D		11	N	3		9386
222077748	65550011	1	390	21(b)	1	166928915	30	N	3		9426
222077749	65550011	2	393	95(a)	1	166928915	28	N	3		9178
222077750	65550011	3	393	95(f)	1	166928915	28	N	3		9180
222077751	65550011	4	396	17(c)	2	166928916	29	N	3		9202
222077752	65550012	1	392	2-SLLS2	D		45	N	3		390247
222077753	65550013	1	392	2-SLLS2	D		45	N	3		390247
222077765	65550024	1	393	104(b)	1	166928935	25	N	3		10044
222077766	65550025	1	396	3A1DSCB	1	166928936	30	N	3		396116
222077774	65550034	1	392	2	D		47	N	3	E-0004099-4	390241
222077775	65550035	1	392	2	D		14	N	3		8496
222077776	65550035	2	392	2	D		14	N	3		8496
222077786	65550038	1	393	9(a)	1	166928955	20	N	3	T7899969-0	9182
222077787	65550038	2	393	11	1	166928955	20	N	3	T7899970-1	9428
222077788	65550038	3	393	45(b)(2)	1	166928955	16	N	3	T7899971-2	392460
222077789	65550038	4	393	75A	2	166928956	23	Y	99	T7939498-0	8494
222077790	65550038	5	393	55(e)	2	166928956	16	N	3	T7939499-1	9305
222077794	65550043	1	390	21(c)	1	166928963	30	N	3		9368
222077795	65550043	2	393	209(e)	1	166928963	21	N	3		9267
222077796	65550043	3	396	5(b)	1	166928963	30	N	3		9211
222077797	65550043	4	393	95(a)	1	166928963	28	N	3		9178
222077798	65550044	1	393	75(a)(2)	1	166928964	23	N	3		9333
222077799	65550044	2	392	2	1	166928964	14	N	3		8496
222077800	65550044	3	392	2	1	166928964	14	N	3		8496
222077818	65550046	1	392	2C	D		40	N	3		9389
222077823	65550051	1	392	2DIM	D		30	N	3		385697
222077824	65550052	1	392	2DIM	D		30	N	3	T7922621-0	385697
222077825	65550052	2	393	75C-OOS	1	166928975	99	Y	99	T7922622-1	396408
222077826	65550052	3	392	60(a)	D		14	N	3		9405
222077827	65550053	1	392	9b(a)	1	166928977	30	Y	99		396448
222077828	65550053	2	390	21(b)	1	166928977	30	N	3	T7922623-2	9426
222077829	65550053	3	396	17(c)	1	166928977	29	N	3	T7922624-3	9202
222077830	65550053	4	396	17(c)	2	166928978	29	N	3		9202
222077831	65550053	5	393	78	1	166928977	26	N	3		9347
222077832	65550053	6	396	9(d)(2)	1	166928977	30	N	3		9214
222077833	65550053	7	396	9(d)(2)	1	166928977	30	N	3		9214
222077834	65550053	8	393	48(a)	2	166928978	16	Y	99		9288
222077835	65550053	9	393	43	2	166928978	16	Y	99		9279
222077836	65550053	10	383	23(a)(2)	D		14	Y	99	T7922625-4	9547
222077837	65550053	11	391	41(a)-FPC	D		1	Y	99	T7922626-5	393833
222077838	65550053	12	395	8(a)(1)	D		3	Y	99		396452
222077839	65550053	13	396	9(d)(2)	D		30	N	3		9214
222077840	65550053	14	396	9(d)(2)	D		30	N	3		9214
222077841	65550053	15	392	16	D		11	N	3	T7922627-6	9386
222077850	65550057	1	393	9(a)	1	166928985	20	N	3	T7924257-5	9182
222077851	65550057	2	395	22(h)(4)	1	166928985	7	N	3	T7924258-6	396422
222077852	65550057	3	395	22(h)(1)	1	166928985	7	N	3	T7924259-0	396420
222077853	65550057	4	395	22(h)(2)	1	166928985	7	N	3	T7924260-1	396436
222077854	65550057	5	395	22(g)	1	166928985	7	N	3	T7924261-2	396435
222077855	65550057	6	393	55(e)	2	166928986	16	N	3	T7924262-3	9305
222077856	65550058	1	393	9(a)	1	166928987	20	N	3	T7924264-5	9172
222077857	65550058	2	393	9(a)	1	166928987	20	N	3	T7924265-6	9172
222077858	65550058	3	393	9(a)	1	166928987	20	N	3	T7924266-0	9172
222077859	65550058	4	395	15G	1	166928987	7	N	3	T7924267-1	9188
222077860	65550059	1	392	2-SLLS3	D		45	N	3		390248
222077864	65550061	1	393	45(b)(2)	1	166928990	16	N	3		257958
222077865	65550061	2	172	201(a)(1)	D		31	N	3		8587
222077866	65550062	1	395	8	D		7	N	3		9194
222077867	65550062	2	392	2	D		14	N	3		8496
222077868	65550062	3	393	43(d)	2	166928992	16	Y	99		9281
222077875	65550070	1	392	2FT	1	166929001	14	N	3		385699
222077876	65550070	2	392	2RG	1	166929001	30	N	3	T7671415-3	385705
222077877	65550070	3	392	2RG	2	166929002	30	N	3		385705
222077906	65550086	1	393	95(f)	1	166929029	28	N	3	T7930312-5	9180
222077907	65550086	2	393	60(e)-WS	1	166929029	30	N	3		390337
222077908	65550088	1	393	104(f)(3)	2	166929034	25	Y	99		255027
222077909	65550088	2	393	104(f)(3)	2	166929034	25	Y	99	T7930313-6	255027
222077910	65550088	3	392	9(a)(2)	2	166929034	25	Y	99	T7930314-0	9413
222077911	65550089	1	395	8(a)(1)	D		3	Y	99	T7944856-3	396452
222077912	65550089	2	391	41(a)-F	D		1	N	3		393832
222077913	65550089	3	383	23(a)(2)	D		14	Y	99	T7944857-4	9547
222077914	65550089	4	392	2FT	1	166929035	14	N	3		385699
222077915	65550089	5	392	2IRP	1	166929035	30	N	3		385701
222077916	65550089	6	390	21(b)	1	166929035	30	N	3		9426
222077917	65550089	7	392	9b(a)	1	166929035	30	N	3	T7944858-5	396080
222077918	65550089	8	392	2IN	1	166929035	30	N	3	T7944859-6	385700
222077919	65550089	9	392	9a(a)(2)	1	166929035	30	Y	99		349840
222077920	65550089	10	393	95(a)	1	166929035	28	N	3		9178
222077921	65550089	11	393	95(f)	1	166929035	28	N	3		9180
222077922	65550089	12	396	17(c)	1	166929035	29	N	3		9202
222077923	65550089	13	396	17(c)	2	166929036	29	N	3		9202
222077924	65550089	14	393	43	2	166929036	16	Y	99	T7944860-0	9279
222077925	65550090	1	393	95(a)	1	166929037	28	N	3	T7715518-6	9178
222077926	65550090	2	396	3(a)(1)	1	166929037	16	N	3		9208
222077931	65550098	1	391	41(a)-F	D		1	N	3	E0004550-0	393832
222077932	65550100	1	390	21(b)	1	166929050	30	N	3		9426
222077948	65550124	1	392	2MI	D		14	N	3	E0022068-4	385703
222077965	65550131	1	393	45(b)(2)	1	166929101	16	N	3		257958
222077966	65550131	2	393	9(a)	1	166929101	20	N	3		9172
222077997	65550144	1	391	45(b)	D		1	N	3	E0006312-5	8487
222077998	65550144	2	393	75(a)(3)	1	166929125	23	Y	99	E0006313-6	9334
222077999	65550144	3	392	16	D		11	N	3		9386
222078000	65550144	4	396	5(b)	1	166929125	30	N	3		9211
222078001	65550144	5	393	60(d)	1	166929125	26	N	3	E0006314-0	9308
222078044	65550166	1	390	21(b)	1	166929164	30	N	3		9426
222078045	65550166	2	390	19A1-NOREG	1	166929164	30	N	3		396391
222078046	65550166	3	396	17(c)	2	166929165	29	N	3	T7901942-6	9202
222078047	65550166	4	391	41(a)-F	D		1	N	3	T7901943-0	393832
222078048	65550166	5	393	9(a)	2	166929165	20	N	3		9172
222078065	65550178	1	392	2WC	2	166929187	30	N	3		385707
222078066	65550179	2	392	2IRP	1	166929188	30	N	3		385701
222078067	65550179	1	392	2C	D		40	N	3		9389
222078068	65550180	1	392	2C	D		40	N	3		9389
222078069	65550180	2	392	2	1	166929190	30	N	3		379214
222078071	65550182	1	395	22(g)	D		7	N	3		396435
222078072	65550182	2	395	22(h)(2)	D		7	N	3		396436
222078073	65550182	3	393	95(f)	1	166929194	28	N	3	T7865579-1	9180
222078074	65550182	4	393	60(c)	1	166929194	26	N	3		257571
222078075	65550182	5	393	9(a)	1	166929194	20	N	3		9172
222078076	65550182	6	393	45(b)(2)	1	166929194	16	Y	99		257958
222078077	65550182	7	396	17(c)	1	166929194	29	N	3		9202
222078078	65550182	8	393	45(d)	1	166929194	16	N	3		392462
222078079	65550182	9	396	5(b)	1	166929194	24	Y	99	T7865580-2	392474
222078080	65550182	10	396	5(b)	1	166929194	24	Y	99		392474
222078081	65550182	11	393	47(a)	1	166929194	16	N	3	T7929126-2	257961
222078082	65550182	12	393	47(a)	1	166929194	16	N	3		257961
222078083	65550182	13	393	48(a)	1	166929194	16	N	3		9288
222078084	65550182	14	393	48(a)	1	166929194	16	N	3		9288
222078085	65550182	15	396	3(a)(1)	1	166929194	16	N	3	T7929127-3	9204
222078086	65550182	16	393	47(e)	1	166929194	15	N	3		257965
222078087	65550182	17	393	47(e)	1	166929194	15	N	3		257965
222078088	65550182	18	393	53(b)	1	166929194	16	N	3		385681
222078089	65550182	19	396	3(a)(1)	1	166929194	15	Y	99		383183
222078090	65550182	20	393	9(a)	2	166929195	20	Y	99	T7929128-4	283327
222078091	65550182	21	393	9(a)	2	166929195	20	Y	99		396450
222078092	65550182	22	393	11	2	166929195	20	N	3		9422
222078093	65550182	23	393	9(a)	2	166929195	20	N	3		9172
222078094	65550182	24	396	5(a)	2	166929195	24	Y	99		392471
222078095	65550182	25	396	17(c)	2	166929195	29	N	3	T7929129-5	9202
222078096	65550182	26	393	45(b)(2)	2	166929195	16	Y	99		392460
222078097	65550182	27	393	207(a)	2	166929195	22	Y	99		9459
222078098	65550182	28	393	55(e)	2	166929195	16	N	3		9305
222078099	65550182	29	393	47(e)	2	166929195	15	N	3		257965
222078100	65550182	30	393	53(b)	2	166929195	16	N	3		385681
222078102	65550184	1	395	22(g)	D		7	N	3		396435
222078103	65550184	2	395	8E	D		2	N	3		253692
222078104	65550184	3	393	9(a)	1	166929198	20	N	3		9172
222078105	65550184	4	396	17(c)	1	166929198	29	N	3		9202
222078106	65550184	5	396	3(a)(1)	1	166929198	30	N	3		9203
222078107	65550184	6	393	45(b)(2)	1	166929198	16	Y	99	T7929130-6	257958
222078108	65550184	7	393	45(d)	1	166929198	16	N	3		257960
222078109	65550184	8	393	43(a)	1	166929198	16	Y	99	T7929131-0	9280
222078110	65550184	9	393	55(d)(1)	1	166929198	16	N	3		9302
222078111	65550184	10	396	17(c)	2	166929199	29	N	3		9202
222078112	65550184	11	393	9(a)	2	166929199	20	N	3		9172
222078113	65550184	12	396	3(a)(1)	2	166929199	30	N	3		9203
222078114	65550184	13	393	45(b)(2)	2	166929199	16	N	3		392460
222078115	65550184	14	393	45(d)	2	166929199	16	N	3		392462
222078116	65550184	15	393	55(e)	2	166929199	16	N	3		9305
222078117	65550184	16	396	9(d)(2)	2	166929199	30	N	3	T7929132-1	9214
222078118	65550185	1	392	2	D		14	N	3	T7905867-4	8496
222078123	65550186	1	393	9(a)	1	166929204	20	N	3		9172
222078133	65550194	1	393	9(a)	1	166929217	20	N	3		9182
222078134	65550194	2	393	9(a)	1	166929217	20	N	3		283327
222078135	65550194	3	392	2IRP	1	166929217	30	N	3		385701
222078136	65550194	4	391	11B2	D		14	N	3		9372
222078137	65550194	5	395	15I9	D		7	N	3		396267
222078157	65550205	1	392	2	D		14	N	3	T7893436-5	8496
222078158	65550205	2	390	21(b)	1	166929235	30	N	3		9426
222078159	65550206	1	390	21(b)	1	166929236	30	N	3		9426
222078160	65550206	2	391	41(a)-F	D		1	N	3	E0004552-2	393832
222078172	65550208	1	391	41(a)-F	D		1	N	3		393832
222078173	65550208	2	391	11(b)(5)-DNL	D		14	Y	3	E0001430-2	393827
222078213	65550213	1	390	21(a)	1	166929254	30	N	3		9566
222078214	65550213	2	391	41(a)-F	D		1	N	3		393832
222078215	65550213	3	392	2DL	D		14	N	3		385698
222078216	65550213	4	392	2IN	1	166929254	30	N	3		385700
222078227	65550229	1	393	9(a)	1	166929275	20	N	3		9172
222078228	65550229	2	393	11	1	166929275	20	N	3		9422
222078229	65550229	3	393	9(a)	1	166929275	20	N	3		9182
222078230	65550229	4	393	95(f)	1	166929275	28	N	3		9180
222078231	65550229	5	393	81	1	166929275	30	N	3		9350
222078249	65550235	1	392	2-SLLS4	D		45	N	3	T7910292-5	390240
222078252	65550240	1	393	75A	2	166929295	23	Y	99	T7818716-3	8494
222078263	65550243	1	392	16	D		11	N	3		9386
222078284	65550249	1	392	2	D		14	N	3	T7870105-5	8496
222078285	65550249	2	391	45(b)	D		1	N	3		8487
222078286	65550252	1	393	70	1	166929311	17	N	3		9322
222078287	65550252	2	387	303(b)(4)	2	166929312	14	N	3		9560
222078288	65550252	3	396	9(d)(2)	2	166929312	30	N	3		9214
222078289	65550252	4	393	25(e)	2	166929312	20	N	3		9270
222078290	65550253	1	392	2LV	D		14	N	3		385702
222078292	65550256	1	392	2C	D		40	N	3	T7751931-5	9389
222078293	65550257	1	390	21(b)	1	166929320	30	N	3		9426
222078294	65550259	1	391	41(a)-F	D		1	N	3	T7662469-3	393832
222078295	65550259	2	392	16	1	166929322	11	N	3	T7662470-4	9386
222078296	65550259	3	392	7(a)	D		14	N	3		390280
222078297	65550259	4	392	82(a)(1)	D		14	N	3	T7662471-5	392492
222078298	65550259	5	392	9b(a)	1	166929322	30	N	3	T7662472-6	396447
222078299	65550259	6	390	21(b)	1	166929322	30	N	3	T7662473-0	9426
222078300	65550259	7	392	9	D		25	Y	99	T7662474-1	9410
222078301	65550259	8	390	21(b)	1	166929322	30	N	3	T7662475-2	9426
222078302	65550259	9	387	301(a)	1	166929322	14	N	3	T7662476-3	9558
222078310	65550267	1	390	21(b)	1	166929336	30	N	3		9426
222078311	65550267	2	392	9b(a)	1	166929336	30	N	3		396080
222078312	65550267	3	392	16	D		11	N	3		9386
222078313	65550267	4	392	2	1	166929336	14	N	3		8496
222078314	65550267	5	393	95(a)	1	166929336	28	N	3		9178
222078315	65550267	6	393	95(f)	1	166929336	28	N	3		9180
222078316	65550267	7	395	8(a)(1)	D		3	Y	99		396452
222078317	65550267	8	392	2	1	166929336	14	N	3	T7831373-4	8496
222078318	65550268	1	392	2	D		14	N	3		8496
222078320	65550275	1	393	95(a)	1	166929346	28	N	3		9178
222078321	65550275	2	393	19	1	166929346	20	N	3		9443
222078322	65550275	3	393	203(c)	1	166929346	30	N	3		9453
222078323	65550275	4	393	55(d)(2)	1	166929346	16	N	3		9303
222078324	65550275	5	396	17(c)	2	166929347	29	N	3	T7816896-3	9202
222078325	65550275	6	393	55(e)	2	166929347	16	N	3		9305
222078326	65550275	7	393	11	2	166929347	20	N	3		9422
222078327	65550276	1	392	2DIM	2	166929349	30	N	3	T7816897-4	385697
222078330	65550286	1	393	60(d)	1	166929365	26	N	3	T7937514-4	9308
222078331	65550286	2	393	45(b)(2)	2	166929366	16	N	3		392460
222078332	65550287	1	393	60(d)	1	166929367	26	N	3	T7937516-6	9308
222078333	65550287	2	396	9(d)(2)	1	166929367	30	N	3		9214
222078334	65550287	3	393	48(a)	2	166929368	16	N	3		9288
222078335	65550287	4	393	48(a)	2	166929368	16	N	3		9288
222078336	65550287	5	393	48(a)	2	166929368	16	N	3		9288
222078337	65550287	6	393	48(a)	2	166929368	16	N	3		9288
222078338	65550287	7	396	3(a)(1)	2	166929368	15	Y	99		383183
222078339	65550287	8	393	9(a)	2	166929368	20	N	3		9172
222078340	65550288	1	392	2	D		14	N	3	T7831374-5	8496
222078341	65550288	2	392	2IRP	1	166929369	30	N	3		385701
222078372	65550308	1	392	2	1	166929414	14	N	3		8496
222078392	65550315	1	392	2PK	D		14	N	3	T7892789-2	385704
222078393	65550315	2	393	9(a)	1	166929427	20	N	3		9172
222078394	65550316	1	396	3(a)(1)	2	166929429	30	N	3		9203
222078395	65550317	1	395	22(g)	1	166929430	7	N	3		396435
222078396	65550317	2	395	22(h)(2)	D		7	N	3		396436
222078398	65550321	1	392	2-SLLS4	D		45	N	3		390240
222078404	65550323	1	392	16	D		11	N	3		9386
222078405	65550323	3	396	5(b)	1	166929440	30	N	3		9211
222078406	65550323	4	392	2IRP	1	166929440	30	N	3	T7865283-6	385701
222078410	65550327	1	392	16	D		11	N	3		9386
222078424	65550331	1	393	9(a)	1	166929456	20	N	3		9172
222078425	65550331	2	393	75B	1	166929456	23	N	3		254322
222078426	65550331	3	393	75C	1	166929456	23	N	3		2909
222078427	65550333	1	396	5(b)	1	166929458	30	N	3		9211
222078445	65550340	1	393	55(c)(2)	1	166929471	16	N	3		9301
222078446	65550340	2	393	11	1	166929471	20	N	3		9422
222078447	65550340	3	396	5(b)	1	166929471	30	N	3		9211
222078448	65550340	4	393	83(g)	1	166929471	27	N	3		8497
222078449	65550342	1	396	5(b)	1	166929473	30	N	3		9211
222078450	65550342	2	393	95(a)	1	166929473	28	N	3		9178
222078451	65550342	3	393	75(a)(2)	2	166929474	23	N	3		9333
222078452	65550342	4	393	55(e)	2	166929474	16	N	3		9305
222078453	65550342	5	396	17(c)	2	166929474	29	N	3		9202
222078454	65550343	1	396	5(b)	1	166929475	30	N	3		9211
222078455	65550343	2	393	209(e)	1	166929475	21	N	3		9267
222078456	65550343	3	393	9(a)	1	166929475	20	Y	99		9172
222078457	65550344	1	393	209(e)	1	166929476	21	N	3		9267
222078458	65550344	2	396	5(b)	1	166929476	30	N	3		9211
222078459	65550344	3	393	78	1	166929476	26	N	3		9347
222078460	65550344	4	393	9(a)	1	166929476	20	N	3		9172
222078461	65550344	5	393	55(d)(2)	1	166929476	16	N	3		9303
222078462	65550344	6	396	9(d)(2)	1	166929476	30	N	3		9214
222078463	65550344	7	393	55(e)	2	166929477	16	N	3		9305
222078470	65550359	1	396	3(a)(1)	1	166929498	30	N	3		9203
222078471	65550360	1	393	75(a)(3)	2	166929501	23	Y	1		9334
222078472	65550360	2	393	55(e)	2	166929501	16	N	3		9305
222078473	65550361	1	393	47(e)	1	166929502	15	N	3		257965
222078474	65550361	2	393	53(b)	1	166929502	16	N	3		385681
222078475	65550361	3	393	9(a)	2	166929503	20	Y	99		9172
222078476	65550361	4	393	9(a)	2	166929503	20	N	3		9172
222078477	65550361	5	393	86(a)(1)	2	166929503	30	N	3		9360
222078478	65550362	1	393	75(a)(3)	1	166929504	23	Y	1		9334
222078479	65550362	2	393	60(c)	1	166929504	26	N	3		257571
222078480	65550362	3	393	207(a)	1	166929504	22	N	3		9459
222078481	65550362	4	393	83(g)	1	166929504	27	N	3		8497
222078482	65550362	5	393	209(e)	1	166929504	21	N	3		9267
222078483	65550362	6	393	9(a)	1	166929504	20	N	3		9172
222078484	65550363	1	393	83(g)	1	166929505	27	N	3		8497
222078485	65550363	2	393	9(a)	1	166929505	20	N	3		9172
222078486	65550363	3	393	55(e)	2	166929506	16	N	3		9305
222078487	65550363	4	396	3(a)(1)	2	166929506	30	N	3		9203
222078488	65550364	1	393	11	1	166929507	20	N	3		9422
222078489	65550364	2	393	9(a)	1	166929507	20	N	3		9172
222078490	65550364	3	393	78	1	166929507	26	N	3		9347
222078491	65550364	4	393	45(b)(2)	1	166929507	16	N	3		257958
222078492	65550364	5	393	209(e)	1	166929507	21	N	3		9267
222078493	65550365	1	393	55(d)(1)	1	166929508	16	N	3		9302
222078494	65550365	2	393	83(g)	1	166929508	27	N	3		8497
222078495	65550365	3	393	55(e)	2	166929509	16	N	3		9305
222078496	65550367	1	393	209(e)	1	166929511	21	N	3		9267
222078497	65550367	2	396	5(b)	1	166929511	30	N	3		9211
222078498	65550367	3	390	21(c)	1	166929511	30	N	3		9368
222078499	65550367	4	390	19B2-BIENNIAL	1	166929511	99	N	3		396411
222078500	65550368	1	393	60(c)	1	166929512	26	N	3		257571
222078501	65550368	2	393	83(g)	1	166929512	27	N	3		8497
222078502	65550368	3	393	209(e)	1	166929512	21	N	3		9267
222078503	65550368	4	393	81	1	166929512	30	N	3		9350
222078504	65550368	5	393	9(a)	1	166929512	20	Y	99		9172
222078505	65550368	6	393	9(a)	1	166929512	20	N	3		9172
222078514	65550381	1	393	75(a)(3)	1	166929531	23	Y	1		9334
222078515	65550381	2	393	209(e)	1	166929531	21	N	3		9267
222078516	65550381	3	396	5(b)	1	166929531	30	N	3		9211
222078517	65550382	1	393	9(a)	1	166929532	20	Y	1		9172
222078518	65550382	2	393	9(a)	1	166929532	20	N	3		9172
222078519	65550382	3	393	11	1	166929532	20	N	3		9422
222078520	65550382	4	393	83(g)	1	166929532	27	N	3		8497
222078521	65550382	5	393	209(e)	1	166929532	21	N	3		9267
222078522	65550382	6	396	5(b)	1	166929532	30	N	3		9211
222078523	65550382	7	396	5(b)	1	166929532	30	N	3		9211
222078524	65550382	8	393	48(a)	1	166929532	16	N	3		9288
222078525	65550385	1	396	5(b)	1	166929535	30	N	3		9211
222078526	65550385	2	393	48(a)	1	166929535	16	N	3		9288
222078527	65550386	1	393	75(a)(2)	1	166929536	23	N	3		9333
222078528	65550386	2	393	75C	1	166929536	23	N	3		2909
222078529	65550386	3	393	83(g)	1	166929536	27	N	3		8497
222078530	65550386	4	393	209(e)	1	166929536	21	N	3		9267
222078531	65550386	5	393	55(d)(1)	1	166929536	16	N	3		9302
222078536	65550414	1	393	78	1	166929577	26	N	3		9347
222078537	65550414	2	393	209(e)	1	166929577	21	N	3		9267
222078538	65550414	3	396	5(b)	1	166929577	30	N	3		9211
222078539	65550414	4	393	83(h)	1	166929577	27	N	3		9358
222078540	65550415	1	393	60(c)	1	166929578	26	N	3		257571
222078541	65550415	2	393	9(a)	1	166929578	20	N	3		9172
222078542	65550415	3	393	45(b)(2)	1	166929578	16	N	3		257958
222078543	65550415	4	393	83(g)	1	166929578	27	N	3		8497
222078544	65550416	1	393	78	1	166929579	26	N	3		9347
222078545	65550416	2	393	209(e)	1	166929579	21	N	3		9267
222078546	65550416	3	393	75C	1	166929579	23	N	3		2909
222078547	65550416	4	393	75C	1	166929579	23	N	3		2909
222078548	65550416	5	393	75(a)(3)	1	166929579	23	Y	99		9334
222078549	65550417	1	393	55(d)(1)	1	166929580	16	N	3		9302
222078550	65550417	2	396	5(b)	1	166929580	30	N	3		9211
222078551	65550417	3	396	5(b)	1	166929580	30	N	3		9211
222078552	65550418	1	393	55(d)(1)	1	166929581	16	N	3		9302
222078553	65550419	1	393	55(d)(1)	1	166929582	16	N	3		9302
222078554	65550419	2	396	5(b)	1	166929582	30	N	3		9211
222078555	65550420	1	393	55(d)(1)	1	166929583	16	N	3		9302
222078556	65550426	1	387	303(b)(4)	1	166929592	14	N	3		9560
222078557	65550433	1	393	207(c)	1	166929600	22	N	3		9328
222078558	65550433	2	393	45(b)(2)	1	166929600	16	N	3		257958
222078559	65550434	1	393	9(a)	1	166929601	20	N	3		9172
222078560	65550434	2	393	78	1	166929601	26	N	3		9347
222078561	65550434	3	393	75(a)(3)	1	166929601	23	Y	1		9334
222078562	65550434	4	393	55(e)	2	166929602	16	N	3		9305
222078578	65550447	1	393	55(e)	2	166929618	16	N	3		9305
222078579	65550449	1	387	7A-MC	1	166929621	14	N	3		393822
222078582	65550457	1	396	3A1T	1	166929631	23	N	3		9209
222078583	65550457	2	393	51	1	166929631	16	Y	99		9294
222078584	65550457	3	396	5(b)	2	166929632	24	N	3		392473
222078585	65550457	4	393	82	1	166929631	30	N	3		9351
222078586	65550458	1	171	2(g)	2	166929634	39	N	3		40741
222078587	65550458	2	107	620(b)	1	166929633	39	N	3		8488
222078588	65550459	1	393	11	2	166929636	20	N	3		9427
222078589	65550459	2	393	207(f)	2	166929636	22	Y	99		9263
222078590	65550460	1	396	3(a)(1)	1	166929637	30	Y	99		9203
222078591	65550460	2	393	78	1	166929637	26	N	3		9347
222078592	65550460	3	393	80	1	166929637	30	N	3		9349
222078593	65550460	4	393	9(a)	2	166929638	20	N	3		9172
222078594	65550460	5	393	11	2	166929638	20	N	3		9427
222078595	65550468	1	393	75(a)(2)	1	166929650	23	N	3		9333
222078596	65550469	1	393	78	1	166929651	26	N	3		9347
222078597	65550469	2	393	209(e)	1	166929651	21	N	3		9267
222078598	65550469	3	393	83(g)	1	166929651	27	N	3		8497
222078599	65550469	4	393	75(a)(2)	1	166929651	23	N	3		9333
222078600	65550469	5	393	47(e)	1	166929651	15	N	3		257965
222078601	65550469	6	393	53(b)	1	166929651	16	N	3		385681
222078602	65550469	7	393	47(e)	1	166929651	15	N	3		257965
222078603	65550469	8	396	5(b)	1	166929651	24	Y	99		392474
222078604	65550470	1	393	55(e)	2	166929653	16	N	3		9305
222078608	65550477	1	393	47(e)	1	166929661	15	N	3		257965
222078609	65550477	2	396	3(a)(1)	1	166929661	15	Y	99		383183
222078610	65550477	3	393	47(e)	2	166929662	15	N	3		257965
222078611	65550482	1	396	5(b)	1	166929667	30	N	3		9211
222078612	65550482	2	393	95(a)	1	166929667	28	N	3		9178
222078613	65550482	3	396	3(a)(1)	1	166929667	30	Y	99		9203
222078614	65550483	1	393	9(a)	2	166929669	20	Y	99		9172
222078615	65550483	2	393	55(e)	2	166929669	16	N	3		9305
222078616	65550484	1	393	11	2	166929671	20	N	3		9422
222078617	65550486	1	393	47(e)	1	166929674	15	N	3		257965
222078618	65550486	2	393	55(e)	2	166929675	16	N	3		9305
222078619	65550491	1	393	55(c)(1)	1	166929681	16	N	3		9300
222078620	65550491	2	393	55(e)	2	166929682	16	N	3		9305
222078621	65550492	1	393	209(e)	1	166929683	21	N	3		9267
222078622	65550492	2	393	11	2	166929684	20	N	3		9427
222078623	65550492	3	393	75(a)(2)	2	166929684	23	N	3		9333
222078624	65550495	1	393	75B	1	166929688	23	N	3		254322
222078625	65550495	2	393	75C	1	166929688	23	N	3		2909
222078626	65550495	3	393	75C	1	166929688	23	N	3		2909
222078627	65550496	1	393	47(e)	1	166929689	15	N	3		257965
222078628	65550496	2	393	53(b)	1	166929689	16	N	3		385681
222078629	65550496	3	393	95(a)	1	166929689	28	N	3		9178
222078630	65550496	4	396	3(a)(1)	1	166929689	30	N	3		9203
222078631	65550496	5	393	83(g)	1	166929689	27	N	3		8497
222078632	65550496	6	393	9(a)	1	166929689	20	N	3		9172
222078633	65550496	7	393	78	1	166929689	26	N	3		9347
222078634	65550496	8	393	78	1	166929689	26	N	3		9347
222078635	65550496	9	393	75(a)(2)	1	166929689	23	N	3		9333
222078645	65550500	1	393	83(g)	1	166929696	27	N	3		8497
222078646	65550500	2	396	3(a)(1)	2	166929697	30	N	3		9203
222078647	65550501	1	392	9b(a)	1	166929698	30	Y	99		396081
222078648	65550501	2	393	9(a)	1	166929698	20	Y	99		9172
222078649	65550501	3	393	60(c)	1	166929698	26	N	3		257571
222078650	65550501	4	396	17(c)	1	166929698	29	N	3		9202
222078651	65550501	5	393	95(a)	1	166929698	28	N	3		9178
222078652	65550502	1	396	17(c)	1	166929699	29	N	3		9202
222078653	65550502	2	393	9(a)	1	166929699	20	N	3		396450
222078654	65550502	3	393	11	1	166929699	20	N	3		9422
222078655	65550502	4	393	45(d)	1	166929699	16	N	3		257960
222078656	65550502	5	393	55(d)(1)	1	166929699	16	N	3		9302
222078657	65550502	6	395	22(h)(1)	D		7	N	3		396420
222078658	65550502	7	395	22(h)(2)	D		7	N	3		396436
222078659	65550502	8	395	22(h)(3)	D		7	N	3		396421
222078660	65550502	9	395	22(h)(4)	D		7	N	3		396422
222078661	65550502	10	395	24(d)	D		7	N	3		396428
222078662	65550507	1	393	9(a)	2	166929706	20	Y	99		9172
222078663	65550507	2	393	9(a)	2	166929706	20	Y	99		9172
222078664	65550507	3	393	9(a)	2	166929706	20	N	3		9172
222078665	65550508	1	393	209(e)	1	166929707	21	N	3		9267
222078666	65550508	2	393	55(e)	2	166929708	16	N	3		9305
222078667	65550508	3	396	5(b)	2	166929708	30	N	3		9211
222078668	65550508	4	396	3(a)(1)	2	166929708	30	N	3		9203
222078669	65550509	1	393	47(a)	1	166929709	16	N	3		257961
222078670	65550509	2	393	60(c)	1	166929709	26	N	3		257571
222078671	65550510	1	393	60(c)	1	166929710	26	N	3		257571
222078672	65550510	2	393	55(d)(1)	1	166929710	16	N	3		9302
222078673	65550510	3	396	3(a)(1)	1	166929710	30	Y	2		9203
222078674	65550510	4	393	209(e)	1	166929710	21	N	3		9267
222078675	65550510	5	396	5(b)	1	166929710	30	N	3		9211
222078676	65550510	6	396	5(b)	1	166929710	30	N	3		9211
222078677	65550510	7	396	3(a)(1)	1	166929710	30	Y	2		9203
222078681	65550515	1	390	21(c)	1	166929717	30	N	3		9368
222078682	65550515	2	393	78	1	166929717	26	N	3		9347
222078683	65550515	3	396	17(c)	1	166929717	29	N	3		9202
222078684	65550515	4	396	5(b)	1	166929717	30	N	3		9211
222078685	65550515	5	393	67	1	166929717	18	N	3		9319
222078686	65550515	6	393	45(b)(2)	2	166929718	16	N	3		257958
222078687	65550523	1	393	47(e)	1	166929726	15	N	3		257965
222078688	65550523	2	393	53(b)	1	166929726	16	N	3		385681
222078689	65550523	3	396	5(b)	1	166929726	30	N	3		9211
222078690	65550523	4	393	60(c)	1	166929726	26	N	3		257571
222078691	65550523	5	393	55(d)(1)	1	166929726	16	N	3		9302
222078692	65550523	6	393	75C	1	166929726	23	N	3		2909
222078693	65550523	7	393	75(a)(2)	1	166929726	23	N	3		9333
222078694	65550523	8	393	75(a)(2)	1	166929726	23	N	3		9333
222078695	65550524	1	393	83(g)	1	166929727	27	N	3		8497
222078696	65550524	2	396	5(b)	1	166929727	30	N	3		9211
222078697	65550524	3	393	209(e)	1	166929727	21	N	3		9267
222078698	65550524	4	393	60(c)	1	166929727	26	N	3		257571
222078699	65550524	5	393	55(d)(1)	1	166929727	16	N	3		9302
222078701	65550539	1	393	55(c)(2)	2	166929748	16	N	3		9301
222078702	65550540	1	393	9(a)	1	166929749	20	N	3		9172
222078703	65550540	2	396	3(a)(1)	1	166929749	30	N	3		9203
222078709	65550545	1	393	9(a)	1	166929759	20	N	3		9182
222078716	65550554	1	393	75(a)(2)	2	166929773	23	N	3		9333
222078717	65550555	1	393	55(d)(1)	1	166929774	16	N	3		9302
222078718	65550555	2	396	5(b)	1	166929774	30	N	3		9211
222078719	65550555	3	393	47(e)	1	166929774	15	N	3		257965
222078720	65550555	4	393	53(b)	1	166929774	16	N	3		385681
222078721	65550556	1	393	209(e)	1	166929775	21	N	3		9267
222078722	65550556	2	393	9(a)	1	166929775	20	N	3		9172
222078723	65550556	3	393	9(a)	2	166929776	20	N	3		9172
222078737	65550559	1	396	3(a)(1)	2	166929784	30	N	3		9203
222078738	65550559	2	393	11	2	166929784	20	N	3		9422
222078739	65550559	3	393	75(a)(3)	2	166929784	23	Y	99		9334
222078740	65550559	4	393	75(a)(3)	2	166929784	23	Y	99		9334
222078741	65550559	5	393	55(c)(2)	2	166929784	16	N	3		9301
222078742	65550560	1	396	5(b)	1	166929785	30	N	3		9211
222078743	65550560	2	396	9(d)(2)	1	166929785	30	N	3		9214
222078744	65550560	3	396	5(b)	1	166929785	30	N	3		9211
222078745	65550563	1	393	78	1	166929790	26	N	3		9347
222078746	65550563	2	393	95(a)	1	166929790	28	N	3		9178
222078747	65550565	1	393	95(a)	1	166929793	28	N	3		9178
222078748	65550565	2	393	60(c)	1	166929793	26	N	3		257571
222078749	65550565	3	393	9(a)	2	166929794	20	N	3		9172
222078750	65550565	4	393	55(e)	2	166929794	16	N	3		9305
222078751	65550566	1	393	45(d)	2	166929796	16	N	3		257960
222078754	65550571	1	393	9(a)	1	166929802	20	N	3		9182
222078755	65550571	2	393	9(a)	1	166929802	20	N	3		9172
222078756	65550571	3	393	9(a)	1	166929802	20	N	3		9172
222078757	65550571	4	393	75(a)(2)	1	166929802	23	N	3		9333
222078766	65550576	1	393	9(a)	2	166929812	20	N	3		9172
222078767	65550576	2	393	201(a)	2	166929812	19	N	3		9445
222078768	65550576	3	393	45	2	166929812	16	Y	99		9283
222078773	65550580	1	396	5(b)	1	166929821	30	N	3		9211
222078774	65550580	2	396	5(b)	1	166929821	30	N	3		9211
222078775	65550580	3	393	47(e)	1	166929821	15	N	3		257965
222078776	65550580	4	393	53(b)	1	166929821	16	N	3		385681
222078777	65550582	1	177	801	2	166929825	39	N	3		256524
222078778	65550583	1	393	9(a)	1	166929826	20	N	3		283327
222078779	65550583	2	393	55(d)(1)	1	166929826	16	N	3		9302
222078788	65550596	1	393	75C	1	166929846	23	N	3		2909
222078789	65550597	1	393	83(f)	1	166929847	27	N	3		9357
222078790	65550598	1	393	83(f)	1	166929848	27	N	3		9357
222078791	65550598	2	396	5(b)	1	166929848	24	N	3		392474
222078792	65550598	3	396	5(b)	1	166929848	24	Y	1		392474
222078793	65550599	1	393	75(a)(3)	1	166929849	23	Y	1		9334
222078794	65550599	2	393	83(g)	1	166929849	27	N	3		8497
222078795	65550602	1	392	9(a)(2)	2	166929854	25	Y	99		9413
222078796	65550602	2	393	47(a)	2	166929854	16	N	3		257961
222078797	65550603	1	393	45(d)	2	166929856	16	N	3		257960
222078817	65550613	1	393	209(e)	1	166929874	21	N	3		9267
222078818	65550613	2	396	3(a)(1)	1	166929874	30	N	3		9203
222078819	65550613	3	393	11	2	166929873	20	N	3		9422
222078820	65550613	4	396	3(a)(1)	2	166929873	30	N	3		9203
222078821	65550613	5	396	3(a)(1)	2	166929873	30	N	3		9203
222078822	65550615	1	396	5(b)	1	166929877	30	N	3		9211
222078823	65550615	2	396	3(a)(1)	1	166929877	30	N	3		9203
222078824	65550615	3	396	3(a)(1)	1	166929877	30	N	3		9203
222078825	65550616	1	393	9(a)	1	166929878	20	N	3		9172
222078826	65550616	2	396	3(a)(1)	1	166929878	30	N	3		9203
222078827	65550616	3	393	207(f)	1	166929878	22	N	3		9263
222078828	65550616	4	393	55(d)(1)	1	166929878	16	N	3		9302
222078829	65550616	5	393	95(b)	1	166929878	28	N	3		257980
222078830	65550617	1	393	209(e)	1	166929879	21	N	3		9267
222078831	65550617	2	393	75B	1	166929879	23	N	3		254322
222078832	65550617	3	393	83(g)	1	166929879	27	N	3		8497
222078833	65550617	4	393	47(c)	1	166929879	16	N	3		257963
222078834	65550619	1	393	47(e)	2	166929882	15	N	3		257965
222078835	65550619	2	393	53(b)	2	166929882	16	N	3		385681
222078836	65550619	3	396	17(c)	2	166929882	29	N	3		9202
222078837	65550619	4	393	55(e)	2	166929882	16	N	3		9305
222078838	65550619	5	393	55(e)	2	166929882	16	N	3		9305
222078839	65550619	6	393	86(a)(1)	2	166929882	30	N	3		9360
222078840	65550620	1	393	45(d)	2	166929884	16	N	3		257960
222078845	65550637	1	393	209(d)	1	166929907	21	Y	99		8493
222078846	65550637	2	396	3(a)(1)	1	166929907	16	N	3		9204
222078847	65550639	1	383	23(a)(2)	D		14	Y	3		9547
222078848	65550639	2	393	41	1	166929909	16	Y	99		9278
222078849	65550639	3	387	303(b)(4)	1	166929909	14	N	3		9560
222078850	65550639	4	390	21(b)	1	166929909	30	N	3		9426
222078851	65550639	5	387	7(b)(3)(iii)	1	166929909	14	N	3		266404
222078852	65550645	1	393	209(e)	1	166929918	21	N	3		9267
222078853	65550645	2	396	5(b)	1	166929918	30	N	3		9211
222078854	65550646	1	393	75(a)(3)	1	166929919	23	Y	1		9334
222078855	65550646	2	396	5(b)	1	166929919	30	N	3		9211
222078856	65550647	1	393	75(a)(3)	1	166929920	23	Y	1		9334
222078857	65550647	2	393	78	1	166929920	26	N	3		9347
222078858	65550647	3	393	95(a)	1	166929920	28	N	3		9178
222078859	65550647	4	393	209(e)	1	166929920	21	N	3		9267
222078860	65550648	1	393	209(e)	1	166929921	21	N	3		9267
222078861	65550648	2	393	75(a)(3)	1	166929921	23	Y	1		9334
222078862	65550649	1	393	83(g)	1	166929922	27	N	3		8497
222078863	65550649	2	396	5(b)	1	166929922	30	N	3		9211
222078864	65550649	3	393	55(e)	2	166929923	16	N	3		9305
222078865	65550649	4	396	5(b)	2	166929923	24	N	3		392474
222078866	65550649	5	393	75C	2	166929923	23	N	3		2909
222078867	65550649	6	396	3(a)(1)	2	166929923	30	N	3		9203
222078868	65550651	1	393	47(e)	2	166929927	15	N	3		257965
222078869	65550651	2	393	47(e)	2	166929927	15	N	3		257965
222078870	65550652	1	396	5(b)	1	166929928	30	N	3		9211
222078871	65550652	2	393	55(e)	2	166929929	16	N	3		9305
222078876	65550657	1	393	60(c)	1	166929936	26	N	3		257571
222078877	65550657	2	393	209(e)	1	166929936	21	N	3		9267
222078878	65550661	1	393	209(e)	1	166929941	21	N	3		9267
222083725	65552512	1	393	78	1	166933708	26	N	3		9347
222083726	65552512	2	393	95(a)	1	166933708	28	N	3		9178
222083733	65552520	1	392	2W	1	166933723	47	N	3		385680
222083749	65552526	3	396	3(a)(1)	1	166933735	30	N	3		9203
222083750	65552526	4	393	75C	2	166933734	23	N	3		2909
222083754	65552530	1	396	5(b)	1	166933743	30	N	3		9211
222083755	65552530	2	393	9(a)	2	166933742	20	N	3		9172
222083756	65552530	3	393	75C	2	166933742	23	N	3		2909
222083757	65552531	1	393	78	1	166933744	26	N	3		9347
222083758	65552531	2	396	5(b)	1	166933744	30	N	3		9211
222083759	65552531	3	393	45(d)	1	166933744	16	N	3		257960
222083760	65552531	4	393	47(e)	1	166933744	15	N	3		257965
222083761	65552531	5	393	53(b)	1	166933744	16	N	3		385681
222083762	65552531	6	393	55(e)	2	166933745	16	N	3		9305
222083763	65552532	2	393	45(d)	1	166933746	16	N	3		257960
222083764	65552532	1	396	5(b)	1	166933746	30	N	3		9211
222083765	65552533	1	393	78	1	166933748	26	N	3		9347
222083766	65552533	2	393	75(a)(2)	1	166933748	23	N	3		9333
222083767	65552533	3	396	5(b)	1	166933748	30	N	3		9211
222083768	65552533	4	396	5(b)	2	166933747	24	N	3		392473
222083769	65552533	5	396	5(b)	2	166933747	24	N	3		392473
222083770	65552533	6	396	5(b)	2	166933747	24	N	3		392473
222083771	65552533	7	396	5(b)	2	166933747	24	N	3		392472
222083774	65552537	1	393	209(e)	1	166933755	21	N	3		9267
222083775	65552537	2	396	5(b)	1	166933755	30	N	3		9211
222083776	65552537	3	396	5(b)	1	166933755	30	N	3		9211
222083777	65552537	4	393	45(d)	1	166933755	16	N	3		257960
222083778	65552537	5	393	47(e)	1	166933755	15	N	3		257965
222083779	65552537	6	393	53(b)	1	166933755	16	N	3		385681
222083780	65552538	1	393	78	1	166933756	26	N	3		9347
222083781	65552538	2	396	5(b)	1	166933756	24	N	3		392472
222083782	65552538	3	396	5(b)	1	166933756	24	N	3		392472
222083783	65552538	4	396	5(b)	1	166933756	30	N	3		9211
222083784	65552538	5	396	5(b)	1	166933756	30	N	3		9211
222083785	65552538	6	396	5(b)	1	166933756	30	N	3		9211
222083786	65552539	1	393	9(a)	1	166933757	20	N	3		9172
222083787	65552539	2	393	9(a)	1	166933757	20	N	3		9172
222083788	65552539	3	393	78	1	166933757	26	N	3		9347
222083789	65552539	4	393	9(a)	1	166933757	20	N	3		9172
222083790	65552539	5	396	5(b)	1	166933757	30	N	3		9211
222083791	65552539	6	396	5(b)	1	166933757	30	N	3		9211
222083792	65552539	7	396	5(b)	1	166933757	30	N	3		9211
222083793	65552539	8	393	83(g)	1	166933757	27	N	3		8497
222083800	65552545	3	393	11	1	166933767	20	N	3		9423
222083801	65552545	4	393	13(c)(3)	1	166933767	20	N	3		9436
222083802	65552545	1	393	55(c)(2)	1	166933767	16	N	3		9301
222083803	65552545	2	393	9(a)	1	166933767	20	N	3		9172
222083804	65552546	1	393	209(e)	1	166933768	21	N	3		9267
222083805	65552546	2	393	9(a)	1	166933768	20	N	3		9172
222083806	65552546	3	393	75(a)(2)	1	166933768	23	N	3		9333
222083807	65552546	4	396	5(b)	1	166933768	24	N	3		392472
222083808	65552546	5	393	45(b)(2)	1	166933768	16	N	3		257958
222083809	65552546	6	396	5(b)	1	166933768	30	N	3		9211
222083810	65552546	7	393	83(g)	1	166933768	27	N	3		8497
222083811	65552547	1	393	9(a)	1	166933769	20	N	3		9182
222083812	65552547	2	393	75C	1	166933769	23	N	3		2909
222083813	65552547	3	393	45(b)(2)	1	166933769	16	N	3		257958
222083814	65552547	4	396	5(b)	1	166933769	30	N	3		9211
222083815	65552547	5	396	5(b)	1	166933769	30	N	3		9211
222083816	65552547	6	396	3(a)(1)	1	166933769	16	N	3		9204
222083817	65552547	7	393	47(e)	1	166933769	15	N	3		257965
222083818	65552547	8	393	53(b)	1	166933769	16	N	3		385681
222083819	65552547	9	396	3(a)(1)	1	166933769	15	Y	1		383183
222083820	65552548	1	393	9(a)	1	166933770	20	N	3		9182
222083821	65552548	2	393	45(b)(2)	1	166933770	16	N	3		257958
222083822	65552548	3	396	5(b)	1	166933770	30	N	3		9211
222083823	65552548	4	396	5(b)	1	166933770	30	N	3		9211
222083824	65552548	5	396	5(b)	1	166933770	30	N	3		9211
222083829	65552555	1	393	75(a)(2)	2	166933783	23	N	3		9333
222083830	65552555	2	393	9(a)	2	166933783	20	N	3		9172
222083831	65552556	1	393	47(e)	2	166933784	15	N	3		257965
222083832	65552556	2	393	53(b)	2	166933784	16	N	3		385681
222083834	65552561	1	393	55(e)	2	166933794	16	N	3		9305
222083835	65552562	1	393	75C	2	166933797	23	N	3		2909
222083836	65552562	2	393	9(a)	2	166933797	20	N	3		283327
222083837	65552563	1	393	55(e)	2	166933799	16	N	3		9305
222083838	65552563	2	393	75(a)(2)	2	166933799	23	N	3		9333
222083839	65552564	1	396	5(b)	1	166933800	30	N	3		9211
222083840	65552564	2	396	5(b)	1	166933800	30	N	3		9211
222083841	65552564	3	393	45	1	166933800	16	N	3		9283
222083842	65552564	4	393	48(a)	1	166933800	16	N	3		9288
222083849	65552570	4	393	55(e)	2	166933810	16	N	3		9305
222083850	65552570	5	396	5(b)	2	166933810	24	N	3		392473
222083851	65552570	1	393	47(e)	2	166933810	15	N	3		257965
222083852	65552570	2	393	53(b)	2	166933810	16	N	3		385681
222083853	65552570	3	393	45(b)(2)	2	166933810	16	N	3		257958
222083856	65552572	1	393	75(a)(2)	2	166933812	23	N	3		9333
222083857	65552572	2	393	45	2	166933812	16	N	3		9283
222083858	65552572	3	393	45	2	166933812	16	N	3		9283
222083878	65552578	1	393	45(b)(2)	1	166933824	16	N	3		257958
222083879	65552578	2	393	45(b)(2)	1	166933824	16	N	3		257958
222083880	65552578	3	393	9(a)	1	166933824	20	N	3		9182
222083903	65552599	1	392	2DIM	2	166933864	30	N	3	CW604094	385697
222083904	65552600	1	396	3(a)(1)	3	166933867	30	N	3		9203
222083905	65552601	1	393	75(a)(3)	1	166933868	23	Y	99		9334
222083906	65552601	2	392	2WC	1	166933868	30	N	3		385707
222083907	65552602	1	396	3(a)(1)	1	166933869	30	N	3		9203
222083908	65552603	1	392	2	1	166933871	14	N	3		8496
222083909	65552603	2	390	21(a)	1	166933871	30	N	3		9566
222083910	65552603	3	392	2AU	1	166933871	30	N	3		385695
222083911	65552603	4	393	11	2	166933872	20	N	3		9422
222083912	65552603	5	392	2	2	166933872	14	N	3		8496
222083913	65552604	1	392	2WC	1	166933873	30	N	3		385707
222083914	65552604	2	392	2RG	1	166933873	30	N	3		385705
222083915	65552604	3	390	21(a)	1	166933873	30	N	3		9566
222083916	65552604	4	392	2AU	1	166933873	30	N	3	JC02796	385695
222083917	65552604	5	392	2RG	1	166933873	30	N	3		385705
222083918	65552604	6	392	2DL	D		14	Y	3		385698
222083919	65552605	1	396	3(a)(1)	2	166933875	16	N	3		9204
222083920	65552606	1	393	9(a)	1	166933876	20	N	3		283327
222083921	65552606	2	393	11	1	166933876	20	N	3		9422
222083922	65552606	3	393	11	1	166933876	20	N	3		9422
222083923	65552606	4	392	2AU	1	166933876	30	N	3		385695
222083924	65552607	1	393	11	1	166933877	20	N	3	HQ81573	9422
222083925	65552607	2	392	2RG	1	166933877	30	N	3		385705
222083926	65552607	3	392	2RG	1	166933877	30	N	3		385705
222083927	65552611	1	392	2	D		14	N	3	CR45866	8496
222083928	65552611	2	392	16	D		11	N	3	CR45866	9386
222083929	65552612	1	393	11	1	166933884	20	N	3		9429
222083930	65552612	2	393	9(a)	1	166933884	20	N	3		9172
222083931	65552613	1	393	45(d)	1	166933886	16	N	3		392463
222083932	65552620	1	393	9(a)	1	166933897	20	N	3	HN09857	9172
222083933	65552621	1	396	3(a)(1)	1	166933898	16	N	3		9208
222083937	65552632	1	393	75(a)(4)	1	166933914	23	Y	99	CV016754	9335
222083938	65552635	3	391	41(a)	D		1	Y	3		9377
222083939	65552635	1	392	2	1	166933917	14	N	3	DA007382	8496
222083940	65552635	2	390	21(a)	1	166933917	30	N	3	DA007382	9566
222083941	65552637	1	392	2RG	2	166933922	30	N	3	DA007383	385705
222083942	65552641	1	392	2-SLLS4	D		45	N	3	JB36562	390240
222083943	65552642	1	392	82(a)(1)	D		14	N	3		392492
222083944	65552642	2	392	2RG	1	166933929	30	N	3	CP044726	385705
222083945	65552642	3	393	60(d)	1	166933929	26	N	3	HT17246	9308
222083946	65552643	1	393	75(a)(2)	2	166933931	23	Y	99	HC19476	9333
222083947	65552650	1	393	11	1	166933943	20	N	3		9422
222083948	65552650	2	392	2RG	1	166933943	30	N	3		385705
222083949	65552650	3	393	9(a)	1	166933943	20	N	3		9172
222083950	65552650	4	393	47(a)	1	166933943	16	N	3		257961
222083951	65552650	5	392	2AU	1	166933943	30	N	3		385695
222083952	65552650	6	392	2	1	166933943	14	N	3		8496
222083953	65552650	7	390	21(a)	1	166933943	30	N	3		9566
222083954	65552653	1	392	2-SLLEWA1	2	166933947	47	N	3	HH77273	390260
222083955	65552654	1	392	2-SLLEWA1	1	166933948	47	N	3		390260
222083956	65552654	2	392	2DIM	2	166933949	30	N	3	HK00428	385697
222083957	65552654	3	392	2RG	2	166933949	30	N	3		385705
222083958	65552655	1	393	25(f)	D		20	N	3	HT17246	9271
222083959	65552656	1	392	2-SLLS2	D		45	N	3	HJ49158	390247
222083960	65552657	1	392	2-SLLS2	D		45	N	3	HJ49159	390247
222083961	65552657	2	172	201(a)(1)	D		31	N	3	VERBAL	8587
222083962	65552658	1	392	2-SLLEWA1	D		47	N	3		390260
222083963	65552659	1	392	2-SLLEWA1	D		47	N	3		390260
222083965	65552662	1	390	21(c)	1	166933962	30	N	3		9368
222083966	65552663	1	392	2RG	1	166933964	30	N	3		385705
222083967	65552663	2	393	95(f)	1	166933964	28	N	3		9180
222083968	65552664	1	392	2DIM	2	166933966	30	N	3	HV64207	385697
222083969	65552664	2	392	2RG	2	166933966	30	N	3		385705
222083970	65552666	1	392	2DIM	2	166933970	30	N	3		385697
222083981	65552678	1	392	2RG	1	166933988	30	N	3		385705
222083982	65552679	1	392	2-SLLEWA1	1	166933990	47	N	3	HV64209	390260
222083983	65552679	2	392	2	2	166933991	14	N	3		8496
222083984	65552680	1	392	2-SLLEWA2	2	166933994	47	N	3	HV64210	390250
222083985	65552682	1	393	9(a)	1	166933997	20	N	3	CW532624	9172
222083990	65552695	1	393	9(a)	1	166934018	20	N	3	CW532625	9172
222083994	65552706	1	392	2C	D		40	N	3	HV94627	9389
222083995	65552706	2	393	60(d)	1	166934037	26	N	3	HV94628	9308
222083996	65552707	1	392	2RG	1	166934038	30	N	3		385705
222083997	65552707	2	392	2RG	2	166934039	30	N	3	DA40233	385705
222083998	65552707	3	392	2-SLLEWA1	1	166934038	47	N	3		390260
222083999	65552707	4	392	2-SLLEWA1	1	166934038	47	N	3	DA40232	390260
222084000	65552707	5	392	2-SLLEWA1	2	166934039	47	N	3		390260
222084001	65552709	1	392	2DIM	2	166934043	30	N	3		385697
222084002	65552710	1	392	2DL	D		14	N	3	CD068712	385698
222084005	65552721	1	392	2RG	1	166934061	30	N	3	CD068714	385705
222084006	65552721	2	390	21(a)	1	166934061	30	N	3		9566
222084007	65552721	3	392	2	1	166934061	14	N	3		8496
222084008	65552722	1	392	2DIM	2	166934063	30	N	3		385697
222084009	65552723	1	392	2RG	1	166934064	30	N	3		385705
222084010	65552723	2	396	3(a)(1)	1	166934064	30	N	3		9203
222084011	65552723	3	396	3(a)(1)	1	166934064	30	N	3		9203
222084012	65552723	4	396	3(a)(1)	1	166934064	16	N	3	CD068713	9204
222084013	65552724	1	392	2DIM	2	166934066	30	N	3		385697
222084014	65552725	1	392	2RG	1	166934067	30	N	3		385705
222084015	65552725	2	392	2AU	1	166934067	30	N	3	CD068715	385695
222084018	65552727	1	393	83(c)	1	166934069	27	N	3		9354
222084019	65552728	1	393	75C	1	166934070	23	N	3		2909
222084020	65552728	2	393	75C	1	166934070	23	N	3		2909
222084021	65552728	3	393	75C	1	166934070	23	N	3	HS32343	2909
222084022	65552731	1	392	2RG	1	166934073	30	N	3		385705
222084024	65552734	1	393	45(b)(2)	1	166934079	16	N	3		257958
222084025	65552734	2	393	95(a)	1	166934079	28	N	3		9178
222084026	65552734	3	390	21(a)	1	166934079	30	N	3	CD068716	9566
222084027	65552735	1	392	2DIM	1	166934080	30	N	3	HV94629	385697
222084028	65552735	2	392	2-SLLEWA1	1	166934080	47	N	3		390260
222084029	65552735	3	392	2-SLLEWA1	1	166934080	47	N	3		390260
222084032	65552739	1	392	2-SLLEWA1	1	166934086	47	N	3		390260
222084033	65552739	2	392	9(a)(2)	1	166934086	25	N	3	CW770936	9413
222084034	65552740	1	392	2-SLLEWA1	2	166934089	47	N	3	HK00407	390260
222084035	65552741	1	392	2RG	1	166934090	30	N	3	HU87597	385705
222084036	65552742	1	393	205(a)	2	166934092	24	Y	99	HS32342	9456
222084037	65552742	2	392	2RG	1	166934091	30	N	3		385705
222084038	65552748	1	392	2WC	1	166934100	30	N	3	CT060942	385707
222084039	65552748	2	392	2LV	D		14	N	3		385702
222084040	65552748	3	393	53(b)	1	166934100	16	N	3		385681
222084041	65552748	4	393	75(a)(3)	1	166934100	23	Y	99	CT060942	9334
222084042	65552748	5	393	75(a)(4)	1	166934100	23	Y	99	CT060942	9335
222084043	65552749	1	390	21(a)	1	166934101	30	N	3	HL47970	9566
222084044	65552749	2	392	2AU	1	166934101	30	N	3	HL47970	385695
222084045	65552749	3	392	2DL	D		14	Y	3	HL47969	385698
222084046	65552750	1	393	75C	1	166934102	23	N	3	CW590170	2909
222084047	65552754	1	395	8(a)	D		3	Y	3	CR46024	254677
222084048	65552758	1	392	2RG	1	166934115	30	N	3	VERBAL	385705
222084049	65552759	1	396	3(a)(1)	1	166934117	16	N	3	VERBAL	9208
222084050	65552760	1	393	95(a)	1	166934118	28	N	3	VERBAL	9178
222084053	65552775	1	390	21(a)	D		30	N	3	HN05548	9566
222084054	65552775	2	392	2AU	D		30	N	3		385695
222084063	65552780	1	392	2-SLLEWA2	2	166934147	47	N	3	HV64178	390250
222084064	65552782	1	392	2	1	166934150	30	N	3		379214
222084065	65552783	1	392	2	1	166934152	30	N	3		379214
222084066	65552783	2	393	47(e)	2	166934153	15	N	3		257965
222084068	65552787	1	396	3(a)(1)	2	166934159	16	N	3		9204
222084069	65552788	1	392	2AU	1	166934160	30	N	3	HN05549	385695
222084070	65552788	2	392	2RG	1	166934160	30	N	3		385705
222084071	65552788	3	393	75C	1	166934160	23	N	3		2909
222084072	65552788	4	390	21(a)	1	166934160	30	N	3		9566
222084073	65552788	5	392	2RG	1	166934160	30	N	3		385705
222084076	65552790	1	392	2DIM	1	166934163	30	N	3		385697
222084077	65552790	2	393	87(a)	1	166934163	30	N	3	CW68108	257978
222084078	65552791	1	392	2DIM	2	166934166	30	N	3		385697
222084079	65552792	1	392	2-SLLEWA1	1	166934167	47	N	3		390260
222084080	65552793	1	392	2-SLLEWA2	1	166934169	47	N	3	CV37562	390250
222084081	65552794	1	393	9(a)	1	166934171	20	N	3		9172
222084082	65552795	1	392	2-SLLEWA1	D		47	N	3	HD83496	390260
222084083	65552795	2	392	2RG	1	166934173	30	N	3		385705
222084084	65552796	1	392	2	1	166934175	30	N	3	CF061033	379214
222084085	65552797	1	392	2-SLLEWA1	1	166934176	47	N	3	HV64153	390260
222084086	65552804	1	392	2DIM	2	166934190	30	N	3		385697
222084087	65552805	1	392	2DIM	2	166934192	30	N	3		385697
222084088	65552805	2	392	2AU	1	166934191	30	N	3		385695
222084089	65552806	1	392	2DIM	2	166934194	30	N	3		385697
222084090	65552808	1	396	3(a)(1)	1	166934196	16	N	3		9204
222084091	65552808	2	393	47(e)	1	166934196	15	N	3		257965
222084092	65552808	3	393	53(b)	1	166934196	16	N	3		385681
222084093	65552808	4	396	3(a)(1)	1	166934196	15	Y	1	HR70358	383183
222084094	65552808	5	393	9(a)	1	166934196	20	N	3		9172
222084095	65552808	6	396	5(b)	1	166934196	30	N	3		9211
222084096	65552810	1	393	9(a)	1	166934198	20	N	3	HR70360	9172
222084097	65552810	2	392	2	1	166934198	14	N	3		8496
222084098	65552810	3	396	5(b)	1	166934198	30	N	3		9211
222084099	65552810	4	383	23(a)(2)	D		14	Y	3	HR70360	9547
222084100	65552811	1	392	2DIM	2	166934200	30	N	3	CW604093	385697
222084101	65552813	1	392	2-SLLEWA2	1	166934203	47	N	3	HV64154	390250
222084105	65552818	1	392	2DL	D		14	N	3	CW761231	385698
222084107	65552821	1	392	2-SLLEWA1	2	166934219	47	N	3	CW446015	390260
222084108	65552822	1	392	2-SLLEWA1	2	166934221	47	N	3	HV63722	390260
222084109	65552824	1	392	2-SLLEWA2	2	166934225	47	N	3	CW68023	390250
222084110	65552825	1	392	2DIM	2	166934227	30	N	3	CW68024	385697
222084111	65552826	1	392	2DIM	2	166934229	30	N	3	CW68025	385697
222084112	65552827	1	392	2DIM	2	166934231	30	N	3	CW68251	385697
222084113	65552827	2	393	70(d)	2	166934231	17	N	3		9327
222084114	65552827	3	393	11	2	166934231	20	Y	1		9422
222084117	65552831	1	390	21(a)	1	166934238	30	N	3		9566
222084118	65552831	2	393	11	1	166934238	20	N	3		9422
222084119	65552831	3	392	2	1	166934238	14	N	3		8496
222084120	65552831	4	393	11	1	166934238	20	N	3		9422
222084121	65552831	5	392	2RG	1	166934238	30	N	3	JC02795	385705
222084122	65552831	6	392	2-SLLEWA2	1	166934238	47	N	3		390250
222084123	65552831	7	392	2AU	1	166934238	30	N	3		385695
222084124	65552831	8	383	23(a)(2)	D		14	Y	3		9547
222084125	65552833	1	393	9(a)	1	166934240	20	N	3	HN93899	9172
222084126	65552834	1	392	2	D		14	N	3		8496
222084127	65552834	2	392	2RG	2	166934242	30	N	3		385705
222084128	65552835	1	390	21(a)	1	166934243	30	N	3		9566
222084129	65552835	2	392	2	1	166934243	14	N	3		8496
222084130	65552835	3	392	2AU	1	166934243	30	N	3	DS04518	385695
222084131	65552835	4	393	60(c)	1	166934243	26	N	3		257571
222084132	65552835	5	393	75C	1	166934243	23	Y	99	DS04518	2909
222084133	65552836	1	393	134(b)(3)	1	166934244	25	Y	99		256386
222084134	65552837	1	393	9(a)	1	166934245	20	N	3	DW46045	9172
222084135	65552837	2	393	60(d)	1	166934245	26	N	3	CW678171	9308
222084136	65552838	1	392	2WC	2	166934249	30	N	3	CHP214	385707
222084137	65552838	2	392	2WC	3	166934250	30	N	3	CHP214	385707
222084138	65552840	1	392	2AU	1	166934252	30	N	3	CG081529	385695
222084139	65552843	1	396	3(a)(1)	1	166934257	16	N	3		9208
222084140	65552843	2	396	3(a)(1)	1	166934257	30	N	3		9203
222084141	65552843	3	393	75(a)(1)	2	166934258	23	N	3		9332
222084151	65552848	1	396	5(b)	2	166934268	24	N	3	CR46098	392474
222084152	65552848	2	396	3(a)(1)	2	166934268	16	N	3		9208
222084156	65552853	1	390	21(a)	1	166934277	30	N	3	2	9566
222084157	65552853	2	392	2RG	1	166934277	30	N	3	1	385705
222084158	65552855	1	396	3(a)(1)	1	166934280	16	N	3		9208
222084159	65552855	2	393	25(f)	2	166934281	20	N	3	CW403298	9271
222084160	65552859	1	392	2RG	1	166934288	30	N	3		385705
222084161	65552861	1	376	11(d)(1)	1	166934290	14	N	3		396114
222084173	65552879	1	393	25(e)	1	166934317	20	N	3		9270
222084174	65552880	1	393	11	1	166934318	20	N	3		9422
222084176	65552882	1	393	9(a)	1	166934321	20	N	3	DA002663	9172
222084190	65552900	1	393	83(a)	1	166934347	27	N	3		9352
222084191	65552900	2	396	3(a)(1)	1	166934347	16	N	3		9208
222084192	65552900	3	393	48(a)	2	166934348	16	Y	99		9288
222084193	65552901	1	393	75(h)	1	166934349	23	N	3		371296
222084194	65552902	1	392	2-SLLS1	D		45	N	3		390251
222084195	65552902	2	392	2RG	2	166934351	30	N	3		385705
222084196	65552902	3	392	2RG	2	166934351	30	N	3	HS33296	385705
222084215	65552920	1	393	11	1	166934373	20	N	3		9422
222084216	65552925	1	395	8(a)	D		3	N	3		254677
222084217	65552926	1	395	8(a)	D		3	N	3		254677
222084218	65552928	1	392	2	1	166934382	14	N	3	CW403458	8496
222084222	65552936	1	393	209(d)	1	166934395	21	Y	99		8493
222084223	65552936	2	396	5(b)	1	166934395	30	N	3		9211
222084224	65552937	1	392	2RG	2	166934397	30	N	3		385705
222084225	65552937	2	393	11	2	166934397	20	N	3		9422
222084226	65552937	3	393	207(a)	2	166934397	22	N	3		9459
222084227	65552938	1	392	2DIM	1	166934398	30	N	3	HS13178	385697
222084229	65552942	1	393	60(d)	1	166934406	26	N	3	CW761228	9308
222084230	65552943	1	393	205(a)	1	166934408	24	N	3	HK26073	9456
222084231	65552944	1	392	2DL	D		14	N	3	HK26074	385698
222084241	65552951	1	383	23(a)(2)	D		14	Y	3		9547
222084242	65552951	2	392	2AU	1	166934425	30	N	3		385695
222084243	65552951	3	392	2	1	166934425	14	N	3		8496
222084244	65552951	4	393	75(f)	1	166934425	23	Y	99		9340
222084245	65552951	5	392	2	1	166934425	47	N	3	DJ77238	390266
222084246	65552951	6	392	2RG	1	166934425	30	N	3	DJ77239	385705
222084247	65552952	1	392	2RG	1	166934426	30	N	3	DJ77240	385705
222084248	65552954	1	392	2DIM	2	166934430	30	N	3		385697
222084249	65552959	1	392	2-SLLS3	D		45	N	3	HV77338	390248
222084250	65552959	2	393	75C	2	166934440	23	N	3	CW727898	2909
222084251	65552969	1	393	45(b)(2)	2	166934456	16	Y	4		257958
222084273	65552996	1	393	60(c)	1	166934497	26	N	3		257571
222084274	65552996	2	393	95(a)	1	166934497	28	N	3		9178
222084275	65552997	1	393	9(a)	2	166934499	20	Y	1		283327
222084276	65552999	1	392	2RG	1	166934501	30	N	3	CW670437	385705
222084277	65553000	1	392	2-SLLEWA1	2	166934503	47	N	3	HK56549	390260
222084281	65553007	1	390	21(a)	1	166934512	30	N	3		9566
222084282	65553008	1	392	2DIM	2	166934516	30	N	3	CW771802	385697
222084283	65553009	1	392	2RG	1	166934517	30	N	3	HK00370	385705
222084284	65553010	1	376	11(d)(1)	1	166934519	14	N	3		396114
222084285	65553010	2	392	2RG	1	166934519	30	N	3	HK00371	385705
222084290	65553015	1	390	21(a)	1	166934527	30	N	3		9566
222084291	65553017	1	392	2RG	1	166934531	30	N	3	HK00172	385705
222084292	65553018	1	392	2RG	1	166934532	30	N	3	HK00173	385705
222084293	65553020	1	396	3(a)(1)	2	166934536	30	N	3		9203
222084294	65553021	1	392	2RG	1	166934537	30	N	3		385705
222084301	65553028	1	393	11	1	166934549	20	N	3	HK00372	9422
222084302	65553029	1	393	75(a)(2)	2	166934552	23	Y	1	CW771804	9333
222084303	65553029	2	393	75C	2	166934552	23	Y	1		2909
222084304	65553030	1	393	75C	2	166934554	23	Y	4	DK00373	2909
222084305	65553030	2	393	75C	2	166934554	23	Y	4	DK00373	2909
222084306	65553031	1	393	75C	2	166934556	23	N	3	HK00174	2909
222084307	65553032	1	392	2-SLLEWA1	2	166934558	47	N	3		390260
222084308	65553037	1	392	2DIM	D		30	N	3		385697
222084309	65553038	1	392	2DIM	D		30	N	3		385697
222084315	65553043	1	392	2LV	D		14	N	3	CN96080	385702
222084316	65553044	1	392	2	D		14	N	3		8496
222084317	65553044	2	392	2DL	D		14	N	3	HN80966	385698
222084318	65553044	3	392	2AU	1	166934581	30	N	3	HN80965	385695
222084319	65553044	4	390	21(a)	1	166934581	30	N	3		9566
222084320	65553044	5	392	2RG	1	166934581	30	N	3		385705
222084321	65553044	6	392	2RG	1	166934581	30	N	3		385705
222084322	65553044	7	393	95(f)	1	166934581	28	N	3		9180
222084323	65553044	8	393	30	1	166934581	30	N	3		9274
222084324	65553044	9	392	2RG	1	166934581	30	N	3		385705
222084325	65553044	10	396	5(b)	1	166934581	30	N	3		9211
222084326	65553044	11	393	11	1	166934581	20	N	3		9422
222084327	65553045	1	392	2	1	166934582	14	N	3		8496
222084328	65553045	2	390	21(a)	1	166934582	30	N	3		9566
222084329	65553045	3	392	2RG	1	166934582	30	N	3		385705
222084330	65553046	1	392	2C	D		40	N	3		9389
222084331	65553046	2	395	8F01	D		3	N	3		396252
222084332	65553046	3	395	8	D		7	N	3		9194
222084333	65553046	4	392	2AU	1	166934583	30	N	3	HN80967	385695
222084334	65553046	5	393	201(d)	1	166934583	19	N	3		9448
222084336	65553051	1	392	2WC	1	166934591	30	N	3	CW161204	385707
222084337	65553051	2	393	11	1	166934591	20	Y	99	CW161204	9422
222084338	65553051	3	393	19	1	166934591	20	Y	99	CW161204	9443
222084339	65553051	4	393	11	1	166934591	20	N	3		9422
222084340	65553052	1	392	2-SLLS2	D		45	N	3	JH45252	390247
222084347	65553059	1	392	2RG	1	166934607	30	N	3		385705
222084348	65553060	1	392	2RG	1	166934608	30	N	3	DW17281	385705
222084349	65553060	2	393	95(a)	1	166934608	28	N	3		9178
222084350	65553060	3	396	3(a)(1)	1	166934608	30	N	3		9203
222084351	65553060	4	396	3(a)(1)	1	166934608	16	N	3		9204
222084352	65553060	5	393	207(c)	1	166934608	22	Y	99		9328
222084353	65553060	6	393	207(a)	1	166934608	22	N	3		9459
222084354	65553061	1	392	2DIM	2	166934611	30	N	3	CW771891	385697
222084355	65553063	1	392	2LV	D		14	N	3	JB69815	385702
222084356	65553064	1	392	2LV	D		14	N	3	JB69816	385702
222084357	65553065	1	392	2LV	D		14	N	3	JB69817	385702
222084371	65553077	1	396	3(a)(1)	2	166934638	16	N	3		9204
222084372	65553077	2	393	47(d)	2	166934638	16	N	3		257964
222084373	65553078	1	392	2DIM	2	166934640	30	N	3	HK00388	385697
222084374	65553079	1	393	9(a)	1	166934641	20	N	3	HK00389	9172
222084375	65553079	2	392	2WC	2	166934642	30	N	3		385707
222084376	65553080	1	392	2RG	1	166934643	30	N	3		385705
222084377	65553080	2	392	2RG	2	166934644	30	N	3		385705
222084378	65553082	1	392	2RG	1	166934646	30	N	3	215	385705
222084379	65553082	2	396	3(a)(1)	1	166934646	16	N	3		9204
222084380	65553082	3	392	2RG	1	166934646	30	N	3	215	385705
222084381	65553082	4	396	3(a)(1)	1	166934646	16	N	3	215	9204
222084382	65553082	5	393	207(a)	1	166934646	22	N	3	215	9459
222084383	65553082	6	393	11	1	166934646	20	N	3		9429
222084384	65553082	7	396	3(a)(1)	1	166934646	30	N	3		9203
222084385	65553083	1	396	3A1DSCB	1	166934647	30	N	3	215	396116
222084386	65553083	2	393	11	1	166934647	20	N	3		9422
222084387	65553083	3	393	24(b)	1	166934647	20	N	3	215	257954
222084388	65553083	4	393	9(a)	1	166934647	20	N	3		9172
222084389	65553087	1	392	2-SLLS3	D		45	N	3		390248
222084393	65553089	1	392	2RG	1	166934655	30	N	3		385705
222084394	65553089	2	392	2AU	1	166934655	30	N	3	CG081530	385695
222084405	65553094	1	393	47(d)	2	166934665	16	N	3	CR46096	257964
222084406	65553095	1	391	41(a)	D		1	Y	3	CW376998	9377
222084407	65553095	2	396	3(a)(1)	2	166934667	16	N	3		9208
222084408	65553096	1	393	9(a)	1	166934668	20	N	3		9172
222084409	65553096	2	396	5(b)	1	166934668	24	N	3		392474
222084410	65553096	3	396	5(b)	1	166934668	30	N	3		9211
222084411	65553096	4	396	3(a)(1)	2	166934669	16	N	3		9208
222084485	65553168	1	393	75C	2	166934787	23	N	3		2909
222084499	65553188	1	396	3(a)(1)	1	166934824	30	N	3		9203
222084500	65553193	1	396	3(a)(1)	1	166934830	16	N	3		9208
222084501	65553194	1	392	2RG	2	166934833	30	N	3		385705
222084502	65553194	2	395	8K2	D		3	N	3		9198
222084503	65553194	3	396	3(a)(1)	1	166934832	16	N	3		9208
222084504	65553194	4	393	47(e)	2	166934833	15	N	3		257965
222084505	65553194	5	393	47(e)	2	166934833	15	N	3		257965
222084506	65553194	6	396	3(a)(1)	2	166934833	15	Y	1		383183
222084521	65553213	1	393	75(a)(3)	1	166934860	23	Y	1	CW532728	9334
222084522	65553218	1	393	75(a)(3)	2	166934872	23	Y	1		9334
222084523	65553218	2	393	75(a)(3)	2	166934872	23	Y	1		9334
222084524	65553218	3	393	75(a)(3)	2	166934872	23	Y	1		9334
222084525	65553220	4	392	2DIM	2	166934876	30	N	3		385697
222084526	65553220	1	396	3(a)(1)	1	166934875	16	Y	1	CW771786	9208
222084527	65553220	2	393	11	1	166934875	20	N	3		9422
222084528	65553220	3	393	47(e)	2	166934876	15	N	3		257965
222084550	65553234	1	392	2RG	1	166934895	30	N	3		385705
222084551	65553236	1	392	2RG	1	166934897	30	N	3	CW843639	385705
222084552	65553236	2	392	2	1	166934897	14	N	3		8496
222084553	65553236	3	393	11	1	166934897	20	N	3		9422
222084554	65553236	4	392	2	1	166934897	14	N	3		8496
222084562	65553242	1	393	9(a)	1	166934906	20	N	3		9172
222084563	65553242	2	392	9(a)(2)	2	166934907	25	Y	1		9413
222084564	65553242	3	396	3(a)(1)	2	166934907	30	N	3		9203
222084565	65553242	4	393	207(c)	2	166934907	22	N	3		9328
222084566	65553242	5	393	11	2	166934907	20	Y	1	CW771788	9422
222084567	65553242	6	396	3(a)(1)	2	166934907	15	Y	1		383183
222084568	65553242	7	396	5(b)	2	166934907	24	N	3		392474
222084591	65553257	1	393	11	1	166934931	20	N	3		9422
222084592	65553258	1	391	41(a)	D		1	Y	3	CW843641	9377
222084593	65553258	2	393	11	1	166934932	20	N	3		9422
222084594	65553258	3	396	3(a)(1)	2	166934933	16	N	3		9208
222084595	65553259	1	393	95(f)	1	166934934	28	N	3		9180
222084596	65553259	2	396	5(b)	1	166934934	30	N	3		9211
222084597	65553259	3	393	48(a)	1	166934934	16	N	3	CW843640	9288
222084598	65553260	1	392	2RG	1	166934936	30	N	3		385705
222084599	65553260	2	392	2	1	166934936	14	N	3		8496
222084617	65553281	1	392	2RG	1	166934968	30	N	3		385705
222084618	65553284	1	393	45	1	166934974	16	N	3		9283
222084621	65553289	1	396	3(a)(1)	1	166934981	15	Y	99	CW856477	383183
222084631	65553305	1	392	2RG	D		30	N	3		385705
222084632	65553306	1	395	8	D		7	N	3		9194
222084633	65553308	1	392	2DIM	2	166935011	30	N	3		385697
222084725	65553387	1	393	51	1	166935139	16	Y	1		9294
222084726	65553387	2	393	209(d)	1	166935139	21	N	3		8493
222084727	65553387	3	393	47(e)	1	166935139	15	N	3		257965
222084728	65553387	4	396	5(b)	1	166935139	30	N	3		9211
222084729	65553387	5	396	3(a)(1)	1	166935139	16	N	3		9208
222084730	65553387	6	396	3(a)(1)	1	166935139	16	N	3		9204
222084746	65553400	1	392	2RG	1	166935156	30	N	3	HK26230	385705
222084769	65553431	1	396	3(a)(1)	1	166935204	30	N	3	VERBAL/ JONES	9203
222084873	65553497	1	393	47(e)	1	166935328	15	N	3		257965
222084879	65553507	1	393	47(e)	2	166935342	15	N	3	HK00406	257965
222084880	65553507	2	392	2-SLLEWA1	2	166935342	47	N	3		390260
222084881	65553508	1	395	8(a)(1)	D		3	Y	3		396451
222084882	65553509	1	393	19	1	166935345	20	N	3	HK00429	9443
222084883	65553509	2	393	60(c)	1	166935345	26	N	3		257571
222084884	65553509	3	393	47(e)	1	166935345	15	N	3		257965
222084885	65553510	1	393	75(a)(3)	1	166935347	23	Y	1	CW771789	9334
222084886	65553510	2	393	209(d)	1	166935347	21	N	3		8493
222084887	65553510	3	172	201(a)(1)	1	166935347	31	N	3		8587
222084888	65553511	1	392	2DL	D		14	N	3		385698
222084889	65553512	1	395	8E	D		2	N	3		253692
222084890	65553512	2	393	9(a)	1	166935351	20	N	3		283327
222084891	65553513	1	396	3(a)(1)	1	166935353	15	Y	1		383183
222084892	65553513	2	393	47(a)	1	166935353	16	N	3		257961
222084893	65553513	3	393	47(e)	2	166935354	15	N	3		257965
222084928	65553538	1	392	2RG	1	166935399	30	N	3	DV41431	385705
222084929	65553538	2	393	47(e)	1	166935399	15	N	3	DV41431	257965
222084930	65553542	1	396	5(b)	1	166935407	30	N	3		9211
222084936	65553549	1	393	45	1	166935423	16	Y	1	CW843642	9283
222084937	65553549	2	396	5(b)	2	166935424	24	N	3		392472
222084938	65553550	1	393	45	2	166935426	16	N	3		9283
222084939	65553550	2	393	45	2	166935426	16	N	3		9283
222084940	65553554	1	393	11	1	166935430	20	N	3		9422
222084943	65553557	1	392	2	1	166935436	30	N	3		379214
222084944	65553557	2	393	45(b)(2)	1	166935436	16	N	3		257958
222084946	65553561	1	392	2-SLLEWA1	2	166935445	47	N	3	HV64208	390260
222084947	65553563	1	396	3(a)(1)	1	166935447	16	N	3		9208
222084959	65553577	1	392	2DIM	2	166935472	30	N	3	CW403512	385697
222084968	65553586	1	392	2RG	1	166935491	30	N	3	CN043964	385705
222084969	65553586	2	393	9(a)	1	166935491	20	N	3	CN043964	9172
222084970	65553586	3	392	2	1	166935491	30	N	3		379214
222084971	65553587	1	393	11	1	166935493	20	N	3		9422
222084972	65553588	1	392	2	1	166935494	30	N	3		379214
222084973	65553588	2	393	47(e)	1	166935494	15	N	3		257965
222084974	65553589	1	393	25(f)	2	166935497	20	Y	1	CF062041	9271
222084975	65553589	2	396	3(a)(1)	1	166935496	16	N	3	CF062041	9208
222084976	65553590	1	396	3(a)(1)	1	166935498	30	N	3	CF060772	9203
222084977	65553591	1	391	41(a)	D		1	N	3	HR70306	9377
222084978	65553591	2	393	95(a)	1	166935500	28	N	3	VERBAL	9178
222084979	65553592	1	392	2RG	1	166935501	30	N	3	VERBAL	385705
222084980	65553593	1	396	5(b)	2	166935503	24	N	3		392474
222084988	65553602	1	392	2	1	166935520	14	N	3		8496
222084989	65553606	1	393	55(e)	2	166935528	16	N	3		9305
222084990	65553606	2	392	2	1	166935527	30	N	3		379214
222084991	65553607	1	393	47(e)	2	166935530	15	N	3		257965
222084992	65553607	2	396	3(a)(1)	2	166935530	15	Y	1	CW376999	383183
222084993	65553607	3	393	45(b)(2)	1	166935529	16	N	3		257958
222084994	65553609	1	393	47(e)	3	166935533	15	N	3		257965
222084995	65553609	2	393	53(b)	3	166935533	16	N	3		385681
222084996	65553610	1	396	3(a)(1)	2	166935536	30	N	3	CW775732	9203
222084997	65553612	1	396	5(b)	1	166935538	30	N	3		9211
222084998	65553612	2	393	104(a)	1	166935538	25	N	3		9420
222085019	65553624	1	393	47(e)	2	166935563	15	N	3	CW403513	257965
222085020	65553626	1	393	9(a)	1	166935566	20	N	3	HK26111	283327
222085021	65553626	2	393	75C	2	166935567	23	N	3		2909
222085022	65553626	3	396	3(a)(1)	2	166935567	16	N	3		9208
222085023	65553626	4	392	2DIM	2	166935567	30	N	3	CW403514	385697
222085034	65553635	1	396	5(b)	1	166935584	24	N	3		392474
222085035	65553635	2	396	3(a)(1)	1	166935584	16	N	3		9208
222085036	65553635	3	396	5(b)	2	166935585	24	N	3		392474
222085037	65553635	4	396	5(b)	1	166935584	30	N	3	VERBAL	9211
222085038	65553636	1	392	2	1	166935586	14	Y	1	HV64180	8496
222085039	65553639	1	393	9(a)	1	166935592	20	N	3	HK00311	9172
222085040	65553639	2	393	75C	1	166935592	23	N	3		2909
222085042	65553647	1	393	47(e)	1	166935604	15	N	3		257965
222085043	65553648	1	392	2RG	1	166935605	30	N	3	CF061030	385705
222085044	65553649	1	393	47(d)	2	166935608	16	N	3		257964
222085045	65553651	1	397	3	1	166935611	39	Y	1		9227
222085046	65553651	2	397	3	1	166935611	39	N	3		9227
222085047	65553654	1	392	2RG	1	166935616	30	N	3		385705
222085048	65553655	1	392	2RG	2	166935618	30	N	3		385705
222085051	65553657	1	393	45UV	1	166935621	16	N	3	CF060773	392458
222085052	65553658	1	392	2DIM	2	166935623	30	N	3		385697
222085053	65553659	1	392	2DIM	2	166935625	30	N	3	CW771805	385697
222085069	65553670	1	393	60(c)	1	166935646	26	N	3	WARNING	257571
222085070	65553670	2	396	5(b)	1	166935646	30	N	3	WARNING	9211
222085085	65553684	1	396	3(a)(1)	1	166935674	30	N	3	CW533467	9203
222085086	65553684	2	396	3(a)(1)	1	166935674	30	N	3		9203
222085087	65553684	3	396	3(a)(1)	1	166935674	16	N	3		9208
222085095	65553694	1	396	3(a)(1)	1	166935691	16	Y	99	CF060771	9208
222085096	65553697	1	393	11	1	166935696	20	N	3		9422
222085097	65553697	2	393	11	1	166935696	20	N	3		9422
222085098	65553698	1	392	2-SLLEWA1	2	166935698	47	N	3		390260
222085099	65553699	1	390	21(a)	1	166935699	30	N	3		9566
222085100	65553699	2	390	21(a)	1	166935699	30	N	3		9566
222085101	65553699	3	392	2	1	166935699	30	N	3		379214
222085102	65553699	4	392	2RG	1	166935699	30	N	3		385705
222085103	65553700	1	392	2	1	166935701	30	N	3		379214
222085104	65553700	2	392	2AU	1	166935701	30	N	3		385695
222085105	65553701	1	393	53(b)	1	166935703	16	N	3	CF060774	385681
222085106	65553701	2	393	47(e)	1	166935703	15	N	3	CF060774	257965
222085108	65553704	1	393	24(b)	1	166935713	20	N	3		257954
222085109	65553705	1	392	2AU	1	166935714	30	N	3		385695
222085110	65553706	1	393	25(f)	2	166935716	20	Y	1		9271
222085111	65553706	2	393	9(a)	2	166935716	20	N	3		283327
222085112	65553706	3	396	3(a)(1)	2	166935716	16	N	3		9208
222085152	65553728	2	393	47(e)	2	166935761	15	N	3		257965
222085153	65553728	3	393	53(b)	2	166935761	16	N	3		385681
222085154	65553728	1	393	45	1	166935760	16	Y	1	CW533468	9283
222085174	65553739	1	396	3(a)(1)	1	166935781	30	N	3		9203
222085210	65553783	1	396	3(a)(1)	1	166935864	16	N	3		9208
222085211	65553783	2	393	55(e)	2	166935865	16	N	3		9305
222085212	65553784	1	396	3(a)(1)	1	166935866	30	N	3		9203
222085213	65553785	1	396	3(a)(1)	2	166935869	30	N	3		9203
222085214	65553785	2	396	3(a)(1)	1	166935868	16	N	3		9208
222085215	65553786	1	393	45(b)(2)	1	166935870	16	Y	1		257958
222085216	65553786	2	392	2DIM	2	166935871	30	Y	1		385697
222085217	65553786	3	393	205(a)	1	166935870	24	Y	1		9456
222085218	65553787	1	396	3(a)(1)	2	166935875	30	N	3		9203
222085219	65553788	1	396	5(b)	2	166935877	24	N	3		392474
222085220	65553788	2	396	5(b)	2	166935877	24	N	3		392474
222085221	65553788	3	393	47(a)	1	166935876	16	N	3	HD83473	257961
222085222	65553788	4	392	2RG	1	166935876	30	N	3	HD83473	385705
222085223	65553788	5	392	2RG	1	166935876	30	N	3		385705
222085224	65553789	1	393	9(a)	2	166935879	20	N	3		9172
222085225	65553789	2	393	75(a)(3)	2	166935879	23	Y	1		9334
222085226	65553789	3	393	75(h)	1	166935878	23	Y	1		371296
222085227	65553790	1	392	2DIM	2	166935881	30	N	3		385697
222085228	65553794	1	392	2RG	1	166935887	30	N	3		385705
222085229	65553794	2	392	2RG	1	166935887	30	N	3		385705
222085230	65553794	3	391	41(a)	D		1	N	3		9377
222085231	65553795	1	396	3A1DSUJ	1	166935888	30	Y	1	CW771787	396118
222085232	65553797	1	396	5(b)	1	166935892	24	N	3		392474
222085233	65553797	2	393	9(a)	2	166935893	20	Y	1	CW770937	283327
222085234	65553797	3	393	11	2	166935893	20	N	3		9422
222085235	65553797	4	393	11	2	166935893	20	N	3		9422
222085255	65553813	1	396	3(a)(1)	1	166935923	16	N	3		9204
222085282	65553832	1	393	47(e)	1	166935961	15	N	3		257965
222085285	65553834	1	396	3(a)(1)	1	166935967	16	N	3		9208
222085286	65553837	1	393	9(a)	1	166935974	20	N	3		283327
222085287	65553837	2	393	11	2	166935975	20	N	3		9422
222085288	65553838	1	395	8(a)(1)	1	166935976	3	N	3		396451
222085289	65553839	1	396	5(b)	1	166935978	24	N	3		392472
222085290	65553839	2	396	5(b)	2	166935979	24	N	3		392472
222085310	65553854	1	392	2WC	1	166936007	30	N	3		385707
222085328	65553872	1	396	3(a)(1)	1	166936039	30	N	3		9203
222085329	65553873	1	393	75(a)(3)	2	166936041	23	Y	1	CR46058	9334
222085330	65553873	2	393	75(a)(1)	2	166936041	23	N	3		9332
222085331	65553873	3	393	55(e)	2	166936041	16	N	3		9305
222085332	65553874	1	396	3(a)(1)	1	166936042	16	N	3		9208
222085333	65553874	2	396	3(a)(1)	1	166936042	16	N	3		9204
222085334	65553874	3	396	3(a)(1)	1	166936042	16	N	3		9208
222085335	65553874	4	396	3(a)(1)	1	166936042	30	N	3		9203
222085336	65553874	5	393	75(a)(3)	2	166936043	23	Y	1	CM000001	9334
222085337	65553876	1	390	21(a)	1	166936047	30	N	3		9566
222085338	65553876	2	390	21(a)	1	166936047	30	N	3		9566
222085339	65553876	3	395	8E	D		2	N	3		253692
222085340	65553876	4	392	2LV	D		14	N	3	CC56646	385702
222085341	65553876	5	391	41(a)	D		1	Y	1		9377
222085342	65553876	6	392	2RG	1	166936047	30	N	3		385705
222085343	65553876	7	393	43	2	166936048	16	Y	1		9279
222085344	65553876	8	393	75C	1	166936047	23	N	3		2909
222085345	65553876	9	393	75C	2	166936048	23	N	3		2909
222085346	65553876	10	393	9(a)	2	166936048	20	Y	1		9172
222085347	65553879	1	396	3(a)(1)	1	166936060	16	N	3		9208
222085348	65553879	2	393	11	2	166936061	20	N	3		9422
222085349	65553880	1	395	8(a)(1)	D		3	Y	99		396451
222085350	65553881	1	395	8(a)(1)	1	166936064	3	N	3		396451
222085351	65553881	2	396	5(b)	1	166936064	30	N	3		9211
222085352	65553881	3	393	47(e)	2	166936065	15	N	3		257965
222085353	65553881	4	393	47(e)	2	166936065	15	N	3		257965
222085354	65553881	5	396	3(a)(1)	2	166936065	15	Y	1	CW770938	383183
222085366	65553894	1	396	3(a)(1)	2	166936092	16	N	3		9204
222085374	65553912	1	393	45(b)(2)	1	166936123	16	N	3		392461
222085375	65553913	1	393	45	2	166936126	16	Y	1		9283
222085376	65553913	2	393	75C	2	166936126	23	N	3		2909
222085377	65553914	1	393	48(a)	2	166936128	16	N	3		9288
222085378	65553917	1	393	9(a)	1	166936133	20	N	3		9172
222085379	65553917	2	393	45	2	166936134	16	N	3		9283
222085380	65553917	3	396	3(a)(1)	2	166936134	16	N	3		9204
222085381	65553922	1	393	9(a)	1	166936139	20	Y	99		9172
222085382	65553922	2	393	9(a)	1	166936139	20	Y	99		9172
222085383	65553923	1	392	2	1	166936140	30	N	3		379214
222085384	65553928	1	393	95(f)	1	166936149	28	N	3		9180
222085385	65553928	2	396	9(d)(2)	1	166936149	30	N	3		9214
222085396	65553935	1	393	47(d)	1	166936162	16	N	3		257964
222085397	65553935	2	396	5(b)	1	166936162	30	N	3		9211
222085398	65553935	3	396	3(a)(1)	1	166936162	30	N	3		9203
222085399	65553936	1	393	45(b)(2)	1	166936164	16	Y	1	CW520914	257958
222085427	65553964	1	393	75(a)(2)	1	166936219	23	Y	1		9333
222085428	65553967	1	393	47(e)	1	166936222	15	N	3		257965
222085429	65553967	2	393	53(b)	1	166936222	16	N	3		385681
222085430	65553967	3	396	3(a)(1)	1	166936222	30	N	3		9203
222085431	65553968	1	392	2DIM	2	166936225	30	N	3		385697
222085433	65553979	1	391	41(a)	D		1	Y	1	CW843643	9377
222085470	65554013	1	396	5(b)	1	166936313	24	N	3		392474
222085471	65554016	1	392	2RG	1	166936317	30	N	3		385705
222085472	65554016	2	392	2RG	1	166936317	30	N	3		385705
222085478	65554018	1	393	209(d)	1	166936321	21	Y	1	CW606066	8493
222085479	65554020	1	393	75C	2	166936326	23	N	3	DA008669	2909
222085483	65554028	1	393	9(a)	1	166936338	20	N	3		9172
222085484	65554029	1	396	3(a)(1)	1	166936339	16	Y	1		9208
222085485	65554029	2	393	207(a)	1	166936339	22	Y	1		9459
222085486	65554029	3	396	5(b)	2	166936340	24	N	3		392474
222085487	65554029	4	396	3(a)(1)	2	166936340	16	N	3		9204
222085488	65554029	5	393	75C	2	166936340	23	N	3	CW771803	2909
222085489	65554029	6	393	75(a)(3)	2	166936340	23	Y	1		9334
222085490	65554030	1	393	9(a)	1	166936341	20	N	3		9172
222085491	65554032	1	396	5(b)	1	166936345	24	Y	1	CW521273	392474
222085492	65554032	2	396	5(b)	1	166936345	24	N	3		392474
222085493	65554032	3	396	3(a)(1)	2	166936346	30	N	3		9203
222085494	65554032	4	392	2RG	1	166936345	30	N	3	CW68183	385705
222085495	65554032	5	396	5(b)	1	166936345	30	N	3		9211
222085496	65554032	6	393	47(e)	1	166936345	15	N	3		257965
222085535	65554047	1	396	3(a)(1)	1	166936376	16	N	3	VERBAL	9208
222085539	65554049	1	396	3(a)(1)	1	166936385	30	N	3		9203
222085540	65554049	2	393	9(a)	1	166936385	20	N	3		9172
222085541	65554049	3	392	2	1	166936385	14	N	3		8496
222085546	65554056	1	396	5(b)	2	166936398	24	N	3		392472
222085547	65554057	1	393	45(b)(2)	1	166936399	16	N	3		392461
222085548	65554057	2	396	3(a)(1)	1	166936399	30	N	3		9203
222085549	65554057	3	393	11	2	166936400	20	Y	1		9422
222085568	65554070	1	390	21(a)	1	166936425	30	N	3		9566
222085569	65554071	1	393	47(e)	2	166936427	15	N	3		257965
222085570	65554071	2	396	3(a)(1)	2	166936427	30	N	3		9203
222085571	65554073	1	393	47(e)	1	166936430	15	N	3		257965
222085574	65554081	1	392	2RG	1	166936443	30	N	3		385705
222085575	65554082	1	392	2AU	1	166936444	30	N	3		385695
222085614	65554111	1	396	3(a)(1)	1	166936497	30	N	3		9203
222085615	65554114	5	396	3(a)(1)	2	166936504	16	Y	1		9204
222085616	65554114	1	396	3(a)(1)	2	166936504	16	N	3		9204
222085617	65554114	2	393	47(e)	2	166936504	15	N	3		257965
222085618	65554114	3	393	53(b)	2	166936504	16	N	3		385681
222085619	65554114	4	393	207(f)	2	166936504	22	N	3		9263
222085645	65554139	1	396	3(a)(1)	1	166936547	16	N	3		9204
222085652	65554149	1	396	3(a)(1)	1	166936565	15	Y	1	DA088508	383183
222085653	65554149	2	396	3(a)(1)	1	166936565	16	N	3		9208
222085654	65554149	3	392	2RG	1	166936565	30	N	3		385705
222085655	65554150	1	393	45	1	166936567	16	N	3		9283
222085656	65554151	1	393	60(c)	1	166936569	26	N	3		257571
222085657	65554151	2	396	5(b)	1	166936569	30	N	3		9211
222085658	65554151	3	393	209(d)	1	166936569	21	N	3		8493
222085659	65554152	1	395	8F01	D		3	N	3		396252
222085660	65554152	2	393	209(d)	1	166936571	21	N	3		8493
222085661	65554152	3	396	5(b)	1	166936571	30	N	3		9211
222085669	65554159	1	393	45(b)(2)	1	166936583	16	N	3		257958
222085670	65554160	1	393	45(b)(2)	1	166936584	16	N	3		257958
222085671	65554160	2	393	95(a)	1	166936584	28	N	3	DA008667	9178
222085672	65554160	3	393	11	2	166936585	20	N	3	DA008667	9422
222085673	65554160	4	393	47(e)	2	166936585	15	N	3	DA008667	257965
222085680	65554165	1	390	21(a)	1	166936594	30	N	3		9566
222085681	65554165	2	392	2RG	1	166936594	30	N	3	DA008668	385705
222085682	65554166	1	392	2C	D		40	N	3	CC56650	9389
222085683	65554166	2	392	2RG	1	166936595	30	N	3		385705
222085684	65554166	3	392	2RG	1	166936595	30	N	3		385705
222085685	65554166	4	393	45(b)(2)	1	166936595	16	N	3		257958
222085686	65554166	5	393	45(b)(2)	1	166936595	16	N	3		257958
222085687	65554167	1	392	2AU	1	166936596	30	N	3		385695
222085688	65554167	2	393	83(a)	1	166936596	27	N	3		9352
222085696	65554177	1	393	47(d)	1	166936618	16	N	3		257964
222085697	65554177	2	393	11	1	166936618	20	N	3		9422
222085698	65554177	3	393	9(a)	2	166936619	20	N	3		9183
222085699	65554177	4	393	11	2	166936619	20	N	3		9422
222085801	65554259	1	392	2RG	1	166936780	30	N	3		385705
222085802	65554259	2	392	2RG	1	166936780	30	N	3		385705
222085807	65554270	1	393	48(a)	1	166936795	16	N	3		9288
222085808	65554270	2	396	3(a)(1)	1	166936795	16	N	3		9208
222085809	65554270	3	393	45(b)(2)	1	166936795	16	N	3		257958
222085810	65554270	4	392	2RG	1	166936795	30	N	3		385705
222085811	65554271	1	392	2RG	1	166936797	30	N	3		385705
222085812	65554272	1	392	2RG	1	166936799	30	N	3		385705
222085813	65554273	1	392	2IRP	1	166936800	30	N	3		385701
222085814	65554273	2	393	47(e)	1	166936800	15	N	3		257965
222085815	65554273	3	393	47(e)	2	166936801	15	N	3		257965
222085816	65554273	4	393	47(e)	2	166936801	15	N	3		257965
222085817	65554273	5	396	3(a)(1)	2	166936801	15	Y	1		383183
222085818	65554273	6	393	75C	1	166936800	23	N	3		2909
222085819	65554273	7	393	75C	1	166936800	23	N	3		2909
222085820	65554275	1	396	5(b)	1	166936803	24	N	3		392472
222085821	65554275	2	396	5(b)	1	166936803	30	N	3		9211
222085822	65554275	3	396	3(a)(1)	2	166936804	16	Y	1	DA008670	9208
222085823	65554275	4	396	3(a)(1)	2	166936804	30	N	3		9203
222085824	65554275	5	393	45(b)(2)	2	166936804	16	N	3		257958
222085825	65554279	1	396	3(a)(1)	1	166936811	30	N	3		9203
222085826	65554280	1	393	11	1	166936812	20	N	3		9422
222085853	65554301	1	392	2RG	1	166936850	30	N	3		385705
222085854	65554301	2	393	75(a)(2)	1	166936850	23	N	3		9333
222085855	65554301	3	393	45	1	166936850	16	Y	1		9283
222085856	65554301	4	393	45	1	166936850	16	N	3		9283
222085859	65554304	1	392	2-SLLEWA1	1	166936856	47	N	3	DV40924	390260
222085860	65554304	2	392	2	1	166936856	30	N	3		379214
222085862	65554305	1	392	2RG	1	166936859	30	N	3	Y	385705
222085863	65554308	1	392	2MI	2	166936867	14	N	3		385703
222085864	65554310	1	393	9(a)	1	166936869	20	N	3	HW97224	9172
222085865	65554310	2	393	75C	1	166936869	23	N	3	CG081531	2909
222085866	65554310	3	393	83(a)	1	166936869	27	N	3	CG081531	9352
222085867	65554310	4	393	209(d)	1	166936869	21	N	3	CG081531	8493
222085868	65554310	5	376	11(d)(1)	1	166936869	14	N	3		396114
222085869	65554310	6	393	9(a)	2	166936870	20	Y	99		283327
222085870	65554310	7	392	2RG	1	166936869	30	N	3	HW87224	385705
222085871	65554311	1	392	2RG	1	166936871	30	N	3		385705
222085872	65554314	1	392	2RG	1	166936877	30	N	3		385705
222085873	65554314	2	392	2RG	1	166936877	30	N	3		385705
222085874	65554316	1	392	2	D		14	N	3		8496
222085875	65554316	2	392	2RG	2	166936880	30	N	3		385705
222085876	65554316	3	393	11	2	166936880	20	N	3	CW251656	9422
222085877	65554317	1	396	3(a)(1)	1	166936881	30	N	3		9203
222085878	65554317	2	396	3(a)(1)	1	166936881	30	N	3		9203
222085886	65554321	1	392	2	1	166936888	14	N	3		8496
222085887	65554322	1	393	79	1	166936889	26	N	3		9348
222085888	65554326	1	396	3(a)(1)	1	166936894	30	Y	99		9203
222085889	65554326	2	396	5(b)	1	166936894	30	N	3		9211
222085890	65554327	1	396	3(a)(1)	1	166936896	30	N	3		9203
222085891	65554337	1	390	21(a)	1	166936914	30	N	3		9566
222085892	65554337	2	392	2AU	1	166936914	30	N	3		385695
222085893	65554337	3	396	3(a)(1)	1	166936914	16	N	3		9204
222085894	65554337	4	392	2RG	1	166936914	30	N	3		385705
222085895	65554338	1	392	2	1	166936915	14	N	3		8496
222085896	65554338	2	390	21(a)	1	166936915	30	N	3		9566
222085897	65554338	3	392	2AU	1	166936915	30	N	3		385695
222085898	65554338	4	392	2RG	1	166936915	30	N	3		385705
222085899	65554338	5	393	11	1	166936915	20	N	3		9422
222085900	65554338	6	393	75B	1	166936915	23	N	3	JC02797	254322
222085901	65554339	1	392	2	1	166936916	14	N	3		8496
222085902	65554339	2	392	2AU	1	166936916	30	N	3	JC02798	385695
222085903	65554339	3	392	2RG	1	166936916	30	N	3		385705
222085904	65554339	4	392	2RG	1	166936916	30	N	3		385705
222085905	65554339	5	396	3(a)(1)	1	166936916	16	N	3		9204
222085906	65554340	1	392	2MI	1	166936917	14	N	3		385703
222085907	65554340	2	393	11	1	166936917	20	N	3		9422
222085908	65554349	1	396	3(a)(1)	1	166936934	30	N	3	CW251657	9203
222085909	65554349	2	392	2DIM	1	166936934	30	N	3		385697
222085910	65554350	1	392	2RG	1	166936936	30	N	3	JH45255	385705
222085911	65554350	2	395	8(a)(1)	D		3	Y	3		396451
222085912	65554351	1	392	2RG	1	166936938	30	N	3	CW161205	385705
222085913	65554351	2	392	2DL	D		14	N	3		385698
222085914	65554353	1	392	2	1	166936943	14	N	3		8496
222085915	65554353	2	392	2	1	166936943	14	N	3		8496
222085916	65554354	1	392	2RG	1	166936944	30	N	3		385705
222085917	65554354	2	392	2RG	2	166936945	30	N	3		385705
222085918	65554355	1	393	60(d)	1	166936946	26	N	3	DA020945	9308
222085919	65554356	1	393	11	2	166936949	20	Y	99	DA020946	9422
222085920	65554356	2	392	2DL	D		14	N	3		385698
222085921	65554358	1	392	2RG	1	166936952	30	N	3		385705
222085922	65554358	2	396	3(a)(1)	1	166936952	30	N	3	CT060944	9203
222085923	65554358	3	396	5(b)	1	166936952	30	N	3	CT060944	9211
222085924	65554358	4	393	60(c)	1	166936952	26	N	3	CT060944	257571
222085925	65554358	5	392	2RG	1	166936952	30	N	3	CT060944	385705
222085926	65554359	1	392	2RG	1	166936954	30	N	3	HL47971	385705
222085927	65554359	2	393	47(e)	1	166936954	15	N	3	HL47971	257965
222085928	65554359	3	393	53(b)	1	166936954	16	N	3		385681
222085929	65554359	4	393	9(a)	2	166936955	20	N	3		9172
222085930	65554359	5	392	2RG	2	166936955	30	N	3		385705
222085931	65554360	1	390	21(a)	1	166936956	30	N	3		9566
222085932	65554360	2	392	82(a)(1)	D		14	N	3		392492
222085933	65554362	1	392	2LV	D		14	N	3	JB34292	385702
222085934	65554363	1	392	2-SLLS3	D		45	N	3	JB34293	390248
222085935	65554367	1	396	3(a)(1)	1	166936966	30	N	3		9203
222085936	65554367	2	393	45	1	166936966	16	N	3		9283
222085937	65554368	1	393	45(d)	1	166936967	16	N	3		392463
222085938	65554368	2	393	48A-BSRFS	1	166936967	16	N	3		392469
222085939	65554368	3	396	5(b)	2	166936968	24	Y	99	HK00312	392474
222085940	65554368	4	396	3(a)(1)	2	166936968	16	N	3		9208
222085941	65554370	1	392	2RG	1	166936971	30	N	3	281	385705
222085942	65554371	1	393	60(c)	1	166936973	26	N	3	281	257571
222085943	65554371	2	392	2RG	2	166936974	30	N	3		385705
222085944	65554371	3	392	2RG	3	166936975	30	N	3	281	385705
222085945	65554371	4	392	2DL	D		14	N	3	281	385698
222085946	65554374	1	393	48(a)	2	166936980	16	N	3		9288
222085947	65554380	1	392	2	1	166936990	30	N	3		379214
222085948	65554380	2	390	21(a)	1	166936990	30	N	3	HS13179	9566
222085949	65554380	3	392	2	1	166936990	14	N	3	HS13179	8496
222085950	65554383	1	395	8F01	D		3	N	3	HA66673	396252
222085951	65554383	2	396	5(b)	1	166936994	24	Y	1	CW768111	392472
222085952	65554383	3	396	3(a)(1)	1	166936994	16	N	3		9208
222085953	65554383	4	393	75C	1	166936994	23	N	3		2909
222085954	65554383	5	393	19	2	166936995	20	Y	1	CW768111	9443
222085955	65554383	6	393	9(a)	2	166936995	20	Y	1	CW768111	9183
222085956	65554383	7	392	2DL	D		14	Y	3		385698
222085957	65554385	1	392	2DIM	2	166936999	30	Y	1		385697
222085958	65554386	1	392	2RG	1	166937000	30	N	3		385705
222085959	65554386	2	396	3(a)(1)	2	166937001	30	Y	99	DA020947	9203
222085961	65554392	1	393	9(a)	1	166937008	20	Y	99	CW 076176	9172
222085962	65554393	1	396	3(a)(1)	1	166937009	30	N	3		9203
222085963	65554393	2	396	3(a)(1)	1	166937009	16	N	3		9208
222085964	65554394	1	392	2RG	1	166937010	30	N	3		385705
222085965	65554394	2	392	2RG	1	166937010	30	N	3		385705
222085966	65554394	3	396	5(b)	1	166937010	30	N	3		9211
222085967	65554396	1	392	2RG	1	166937012	30	N	3		385705
222085968	65554396	2	393	11	1	166937012	20	N	3		9422
222085969	65554409	1	395	8(a)	D		3	Y	3		254677
222085970	65554409	2	392	2RG	1	166937034	30	N	3	HS13180	385705
222085971	65554409	3	392	2	1	166937034	30	N	3	HS13181	379214
222085972	65554409	4	392	9a(a)(1)	1	166937034	30	Y	99		337774
222085973	65554409	5	393	209(d)	1	166937034	21	N	3		8493
222085974	65554409	6	393	47(e)	1	166937034	15	N	3		257965
222085975	65554409	7	393	48(a)	2	166937035	16	N	3		9288
222085976	65554409	8	393	48(a)	2	166937035	16	N	3		9288
222085977	65554409	9	396	3(a)(1)	1	166937034	15	Y	99	HS13180	383183
222085978	65554409	10	393	95(f)	1	166937034	28	N	3		9180
222085979	65554409	11	393	25(b)	1	166937034	20	N	3		9269
222085980	65554409	12	396	3(a)(1)	2	166937035	16	N	3		9208
222085981	65554409	13	392	2	1	166937034	14	Y	99		8496
222085982	65554410	1	396	3A1T	1	166937036	23	N	3		9209
222085983	65554412	1	396	3(a)(1)	1	166937038	16	N	3		9208
222085984	65554412	2	396	3(a)(1)	1	166937038	16	N	3		9208
222085985	65554412	3	396	3(a)(1)	2	166937039	16	N	3		9208
222085992	65554421	1	393	47(e)	1	166937057	15	N	3		257965
222085993	65554421	2	393	47(e)	1	166937057	15	N	3		257965
222085994	65554421	3	396	3(a)(1)	1	166937057	15	Y	1		383183
222085995	65554421	4	396	3(a)(1)	1	166937057	16	N	3		9208
222085996	65554421	5	396	3(a)(1)	2	166937058	16	N	3	HK00266	9208
222085997	65554422	1	396	3(a)(1)	1	166937059	16	N	3		9208
222085998	65554422	2	393	207(a)	2	166937060	22	N	3		9459
222085999	65554423	1	392	2	1	166937061	14	N	3		8496
222086000	65554423	2	393	9(a)	1	166937061	20	N	3		283327
222086001	65554423	3	393	9(a)	1	166937061	20	N	3		283327
222086002	65554425	1	392	2RG	1	166937063	30	N	3	HV07922	385705
222086003	65554425	2	392	2AU	1	166937063	30	N	3	HV07922	385695
222086004	65554425	3	390	21(a)	1	166937063	30	N	3		9566
222086005	65554425	4	393	75C	1	166937063	23	N	3		2909
222086006	65554427	1	392	2AU	1	166937066	30	N	3	HV07934	385695
222086007	65554427	2	392	2RG	1	166937066	30	N	3	HV07934	385705
222086008	65554427	3	392	2MI	1	166937066	14	N	3	HV07934	385703
222086009	65554429	1	396	3(a)(1)	1	166937069	30	Y	99	CW311888	9203
222086010	65554430	1	392	16	D		11	N	3		9386
222086011	65554430	2	392	2RG	1	166937070	30	N	3		385705
222086012	65554430	3	392	2AU	1	166937070	30	N	3	HP05018	385695
222086013	65554436	1	393	95(f)	1	166937076	28	N	3		9180
222086014	65554438	1	392	2	D		14	N	3	1	8496
222086015	65554438	2	392	2RG	1	166937078	30	N	3	2	385705
222086016	65554438	3	390	21(a)	1	166937078	30	N	3	2	9566
222086017	65554439	1	392	2RG	1	166937079	30	N	3	1	385705
222086018	65554439	2	393	11	1	166937079	20	N	3	1	9422
222086019	65554439	3	393	11	1	166937079	20	N	3	1	9422
222086020	65554439	4	393	11	1	166937079	20	N	3	1	9422
222086021	65554439	5	392	2RG	1	166937079	30	N	3	1	385705
222086022	65554439	6	393	95(f)	1	166937079	28	N	3	1	9180
222086023	65554440	1	392	2RG	1	166937080	30	N	3		385705
222086024	65554440	2	393	9(a)	1	166937080	20	N	3	1	9172
222086025	65554440	3	393	9(a)	1	166937080	20	N	3	1	9172
222086026	65554445	1	393	207(f)	1	166937089	22	N	3		9263
222086027	65554446	1	392	2-SLLS3	D		45	N	3		390248
222086028	65554446	2	396	3(a)(1)	1	166937091	16	N	3		9208
222086029	65554446	3	396	3(a)(1)	1	166937091	16	N	3		9204
222086030	65554447	1	393	75(a)(3)	1	166937093	23	Y	99	CW68082	9334
222086031	65554447	2	393	75(a)(3)	1	166937093	23	Y	99	CW68082	9334
222086032	65554447	3	396	3(a)(1)	1	166937093	16	N	3		9208
222086033	65554447	4	396	3(a)(1)	2	166937094	16	N	3		9208
222086034	65554448	1	396	3(a)(1)	1	166937095	16	N	3		9208
222086035	65554448	2	396	3(a)(1)	2	166937096	30	N	3		9203
222086036	65554450	1	392	2RG	1	166937098	30	N	3		385705
222086037	65554450	2	392	2RG	1	166937098	30	N	3		385705
222086038	65554450	3	393	75C	1	166937098	23	N	3		2909
222086039	65554450	4	392	2	1	166937098	14	N	3		8496
222086040	65554450	5	396	5(b)	1	166937098	30	N	3	DP99631	9211
222086041	65554450	6	393	207(c)	1	166937098	22	N	3		9328
222086042	65554450	7	393	45(b)(2)	1	166937098	16	N	3	DP99631	392460
222086043	65554450	8	396	3(a)(1)	1	166937098	16	N	3		9208
222086044	65554450	9	396	3(a)(1)	1	166937098	30	N	3		9203
222086045	65554450	10	393	11	1	166937098	20	N	3		9422
222086046	65554450	11	393	11	1	166937098	20	N	3		9422
222086047	65554450	12	393	11	1	166937098	20	N	3		9422
222086048	65554451	1	393	9(a)	1	166937099	20	N	3		9172
222086049	65554451	2	393	60(c)	1	166937099	26	N	3		257571
222086050	65554452	1	393	9(a)	1	166937100	20	N	3		283327
222086051	65554452	2	393	9(a)	1	166937100	20	Y	1		283327
222086052	65554452	3	396	3(a)(1)	1	166937100	16	N	3	DP99632	9208
222086053	65554452	4	396	5(b)	1	166937100	30	N	3		9211
222086054	65554452	5	392	2RG	1	166937100	30	N	3		385705
222086055	65554453	1	396	3(a)(1)	1	166937101	16	N	3	CW533470	9204
222086056	65554453	2	396	3(a)(1)	2	166937102	30	N	3		9203
222086057	65554454	1	393	45	1	166937103	16	N	3	13787	9283
222086058	65554463	1	395	8F01	D		3	Y	3	HA66902	396252
222086059	65554467	1	393	9(a)	1	166937122	20	N	3	DD58589	9172
222086060	65554467	2	393	95(f)	1	166937122	28	N	3	DD58589	9180
222086062	65554470	1	396	3(a)(1)	1	166937127	16	N	3		9208
222086063	65554470	2	393	75C	1	166937127	23	N	3		2909
222086064	65554471	1	393	75(a)(1)	1	166937128	23	Y	1		9332
222086065	65554472	1	393	11	1	166937129	20	N	3		9422
222086066	65554473	1	393	209(d)	1	166937130	21	Y	99		8493
222086067	65554473	2	393	43(a)	1	166937130	16	Y	99		9280
222086068	65554473	3	393	75C	2	166937131	23	N	3		2909
222086069	65554476	1	393	75(a)(3)	1	166937136	23	Y	99		9334
222086070	65554477	1	396	5(b)	1	166937137	30	N	3		9211
222086072	65554479	1	392	2AU	1	166937140	30	N	3	JB75909	385695
222086073	65554479	2	390	21(a)	1	166937140	30	N	3		9566
222086074	65554479	3	390	21(a)	1	166937140	30	N	3		9566
222086075	65554479	4	392	2RG	1	166937140	30	N	3		385705
222086076	65554479	5	392	2WC	1	166937140	30	N	3		385707
222086077	65554479	6	393	9(a)	1	166937140	20	N	3		9172
222086078	65554479	7	393	95(f)	1	166937140	28	N	3		9180
222086079	65554480	1	392	2AU	1	166937141	30	N	3	JB75910	385695
222086090	65554503	1	393	60(c)	1	166937178	26	N	3	DA019909	257571
222086091	65554505	1	393	47(e)	1	166937181	15	N	3		257965
222086103	65554520	1	396	3(a)(1)	1	166937210	16	N	3		9208
222086104	65554520	2	393	75(a)(3)	2	166937211	23	Y	1	CW533469	9334
222086105	65554522	1	393	47(e)	2	166937213	15	N	3		257965
222086106	65554522	2	396	3(a)(1)	2	166937213	15	Y	1		383183
222086107	65554523	1	396	3(a)(1)	1	166937215	15	Y	1		383183
222086108	65554523	2	393	47(e)	1	166937215	15	N	3		257965
222086109	65554526	1	393	47(b)	1	166937220	16	Y	1	CW767999	257962
222086110	65554528	1	392	2LV	D		14	N	3		385702
222086111	65554528	2	392	2RG	1	166937224	30	N	3		385705
222086118	65554534	1	396	3(a)(1)	1	166937234	30	N	3		9203
222086119	65554534	2	393	75(h)	1	166937234	23	N	3		371296
222086120	65554535	1	396	5(b)	1	166937235	30	N	3		9211
222086121	65554535	2	396	3(a)(1)	1	166937235	30	N	3		9203
222086130	65554543	1	392	2RG	1	166937248	30	N	3		385705
222086133	65554547	1	392	9(a)(2)	1	166937255	25	Y	1	CW768251	9413
222086134	65554547	2	392	2RG	1	166937255	30	N	3		385705
222086135	65554547	3	392	2RG	2	166937256	30	N	3		385705
222086136	65554547	4	392	2DIM	2	166937256	30	N	3		385697
222086137	65554548	1	393	75C	2	166937258	23	N	3		2909
222086138	65554548	2	393	48(a)	2	166937258	16	N	3		9288
222086139	65554551	1	392	2RG	1	166937262	30	N	3	VERBAL	385705
222086140	65554552	1	393	47(e)	1	166937263	15	N	3	CW533471	257965
222086141	65554552	2	396	3(a)(1)	2	166937264	30	N	3	13787	9203
222086142	65554552	3	396	3(a)(1)	2	166937264	30	N	3	13787	9203
222086143	65554553	1	393	9(a)	1	166937265	20	N	3		9172
222086144	65554553	2	392	2	2	166937266	14	Y	1		8496
222086145	65554557	1	392	2MI	3	166937273	14	N	3		385703
222086146	65554558	1	392	2	D		14	N	3		8496
222086147	65554558	2	395	8	D		7	N	3		9194
222086148	65554559	1	392	2-SLLS4	D		45	N	3		390240
222086149	65554559	2	392	2	1	166937276	14	N	3	CK018871	8496
222086150	65554559	3	392	2AU	1	166937276	30	N	3		385695
222086151	65554559	4	395	8(a)	D		3	Y	3		254677
222086152	65554560	1	392	2RG	1	166937277	30	N	3		385705
222086153	65554560	2	392	2AU	1	166937277	30	N	3	HK00208	385695
222086154	65554560	3	392	2RG	1	166937277	30	N	3		385705
222086159	65554568	1	393	87(a)	2	166937291	30	Y	99	DA020944	257978
222086160	65554568	2	392	2	2	166937291	47	N	3		390281
222086161	65554569	1	393	9(a)	1	166937292	20	N	3	1	9172
222086162	65554569	2	392	2RG	1	166937292	30	N	3	1	385705
222086163	65554569	3	393	11	2	166937293	20	N	3	2	9424
222086164	65554570	1	392	2RG	1	166937294	30	N	3	1	385705
222086165	65554571	1	392	2AU	1	166937296	30	Y	99	JB 47472	385695
222086166	65554571	2	392	2RG	1	166937296	30	N	3	JB 48627	385705
222086167	65554572	1	392	2LV	D		14	N	3	JB 47473	385702
222086172	65554577	1	393	47(e)	1	166937306	15	N	3		257965
222086173	65554577	2	393	47(e)	1	166937306	15	N	3		257965
222086174	65554577	3	393	47(e)	1	166937306	15	N	3		257965
222086175	65554577	4	396	3(a)(1)	2	166937307	16	N	3		9204
222086176	65554577	5	396	3(a)(1)	1	166937306	15	Y	4	CW398068	383183
222086177	65554577	6	396	3(a)(1)	1	166937306	16	N	3		9204
222086178	65554578	1	396	3(a)(1)	2	166937309	16	N	3		9204
222086181	65554583	1	392	2RG	1	166937318	30	N	3		385705
222086182	65554584	1	393	9(a)	1	166937320	20	N	3		9172
222086183	65554593	1	392	2AU	1	166937335	30	N	3	HK00209	385695
222086184	65554596	1	393	9(a)	2	166937340	20	Y	99	DK54114	9172
222086186	65554599	1	393	47(e)	1	166937344	15	N	3		257965
222086187	65554601	1	392	2-SLLEWA2	1	166937346	47	N	3	1	390250
222086188	65554604	1	392	2RG	1	166937350	30	N	3		385705
222086189	65554604	2	396	3(a)(1)	2	166937351	16	N	3		9208
222086190	65554604	3	393	45(b)(2)	2	166937351	16	N	3		392460
222086191	65554609	1	393	75C	1	166937356	23	N	3		2909
222086192	65554609	2	392	2AU	1	166937356	30	Y	99	JB 47475	385695
222086193	65554609	3	392	2AU	1	166937356	30	N	3		385695
222086194	65554609	4	392	2	1	166937356	14	Y	99		8496
222086195	65554609	5	392	2	1	166937356	14	Y	99		8496
222086196	65554609	6	392	2RG	1	166937356	30	N	3	JB 47475	385705
222086197	65554609	7	393	11	1	166937356	20	N	3		9422
222086198	65554609	8	393	11	1	166937356	20	N	3		9422
222086199	65554610	1	392	2	1	166937357	14	Y	99		8496
222086200	65554610	2	392	2-SLLEWA1	D		47	N	3		390260
222086201	65554610	3	392	2-SLLEWA1	D		47	N	3		390260
222086202	65554611	1	392	2	1	166937358	14	N	3	JB 48626	8496
222086203	65554611	2	392	2AU	1	166937358	30	Y	99	JB 48626	385695
222086204	65554611	3	392	2RG	1	166937358	30	N	3	JB 48626	385705
222086205	65554611	4	393	75B	1	166937358	23	N	3		254322
222086206	65554611	5	393	75C	1	166937358	23	N	3		2909
222086207	65554611	6	392	2RG	1	166937358	30	N	3	JB 48626	385705
222086214	65554617	1	396	3(a)(1)	1	166937369	16	N	3		9208
222086215	65554622	1	396	3(a)(1)	1	166937377	30	N	3		9203
222086216	65554622	2	393	95(a)	1	166937377	28	N	3		9178
222086217	65554623	1	396	3(a)(1)	1	166937378	30	N	3		9203
222086218	65554623	2	396	5(b)	1	166937378	30	N	3		9211
222086219	65554624	1	393	75C	1	166937379	23	N	3	DA40234	2909
222086220	65554624	2	393	75(a)(3)	2	166937380	23	Y	1		9334
222086221	65554624	3	393	47(e)	2	166937380	15	N	3	DA40234	257965
222086222	65554628	1	393	79	1	166937384	26	N	3		9348
222086223	65554628	2	396	3(a)(1)	1	166937384	30	N	3		9203
222086224	65554628	3	396	3(a)(1)	1	166937384	30	N	3		9203
222086225	65554628	4	393	47(e)	2	166937385	15	N	3		257965
222086226	65554628	5	396	3(a)(1)	2	166937385	16	N	3		9208
222086227	65554629	1	392	2-SLLS1	D		45	N	3		390251
222086228	65554629	2	395	8E	D		2	N	3	JB17004	253692
222086229	65554629	3	395	8(a)(1)	D		3	Y	3	JB17005	396451
222086230	65554629	4	392	2	1	166937386	30	N	3		379214
222086231	65554629	5	392	2RG	1	166937386	30	N	3	JB17005	385705
222086232	65554629	6	396	3(a)(1)	1	166937386	16	N	3	JB17005	9208
222086233	65554629	7	396	9(d)(2)	1	166937386	30	N	3	JB17005	9214
222086234	65554629	8	393	9(a)	1	166937386	20	N	3		9172
222086235	65554629	9	393	75(a)(1)	2	166937387	23	N	3	JB17005	9332
222086236	65554629	10	392	2RG	1	166937386	30	N	3	JB17005	385705
222086237	65554629	11	392	2RG	2	166937387	30	N	3	JB17005	385705
222086238	65554630	1	396	3(a)(1)	1	166937388	16	N	3		9208
222086239	65554632	1	396	3(a)(1)	1	166937390	16	N	3		9208
222086240	65554633	1	392	2AU	1	166937391	30	N	3	JB69933	385695
222086241	65554634	1	392	2	D		14	N	3		8496
222086242	65554635	1	392	2RG	2	166937395	30	N	3		385705
222086243	65554636	1	393	75(a)(3)	1	166937396	23	Y	1		9334
222086244	65554636	2	396	3(a)(1)	1	166937396	16	N	3		9208
222086245	65554636	3	396	5(b)	1	166937396	30	N	3		9211
222086247	65554642	1	393	75(a)(1)	1	166937402	23	Y	99		9332
222086248	65554643	1	392	2AU	1	166937404	30	N	3		385695
222086249	65554644	1	392	2	1	166937405	14	N	3		8496
222086250	65554644	2	390	21(a)	1	166937405	30	N	3		9566
222086251	65554644	3	376	11(d)(1)	1	166937405	14	N	3		396114
222086253	65554646	1	393	9(a)	1	166937407	20	Y	99	CW114387	9172
222086254	65554646	2	392	2RG	1	166937407	30	N	3		385705
222086255	65554646	3	392	2RG	1	166937407	30	N	3		385705
222086256	65554648	1	392	2WC	1	166937409	30	N	3		385707
222086257	65554649	1	396	3(a)(1)	1	166937410	16	N	3	281	9204
222086258	65554650	1	393	81	1	166937411	30	N	3		9350
222086259	65554650	2	396	3(a)(1)	1	166937411	16	N	3		9204
222086260	65554650	3	396	3(a)(1)	1	166937411	16	N	3		9204
222086261	65554650	4	396	3(a)(1)	1	166937411	16	N	3	215	9204
222086262	65554650	5	396	3(a)(1)	1	166937411	16	N	3		9204
222086263	65554650	6	392	2RG	1	166937411	30	N	3		385705
222086264	65554651	1	393	47(e)	1	166937412	15	N	3	281	257965
222086265	65554651	2	396	3(a)(1)	1	166937412	30	N	3		9203
222086266	65554652	1	396	3(a)(1)	1	166937413	15	Y	99	215	383183
222086267	65554652	2	396	3(a)(1)	1	166937413	16	N	3	215	9204
222086268	65554652	3	396	3(a)(1)	1	166937413	16	N	3		9204
222086269	65554652	4	396	3(a)(1)	1	166937413	16	N	3		9204
222086270	65554652	5	396	3(a)(1)	1	166937413	30	N	3		9203
222086271	65554652	6	393	205(c)	1	166937413	24	N	3		9458
222086272	65554652	7	393	81	1	166937413	30	N	3		9350
222086273	65554652	8	396	3(a)(1)	1	166937413	16	N	3		9204
222086274	65554652	9	396	3(a)(1)	1	166937413	30	N	3		9203
222086275	65554652	10	392	2RG	1	166937413	30	N	3		385705
222086276	65554655	1	396	3(a)(1)	1	166937416	30	N	3		9203
222086277	65554659	1	392	2C	D		40	N	3	CR46160	9389
222086278	65554665	1	396	3(a)(1)	1	166937428	30	N	3		9203
222086283	65554675	1	395	8F01	D		3	N	3		396252
222086289	65554685	1	392	2WC	2	166937466	30	N	3	CW446290	385707
222086290	65554686	1	392	2C	D		40	N	3		9389
222086291	65554686	2	392	2	1	166937467	14	Y	99		8496
222086292	65554686	3	392	2RG	1	166937467	30	N	3	HQ75261	385705
222086293	65554687	1	392	2T	D		46	N	3		9396
222086294	65554688	1	392	2C	D		40	N	3		9389
222086295	65554689	1	390	21(a)	1	166937471	30	N	3	DA021305	9566
222086296	65554689	2	390	21(a)	1	166937471	30	N	3		9566
222086297	65554689	3	392	2RG	1	166937471	30	N	3		385705
222086298	65554689	4	392	2RG	1	166937471	30	N	3		385705
222086299	65554690	1	393	11	1	166937472	20	N	3		9422
222086300	65554691	1	393	9(a)	1	166937473	20	N	3		9172
222086301	65554691	2	392	2AU	1	166937473	30	N	3		385695
222086302	65554691	3	393	75C	1	166937473	23	N	3		2909
222086303	65554692	1	392	2	1	166937474	14	N	3		8496
222086304	65554692	2	393	45(b)(2)	1	166937474	16	N	3		392460
222086305	65554692	3	392	2RG	1	166937474	30	N	3		385705
222086306	65554693	1	392	2DIM	D		30	N	3	HK00190	385697
222086307	65554694	1	393	11	1	166937477	20	N	3		9422
222086308	65554696	1	393	9(a)	2	166937480	20	N	3		9172
222086309	65554697	1	393	205(a)	1	166937481	24	Y	99	HK56550	9456
222086310	65554698	1	392	2RG	1	166937483	30	N	3	CW670439	385705
222086311	65554699	1	392	2WC	1	166937484	30	N	3	CW670440	385707
222086312	65554700	1	392	2RG	1	166937485	30	N	3	CW670441	385705
222086313	65554701	1	392	2RG	1	166937487	30	N	3		385705
222086314	65554713	1	392	2RG	1	166937501	30	N	3	CW670438	385705
222086315	65554714	1	392	2-SLLEWA2	D		47	N	3	CHP214	390250
222086316	65554715	1	392	2-SLLEWA2	D		47	N	3	HK57715	390250
222086317	65554715	2	392	2-SLLEWA1	D		47	N	3		390260
222086318	65554716	1	390	21(b)	1	166937506	30	N	3		9426
222086319	65554720	1	392	2-SLLEWA1	1	166937514	47	N	3	HA66933	390260
222086321	65554725	1	392	2C	D		40	N	3		9389
222086322	65554725	2	390	21(a)	1	166937523	30	N	3	CW100590	9566
222086323	65554725	3	392	2WC	1	166937523	30	N	3		385707
222086324	65554725	4	392	2RG	1	166937523	30	N	3		385705
222086327	65554727	1	392	2C	D		40	N	3		9389
222086328	65554728	1	392	2C	D		40	N	3		9389
222086329	65554728	2	392	2RG	1	166937526	30	N	3		385705
222086330	65554730	1	393	75B	1	166937528	23	N	3	HN93901	254322
222086331	65554730	2	396	5(b)	1	166937528	30	N	3		9211
222086332	65554730	3	396	3(a)(1)	1	166937528	16	Y	99		9204
222086333	65554731	1	393	205(a)	2	166937530	24	N	3	HN93902	9456
222086334	65554732	1	393	209(d)	1	166937531	21	N	3		8493
222086335	65554733	1	396	3(a)(1)	1	166937532	16	N	3		9208
222086336	65554734	1	393	9(a)	1	166937533	20	N	3		9172
222086337	65554735	1	393	9(a)	1	166937534	20	N	3		9172
222086338	65554736	1	393	9(a)	1	166937535	20	N	3		9172
222086339	65554737	1	393	60(c)	1	166937536	26	N	3		257571
222086347	65554745	1	396	3(a)(1)	1	166937548	30	N	3		9203
222086348	65554745	2	393	209(d)	1	166937548	21	Y	1	CW856479	8493
222086349	65554745	3	396	3(a)(1)	1	166937548	16	N	3		9204
222086350	65554745	4	396	5(b)	1	166937548	24	N	3		392472
222086353	65554751	1	393	11	1	166937556	20	N	3		9422
222086354	65554751	2	393	11	1	166937556	20	N	3		9422
222086355	65554753	1	395	8E	D		2	N	3		253692
222086356	65554753	2	392	2-SLLEWA1	1	166937559	47	N	3		390260
222086357	65554754	1	392	2-SLLEWA1	1	166937561	47	N	3		390260
222086358	65554755	1	392	2-SLLEWA2	1	166937563	47	N	3	HD 83647	390250
222086359	65554756	1	393	60(b)	1	166937564	26	N	3	HU87598	257570
222086360	65554756	2	393	95(a)	1	166937564	28	N	3		9178
222086361	65554756	3	392	2AU	1	166937564	30	N	3	HU87598	385695
222086362	65554757	1	392	2-SLLEWA1	1	166937565	47	N	3	HA66934	390260
222086363	65554757	2	390	21(a)	1	166937565	30	N	3		9566
222086364	65554757	3	392	2AU	1	166937565	30	N	3		385695
222086365	65554760	1	395	8F01	D		3	N	3	HA66936	396252
222086366	65554760	2	392	2RG	2	166937572	30	N	3		385705
222086367	65554760	3	392	2RG	2	166937572	30	N	3	HA66937	385705
222086368	65554761	1	393	60(e)-WS	D		30	N	3	1	390337
222086369	65554761	2	392	2DL	D		14	N	3		385698
222086370	65554762	1	383	23(a)(2)	D		14	Y	3	HA67055	9547
222086371	65554762	2	392	2AU	1	166937575	30	N	3	HA67055	385695
222086372	65554765	1	392	2RG	1	166937581	30	N	3	HW01872	385705
222086373	65554765	2	392	2RG	1	166937581	30	N	3	HW01872	385705
222086374	65554765	3	393	102(b)	2	166937582	25	Y	1		254957
222086375	65554766	1	392	2LV	D		14	N	3	CN96083	385702
222086376	65554767	1	392	2LV	D		14	N	3	CN96084	385702
222086377	65554769	1	392	2DIM	1	166937588	30	N	3		385697
222086378	65554769	2	392	2DIM	2	166937589	30	N	3		385697
222086379	65554769	3	392	2C	D		40	N	3		9389
222086380	65554770	1	392	2-SLLS3	D		45	N	3		390248
222086381	65554771	1	392	2RG	2	166937593	30	N	3	CN078245	385705
222086382	65554772	1	392	2RG	1	166937594	30	N	3	CN078246	385705
222086383	65554779	1	393	9(a)	1	166937605	20	N	3		9172
222086385	65554782	1	393	75C	2	166937609	23	N	3		2909
222086386	65554782	2	396	3(a)(1)	2	166937609	30	N	3		9203
222086387	65554789	1	392	2RG	1	166937618	30	N	3		385705
222086388	65554789	2	392	2RG	2	166937619	30	N	3	HU87599	385705
222086389	65554790	1	393	60(b)	1	166937620	26	N	3	HU87600	257570
222086390	65554790	2	393	83(a)	1	166937620	27	N	3		9352
222086391	65554790	3	392	2RG	2	166937621	30	N	3		385705
222086392	65554790	4	392	2RG	3	166937622	30	N	3		385705
222086393	65554791	1	392	2AU	1	166937623	30	N	3	HU87601	385695
222086394	65554792	1	392	2AU	1	166937624	30	N	3	HU87602	385695
222086395	65554796	1	393	60(c)	1	166937631	26	N	3		257571
222086396	65554798	1	396	3(a)(1)	1	166937633	16	N	3		9208
222086397	65554798	2	393	9(a)	1	166937633	20	N	3		9172
222086398	65554800	1	393	209(d)	1	166937635	21	Y	99	CQ038307	8493
222086403	65554804	1	396	3(a)(1)	1	166937642	16	N	3		9208
222086404	65554807	1	392	2RG	2	166937647	30	N	3	CN078247	385705
222086405	65554808	1	392	2RG	1	166937648	30	N	3		385705
222086410	65554812	1	392	2RG	1	166937655	30	N	3	CW251655	385705
222086411	65554812	2	392	2RG	1	166937655	30	N	3		385705
222086412	65554812	3	396	3(a)(1)	1	166937655	30	N	3	HS31528	9203
222086413	65554815	1	393	9(a)	1	166937658	20	N	3		9172
222086417	65554825	1	392	2RG	1	166937672	30	N	3	HU87603	385705
222086418	65554826	1	392	2DL	D		14	N	3	HU87604	385698
222086419	65554826	2	392	2RG	1	166937673	30	N	3		385705
222086420	65554826	3	392	2AU	1	166937673	30	N	3	HU87605	385695
222086421	65554827	1	393	75(a)(1)	1	166937674	23	Y	1	HU 82970	9332
222086422	65554827	2	393	9(a)	2	166937675	20	N	3		9172
222086423	65554829	1	392	2-SLLS3	D		45	N	3		390248
222086424	65554829	2	392	2	1	166937678	14	N	3		8496
222086425	65554829	3	393	47(e)	1	166937678	15	N	3	JH51127	257965
222086426	65554829	4	392	2	1	166937678	14	N	3		8496
222086427	65554829	5	396	3(a)(1)	1	166937678	16	N	3		9204
222086432	65554837	1	393	11	1	166937690	20	N	3		9429
222086433	65554837	2	393	9(a)	2	166937691	20	Y	99		9172
222086434	65554837	3	393	9(a)	2	166937691	20	Y	99		9172
222086435	65554843	1	392	2RG	2	166937700	30	N	3	CN078248	385705
222086436	65554845	1	396	3(a)(1)	1	166937703	16	Y	99	HS31529	9208
222086437	65554848	1	392	2RG	1	166937706	30	N	3	HS31530	385705
222086438	65554848	2	392	2RG	1	166937706	30	N	3		385705
222086439	65554854	1	393	95(f)	1	166937714	28	N	3		9180
222086440	65554854	2	396	3(a)(1)	1	166937714	30	N	3		9203
222086441	65554855	1	393	79	1	166937715	26	N	3		9348
222086442	65554856	1	396	3(a)(1)	1	166937716	15	Y	99		383183
222086450	65554881	1	396	3(a)(1)	1	166937756	16	N	3		9208
222086451	65554883	1	396	3(a)(1)	1	166937758	30	N	3		9203
222086452	65554884	6	396	3(a)(1)	1	166937759	16	Y	99		9208
222086453	65554884	1	393	207(a)	2	166937760	22	Y	99	HK00313	9459
222086454	65554884	2	393	207(f)	2	166937760	22	Y	99		9263
222086455	65554884	3	393	201(a)	2	166937760	19	Y	99		9445
222086456	65554884	4	393	201(a)	2	166937760	19	Y	99		9445
222086457	65554884	5	396	3(a)(1)	2	166937760	16	Y	99		9208
222086458	65554885	1	393	75(a)(3)	2	166937762	23	Y	1		9334
222086459	65554885	2	396	3(a)(1)	2	166937762	30	N	3		9203
222086460	65554885	3	393	47(e)	2	166937762	15	N	3		257965
222086465	65554900	1	393	45(b)(2)	1	166937782	16	Y	1	1	392461
222086466	65554906	1	392	2RG	1	166937793	30	N	3	DD58625	385705
222086467	65554906	2	392	2RG	2	166937794	30	N	3	DD58625	385705
222086468	65554906	3	392	2-SLLEWA1	1	166937793	47	N	3	DD58624	390260
222086469	65554907	1	396	3(a)(1)	1	166937795	30	N	3		9203
222086470	65554907	2	396	3(a)(1)	1	166937795	16	N	3		9208
222086471	65554907	3	392	2RG	2	166937796	30	N	3		385705
222086472	65554908	1	396	3(a)(1)	1	166937797	16	N	3		9208
222086473	65554910	1	392	2	1	166937801	14	N	3	1	8496
222086484	65554916	1	396	3(a)(1)	1	166937812	16	N	3		9208
222086485	65554917	1	393	11	1	166937813	20	N	3		9422
222086486	65554918	1	392	2	1	166937816	14	Y	99		8496
222086487	65554918	2	392	2	1	166937816	14	N	3		8496
222086488	65554918	3	393	9(a)	1	166937816	20	N	3		9172
222086499	65554922	1	392	2AU	1	166937822	30	N	3		385695
222086501	65554928	1	392	2RG	1	166937833	30	N	3		385705
222086503	65554932	1	393	25(f)	2	166937840	20	Y	1		9271
222086504	65554932	2	393	75(a)(3)	2	166937840	23	Y	1	CW768077	9334
222086505	65554932	3	396	3(a)(1)	1	166937839	16	N	3		9208
222086506	65554932	4	396	3(a)(1)	1	166937839	30	N	3		9203
222086507	65554932	5	392	2RG	2	166937840	30	N	3		385705
222086508	65554932	6	392	2RG	1	166937839	30	N	3		385705
222086509	65554933	1	392	2-SLLEWA1	D		47	N	3	HA66481	390260
222086514	65554942	1	395	8	D		7	Y	3	1	9194
222086515	65554943	1	393	47(a)	2	166937861	16	N	3		257961
222086516	65554955	1	393	9(a)	1	166937881	20	N	3		9172
222086517	65554955	2	393	209(a)	1	166937881	21	N	3	1	9264
222086518	65554956	1	392	2RG	1	166937882	30	N	3		385705
222086519	65554956	2	393	60(e)-WS	1	166937882	30	N	3	1	390337
222086520	65554958	1	396	3(a)(1)	1	166937884	16	N	3		9208
222086521	65554958	2	396	5(b)	1	166937884	30	N	3		9211
222086522	65554960	1	393	9(a)	1	166937887	20	N	3	DA 020899	9172
222086523	65554961	1	393	23	1	166937888	20	Y	99	DD 57996	257952
222086524	65554962	1	393	9(a)	2	166937890	20	Y	99	DD 57997	9172
222086528	65554971	1	392	2-SLLEWA1	1	166937906	47	Y	99		390260
222086529	65554972	1	396	3(a)(1)	1	166937908	16	N	3		9208
222086530	65554972	2	393	201(a)	2	166937909	19	N	3		9445
222086541	65554975	1	393	75(a)(3)	1	166937914	23	Y	1	CW771791	9334
222086542	65554975	2	393	75C	2	166937915	23	N	3		2909
222086543	65554977	1	392	2DIM	2	166937919	30	N	3	VERBAL	385697
222086590	65555010	1	396	5(b)	2	166937978	24	Y	1	CW705400	392472
222086616	65555023	1	396	3(a)(1)	1	166938000	16	Y	1	CW768228	9208
222086617	65555025	1	393	207(c)	2	166938004	22	Y	1	CW768229	9328
222086619	65555028	1	393	45	1	166938009	16	Y	1	CW771790	9283
222086620	65555028	2	393	75(a)(3)	2	166938010	23	Y	1		9334
222086621	65555028	3	396	3(a)(1)	2	166938010	30	Y	1		9203
222086622	65555028	4	396	3(a)(1)	2	166938010	16	N	3		9208
222086626	65555032	1	393	75(a)(3)	1	166938015	23	Y	1	CW856478	9334
222086668	65555052	1	393	205(c)	1	166938053	24	N	3		9458
222086669	65555052	2	396	5(b)	1	166938053	24	Y	1	HV64179	392472
222086670	65555052	3	396	5(b)	1	166938053	24	N	3		392472
222086671	65555052	4	396	3(a)(1)	1	166938053	30	N	3		9203
222086672	65555052	5	393	47(e)	1	166938053	15	N	3		257965
222086673	65555052	6	395	8K2	D		3	Y	3		9198
222086679	65555058	1	392	2DL	D		14	N	3		385698
222086680	65555058	2	396	3(a)(1)	2	166938064	16	N	3		9208
222086714	65555075	1	393	9(a)	1	166938095	20	N	3		9172
222086715	65555075	2	396	3(a)(1)	2	166938096	30	N	3		9203
222086716	65555078	1	393	75(a)(3)	1	166938101	23	Y	1		9334
222086717	65555079	1	396	3(a)(1)	1	166938103	16	N	3		9204
222086718	65555079	2	396	3(a)(1)	1	166938103	30	Y	1	CF061031	9203
222086719	65555079	3	396	3(a)(1)	1	166938103	30	N	3		9203
222086720	65555079	4	393	45(b)(2)	2	166938104	16	N	3		257958
222086721	65555079	5	396	3(a)(1)	2	166938104	16	N	3		9204
222086722	65555080	1	393	47(e)	1	166938105	15	N	3	CF061032	257965
222086723	65555080	2	393	45(b)(2)	1	166938105	16	N	3		257958
222086724	65555080	3	396	3(a)(1)	1	166938105	16	N	3		9204
222086725	65555080	4	393	47(d)	2	166938106	16	N	3		257964
222086726	65555081	1	396	3(a)(1)	1	166938107	16	N	3		9208
222086727	65555081	2	393	47(d)	2	166938108	16	N	3		257964
222086728	65555082	1	393	19	1	166938109	20	Y	1		9443
222086729	65555083	1	393	25(f)	2	166938111	20	Y	1	CW768037	9271
222086730	65555083	2	396	3(a)(1)	2	166938111	16	Y	1	CW768037	9208
222086731	65555084	1	396	3(a)(1)	2	166938113	16	Y	1		9208
222086732	65555084	2	393	47(e)	2	166938113	15	N	3		257965
222086733	65555084	3	396	3(a)(1)	2	166938113	16	Y	1		9208
222086734	65555084	4	396	3(a)(1)	2	166938113	15	Y	1		383183
222086735	65555084	5	393	60(d)	1	166938112	26	N	3		9308
222086736	65555086	1	396	5(b)	2	166938117	24	Y	1	CW768112	392474
222086737	65555086	2	393	75C	1	166938116	23	N	3		2909
222086738	65555086	3	393	47(e)	1	166938116	15	N	3		257965
222086739	65555086	4	396	3A1DSCB	1	166938116	30	N	3		396116
222086740	65555086	5	393	9(a)	1	166938116	20	N	3		9172
222086741	65555086	6	392	2AU	1	166938116	30	N	3	HA66935	385695
222086742	65555087	1	393	25(f)	2	166938119	20	N	3		9271
222086743	65555087	2	396	3(a)(1)	1	166938118	16	N	3		9208
222086746	65555091	1	392	2RG	1	166938124	30	N	3		385705
222086747	65555091	2	392	2RG	1	166938124	30	N	3		385705
222086748	65555095	1	393	11	2	166938130	20	N	3		9422
222086749	65555095	2	396	5(b)	2	166938130	24	N	3		392474
222086750	65555095	3	393	75(a)(3)	2	166938130	23	Y	1	CW768078	9334
222086751	65555095	4	396	3(a)(1)	2	166938130	16	N	3		9208
222086752	65555095	5	393	47(e)	1	166938129	15	N	3		257965
222086753	65555095	6	393	83(a)	1	166938129	27	N	3		9352
222086754	65555095	7	393	209(d)	1	166938129	21	N	3		8493
222086755	65555095	8	396	5(b)	1	166938129	30	N	3		9211
222086756	65555095	9	393	9(a)	1	166938129	20	N	3		283327
222086757	65555095	10	393	9(a)	1	166938129	20	N	3		9172
222086758	65555095	11	393	60(c)	1	166938129	26	N	3		257571
222086759	65555097	1	396	3(a)(1)	2	166938134	30	N	3	VERBAL	9203
222086820	65555106	1	391	41(a)-FPC	D		1	Y	3		393833
222086821	65555106	2	395	8F01	D		3	N	3		396252
222086822	65555106	3	392	9b(a)	1	166938152	30	N	3		396080
222086823	65555106	4	392	2	1	166938152	30	N	3		379214
222086824	65555106	5	390	21(e)	1	166938152	30	N	3		9369
222086877	65555116	1	392	2-SLLEWG1	1	166938179	47	N	3	Y9668851	390249
222086878	65555116	2	392	2-SLLEWA1	1	166938179	47	N	3	Y9668851	390260
222086966	65555133	1	383	23(a)(2)	D		14	Y	3	Y966912-0	9547
222087006	65555141	1	392	16	D		11	N	3	Y966917-5	9386
222087027	65555144	1	392	2-SLLS3	D		45	N	3		390248
222087028	65555145	1	392	16	D		11	N	3		9386
222087076	65555159	1	392	16	D		11	N	3		9386
222087077	65555159	2	392	2RG	D		30	N	3		385705
222087078	65555159	3	392	2RG	D		30	N	3		385705
222087112	65555173	1	393	9(a)	1	166938295	20	N	3		9182
222087113	65555174	1	393	9(a)	1	166938296	20	N	3		9172
222087133	65555183	1	392	2-SLLS4	D		45	N	3	T001900035	390240
222087134	65555183	3	390	21(b)	1	166938323	30	N	3		9426
222087135	65555183	4	390	19A1-NOREG	1	166938323	30	N	3		396391
222087136	65555183	5	395	8(a)(1)	D		3	Y	3		396452
222087137	65555183	6	391	11(b)(5)-DNL	1	166938323	14	Y	99	T001900035	393827
222087140	65555186	1	395	8F01	D		3	N	3		396252
222087141	65555186	2	393	9(a)	2	166938327	20	Y	99		9183
222087142	65555186	3	393	9(a)	2	166938327	20	Y	99	T001900064	283327
222087156	65555188	1	393	47(e)	2	166938337	15	N	3		257965
222087157	65555188	2	393	53(b)	2	166938337	16	N	3		385681
222087158	65555189	1	393	9(a)	1	166938338	20	N	3		9172
222087159	65555190	1	392	2-SLLS4	D		45	N	3	19000001	390240
222087160	65555190	2	393	104(f)(3)	2	166938340	25	N	3		255027
222087161	65555191	1	392	2IRP	1	166938341	30	N	3		385701
222087162	65555192	1	392	2-SLLS2	D		45	N	3	19000002	390247
222087163	65555193	1	393	75C	2	166938344	23	N	3		2909
222087165	65555195	1	393	134(b)(3)	1	166938346	25	Y	1	T001900067	256386
222087166	65555196	1	392	2-SLLS3	D		45	N	3	0019000009	390248
222087169	65555198	1	392	16	D		11	N	3	T001900065	9386
222087173	65555201	1	393	134(b)(3)	1	166938354	25	Y	99	T001900072	256386
222087182	65555202	1	393	75(a)(3)	2	166938362	23	Y	99		9334
222087185	65555204	1	392	2-SLLS2	D		45	N	3	0019000015	390247
222087186	65555204	2	393	9(a)	1	166938365	20	N	3		9182
222087191	65555206	1	393	134(b)(3)	1	166938369	25	Y	99		256386
222087210	65555210	1	393	45(d)	1	166938396	16	N	3		257960
222087211	65555211	1	392	9(a)(2)	2	166938398	25	Y	99		9413
222087212	65555211	2	393	9(a)	2	166938398	20	Y	99	T001900038	283327
222087213	65555211	3	393	201(a)	2	166938398	19	Y	99		9445
222087214	65555211	4	393	48(a)	2	166938398	16	Y	99		9288
222087215	65555211	5	393	207(a)	2	166938398	22	Y	99		9459
222087216	65555211	6	393	45(d)	2	166938398	16	N	3		257960
222087252	65555238	1	392	2FT	1	166938443	14	N	3		385699
222087253	65555239	1	392	82(a)(1)	D		14	N	3	0019000012	392492
222087254	65555239	2	393	60(c)	1	166938444	26	N	3		257571
222087255	65555239	3	393	75C	1	166938444	23	N	3		2909
222087256	65555240	1	392	2-SLLS2	D		45	N	3	0019000013	390247
222087257	65555241	1	392	2-SLLS2	D		45	N	3	0019000004	390247
222087258	65555242	1	392	2-SLLS2	D		45	N	3	0019000005	390247
222087259	65555243	1	385	325(c)	1	166938451	14	Y	99	T001900045	257567
222087260	65555243	2	390	21(b)	1	166938451	30	N	3		9426
222087261	65555243	3	392	2RG	2	166938450	30	N	3	T001900045	385705
222087262	65555243	4	393	9(a)	1	166938451	20	N	3		9182
222087263	65555243	5	392	9a(a)(1)	1	166938451	30	Y	99		337774
222087265	65555246	1	393	45(d)	2	166938455	16	N	3		257960
222087266	65555246	2	395	8E	D		2	Y	3		253692
222087267	65555246	3	383	23(a)(2)	D		14	Y	3	T001900074	9547
222087268	65555247	1	393	75(a)(1)	1	166938456	23	N	3		9332
222087287	65555269	2	383	23(a)(2)	D		14	Y	3	T001900046	9547
222087288	65555269	3	391	41(a)-F	D		1	N	3		393832
222087289	65555269	4	392	2W	1	166938500	47	N	3	T001900046	385680
222087290	65555269	5	393	9(a)	2	166938499	20	N	3		9183
222087294	65526595	1	393	11	1	166938504	20	N	3		9422
222087295	65555271	1	391	41(a)-FPC	D		1	Y	3	DK40AYY	393833
222087296	65555271	2	392	9b(a)	1	166938505	30	N	3		396080
222087297	65555271	3	396	17(c)	1	166938505	29	N	3		9202
222087298	65555271	4	393	78	1	166938505	26	N	3		9347
222087299	65555274	1	396	17(c)	1	166938508	29	N	3	DK50AYY	9202
222087300	65555274	2	393	51	1	166938508	16	N	3		9294
222087301	65555274	3	393	78	1	166938508	26	N	3		9347
222087307	65540801	1	393	45(d)	2	166938511	16	N	3		392462
222087309	65555278	1	393	9(a)	1	166938516	20	N	3		9182
222087310	65540803	1	393	9(a)	1	166938518	20	N	3		9182
222087311	65540803	2	393	75(a)(3)	1	166938518	23	Y	99		9334
222087312	65555280	1	393	13(c)(3)	2	166938522	20	N	3		9436
222087313	65555281	1	393	47(e)	1	166938523	15	N	3		257965
222087314	65555281	2	393	53(b)	1	166938523	16	N	3		385681
222087324	65555282	1	392	2	D		47	N	3	7420BK9	390241
222087325	65540862	1	393	9(a)	1	166938536	20	N	3		9182
222087326	65526600	1	393	47(e)	2	166938541	15	N	3		257965
222087327	65526600	2	393	53(b)	2	166938541	16	N	3		385681
222087331	65540782	1	393	9(a)	1	166938545	20	Y	4	DT50BFF	9172
222087332	65540822	1	392	2C	D		40	N	3	DTF0BFF	9389
222087333	65555288	1	391	41(a)-FPC	D		1	Y	3	5L50BMS	393833
222087334	65555288	2	392	9b(a)	1	166938547	30	N	3	5L80BMS	396080
222087335	65555288	3	393	95(a)	1	166938547	28	N	3	5L60BMS	9178
222087336	65555288	4	393	95(f)	1	166938547	28	N	3	5L70BMS	9180
222087337	65555289	1	392	2-SLLT	D		14	N	3	5L90BMS	390338
222087338	65555290	1	392	2-SLLS3	D		45	N	3		390248
222087339	65555290	2	392	2IRP	1	166938550	30	N	3		385701
222087340	65555291	1	392	2DIM	2	166938552	30	N	3		385697
222087341	65555292	1	391	41(a)	D		1	N	3	DTG0BFF	9377
222087342	65555292	2	391	11(b)(5)-DNL	D		14	Y	3	DTH0BFF	393827
222087343	65555292	3	395	8(a)	D		3	Y	3	DTJ0BFF	254677
222087344	65555292	4	392	2C	D		40	N	3	DTK0BFF	9389
222087345	65555292	5	392	9b(a)	1	166938554	30	N	3	DTL0BFF	396080
222087346	65555293	1	392	2C	D		40	N	3	DTM0BFF	9389
222087347	65555293	2	391	41(a)	D		1	N	3		9377
222087348	65555293	3	390	21(b)	1	166938555	30	N	3	DTN0BFF	9426
222087349	65555293	4	393	95(a)	1	166938555	28	N	3		9178
222087350	65555293	5	393	95(f)	1	166938555	28	N	3		9180
222087352	65555295	1	393	100(a)	1	166938558	25	Y	4		9417
222087353	65555296	1	393	9(a)	1	166938559	20	N	3		9172
222087354	65555296	2	396	3(a)(1)	1	166938559	30	Y	99		9203
222087359	65555299	1	395	8	D		7	N	3		9194
222087360	65555299	2	395	8K2	D		3	Y	3	DTT0BFF	9198
222087361	65555299	3	395	8(a)(1)	D		3	Y	3		396451
222087365	65555302	1	392	16	D		11	N	3		9386
222087366	65555302	2	393	95(f)	1	166938570	28	N	3		9180
222087367	65555302	3	392	2RG	1	166938570	30	N	3	FH90AXR	385705
222087368	65555302	4	393	75C	1	166938570	23	N	3		2909
222087373	65555304	1	392	16	D		11	N	3	FHD0AXR	9386
222087374	65555304	2	393	95(a)	1	166938572	28	N	3		9178
222087379	65555310	1	392	16	D		11	N	3	FHG0AXR	9386
222087380	65555310	2	396	17(c)	1	166938583	29	N	3		9202
222087381	65555310	3	390	21(b)	1	166938583	30	N	3		9426
222087382	65555310	4	393	95(a)	1	166938583	28	N	3		9178
222087388	65526562	1	392	2-SLLEWA2	D		47	N	3	1QT0P2L	390250
222087392	65555317	1	391	11(b)(4)	D		14	Y	3		9373
222087393	65555317	2	392	2RG	1	166938596	30	N	3		385705
222087411	65555324	1	393	75B-OOS	1	166938609	99	N	3		396409
222087423	65540837	1	393	9(a)	1	166938616	20	N	3		283327
222087428	65555331	1	393	11	1	166938622	20	N	3		9422
222087429	65555331	2	391	45(b)	D		1	N	3	32X0B3G	8487
222087438	65555336	1	393	100(a)	2	166938631	25	Y	99		9417
222087439	65555340	1	393	45(b)(2)	1	166938636	16	N	3		392460
222087440	65540882	1	393	9(a)	1	166938639	20	N	3		9172
222087456	65555343	1	391	41(a)-FPC	D		1	Y	3		393833
222087457	65555343	2	395	8(a)(1)	D		3	Y	3		396451
222087499	65555352	1	391	41(a)-FPC	D		1	Y	3		393833
222087500	65540860	1	391	45(b)	D		1	N	3	7DW0B1Z	8487
222087501	65540860	2	391	11B2	D		14	N	3	7DV0B1Z	9372
222087502	65540860	3	390	35(b)-MED	D		14	Y	3	7DX0B1Z	396120
222087505	65555355	1	393	9(a)	1	166938679	20	N	3		9172
222087506	65555355	2	393	9(a)	2	166938680	20	N	3		9172
222087507	65555355	3	393	9(a)	2	166938680	20	Y	99	3CS0BTV	9172
222087508	65555355	4	393	9(a)	2	166938680	20	Y	99		396450
222087509	65555355	5	393	9(a)	2	166938680	20	N	3		9172
222087510	65555355	6	392	2DIM	2	166938680	30	N	3		385697
222087511	65555358	1	391	41(a)-F	D		1	N	3	3SD0BTV	393832
222087522	65555361	1	392	82(a)(1)	D		14	N	3	32V0B3G	392492
222087523	65555361	2	393	60(c)	1	166938689	26	N	3		257571
222087529	65540750	1	393	134	1	166938697	25	Y	99		3560
222087532	65555367	1	393	55(b)	1	166938699	16	N	3		9299
222087533	65555367	2	173	24(b)(1)	1	166938699	39	Y	99		9589
222087534	65555367	3	393	95(a)	1	166938699	28	N	3		9178
222087544	65526820	1	391	11(b)(5)-DEN	D		14	Y	3	7CB0BGZ	393826
222087545	65526820	2	396	17(c)	1	166938709	29	N	3		9202
222087546	65555376	1	393	9(a)	2	166938713	20	N	3		9172
222087547	65555376	2	393	9(a)	1	166938712	20	N	3		9172
222087548	65555376	3	396	17(c)	1	166938712	29	N	3	7CK0BGZ	9202
222087549	65555376	4	392	2FT	D		14	N	3		385699
222087550	65555377	1	393	9(a)	1	166938714	20	N	3		9172
222087551	65555377	2	393	95(f)	1	166938714	28	N	3		9180
222087552	65555377	3	395	8F01	D		3	N	3		396252
222087553	65555377	4	393	55(d)(1)	1	166938714	16	N	3		9302
222087554	65555377	5	391	45(b)	D		1	N	3	7CL0BGZ	8487
222087555	65555377	6	383	23(a)(2)	D		14	Y	3	7CM0BGZ	9547
222087561	65555382	1	395	3(a)(3)-PROP	D		4	N	3		393841
222087562	65555382	2	395	3(a)(2)-PROP	D		4	N	3		393840
222087563	65555382	3	395	8K2	D		3	Y	3		9198
222087564	65555382	4	391	11B2	D		14	N	3		9372
222087570	65555386	1	393	45(d)	1	166938730	16	N	3		257960
222087613	65555399	1	392	9(a)	1	166938756	25	Y	99		9411
222087614	65555399	2	393	9(a)	1	166938756	20	N	3		9172
222087615	65555400	1	392	2-SLLEWG1	D		47	N	3		390249
222087616	65555400	2	392	2FT	D		14	N	3		385699
222087617	65555400	3	391	11(b)(5)-DNL	D		14	Y	3		393827
222087618	65555401	1	392	2	D		47	N	3		390241
222087619	65555401	2	392	2-SLLEWA2	D		47	N	3	13M0E7D	390250
222087620	65555402	1	392	2-SLLEWA2	D		47	N	3	13N0E7D	390250
222087621	65541104	1	393	45(b)(2)	1	166938762	16	N	3		257958
222087636	65555407	1	391	15(a)-SIN	D		8	Y	3	0NG0D39	393830
222087637	65555407	2	392	2DL	D		14	N	3	0NF0D39	385698
222087638	65555407	3	392	2C	D		40	N	3	0ND0D39	9389
222087639	65555407	4	392	2-SLLEWPB	D		47	N	3		390278
222087640	65555407	5	391	41(a)-F	D		1	N	3		393832
222087641	65555408	1	392	2C	D		40	N	3		9389
222087642	65555408	2	393	9(a)	1	166938773	20	Y	99		283327
222087643	65555408	3	393	75B-OOS	1	166938773	99	Y	99		396409
222087644	65555408	4	393	30	1	166938773	30	N	3		9274
222087645	65555408	5	393	9(a)	1	166938773	20	N	3		9182
222087646	65555408	6	393	9(a)	1	166938773	20	N	3		9172
222087647	65555408	7	396	17(c)	1	166938773	29	N	3		9202
222087648	65555408	8	396	5(b)	1	166938773	30	N	3		9211
222087649	65555408	9	396	3(a)(1)	1	166938773	30	N	3		9203
222087650	65555408	10	393	95(a)	1	166938773	28	N	3		9178
222087651	65555408	11	393	78	1	166938773	26	N	3		9347
222087652	65555408	12	393	55(b)	1	166938773	16	N	3		9299
222087653	65555408	13	390	19(a)(1)	1	166938773	30	N	3		393823
222087654	65555408	14	390	21(b)	1	166938773	30	N	3		9426
222087657	65555415	1	393	9(a)	1	166938780	20	N	3		283327
222087658	65555415	2	396	17(c)	1	166938780	29	N	3		9202
222087671	65541105	1	393	45(b)(2)	1	166938789	16	N	3		257958
222087699	65526716	1	392	2	D		14	N	3		8496
222087700	65526851	1	392	82(a)(1)	D		14	N	3	58Q0BJG	392492
222087701	65526851	2	393	95(f)	1	166938807	28	N	3		9180
222087702	65526851	3	393	9(a)	2	166938808	20	N	3		9172
222087703	65526851	4	396	17(c)	2	166938808	29	N	3		9202
222087718	65540910	1	393	95(f)	1	166938814	28	N	3		9180
222087727	65526862	1	393	45(b)(2)	2	166938826	16	N	3		392460
222087738	65526728	1	392	2	D		14	N	3		8496
222087739	65526728	2	393	9(a)	1	166938836	20	N	3		283327
222087749	65555445	1	392	2WC	2	166938847	30	N	3		385707
222087750	65555445	2	392	2	D		47	N	3	2460BDF	390241
222087755	65555447	1	392	2C	D		40	N	3		9389
222087770	65555452	1	392	2FT	D		14	N	3	0JZ0E8Z	385699
222087771	65555452	2	395	22(h)(2)	D		7	N	3		396436
222087772	65555453	1	392	2-SLLEWG1	D		47	N	3		390249
222087776	65555456	1	393	75(a)(1)	1	166938871	23	Y	99		9332
222087777	65555456	2	393	95(a)	1	166938871	28	N	3		9178
222087778	65555457	1	393	95(a)	1	166938872	28	N	3		9178
222087792	65555461	1	391	41(a)-FPC	D		1	Y	3	49D0H81	393833
222087793	65555461	2	392	2MI	D		14	N	3		385703
222087794	65555461	3	392	2	D		14	N	3	49F0H81	8496
222087814	65526869	1	392	16	D		11	N	3	94W0B8X	9386
222087837	65555480	1	393	95(a)	1	166938915	28	N	3	0M30SXR	9178
222087838	65555480	2	393	9(a)	1	166938915	20	N	3		9172
222087839	65555480	3	393	9(a)	1	166938915	20	N	3		9172
222087840	65555480	4	391	41(a)	D		1	N	3		9377
222087841	65555481	1	396	5(b)	1	166938916	30	N	3		9211
222087842	65555481	2	393	95(a)	1	166938916	28	N	3	0M40SXR	9178
222087843	65555481	3	390	19(a)(1)	D		30	N	3		393823
222087844	65555482	1	390	21(b)	1	166938918	30	N	3		9426
222087847	65540930	1	393	9(a)	1	166938920	20	N	3		9172
222087848	65540930	2	393	19	1	166938920	20	N	3		9443
222087849	65540930	3	393	9(a)	1	166938920	20	N	3		396450
222087850	65540930	4	393	9(a)	1	166938920	20	Y	99		283327
222087851	65540950	1	392	16	D		11	N	3	9520B8X	9386
222087858	65526651	1	393	45(d)	1	166938927	16	N	3		392464
222087859	65526651	2	393	47(e)	2	166938928	15	N	3		257965
222087860	65526651	3	393	53(b)	2	166938928	16	N	3		385681
222087863	65555487	1	393	47(e)	2	166938934	15	N	3		257965
222087864	65555487	2	393	45(d)	2	166938934	16	N	3		392462
222087865	65555488	1	393	45(b)(2)	2	166938936	16	N	3		392460
222087866	65555489	1	393	9(a)	1	166938937	20	N	3		283327
222087867	65555489	2	393	75(f)(2)	2	166938938	23	N	3		9342
222087868	65555490	1	393	9(a)	2	166938940	20	Y	1		283327
222087869	65555490	2	393	75A	2	166938940	23	Y	1		8494
222087870	65555490	3	393	75A	2	166938940	23	Y	1		8494
222087882	65555496	1	392	16	D		11	N	3		9386
222087883	65555496	2	390	21(b)	1	166938951	30	N	3		9426
222087897	65555501	1	396	17(c)	1	166938958	29	N	3		9202
222087898	65555502	1	396	17(c)	1	166938959	29	N	3		9202
222087899	65555503	1	392	16	D		11	N	3	95B0B8X	9386
222087900	65555503	2	392	2MI	D		14	N	3	95C0B8X	385703
222087901	65555503	3	392	2W	1	166938960	47	N	3	95D0B8X	385680
222087902	65555503	4	393	45(b)(2)	1	166938960	16	Y	99		392460
222087910	65555507	1	393	43	2	166938967	16	Y	99		9279
222087911	65555507	2	396	17(c)	2	166938967	29	N	3		9202
222087912	65555508	1	392	2-SLLEWA2	1	166938968	47	N	3	6YD0ADG	390250
222087913	65555508	2	393	75(a)(3)	2	166938969	23	Y	99		9334
222087917	65555514	1	393	60(c)	1	166938975	26	N	3		257571
222087918	65555514	2	393	9(a)	2	166938976	20	N	3		9172
222087919	65555514	3	393	9(a)	2	166938976	20	N	3		9172
222087920	65555514	4	393	55(d)(3)	2	166938976	16	N	3		9304
222087933	65555516	1	392	2C	D		40	N	3	5XD0ACR	9389
222087934	65555516	2	392	2DL	D		14	N	3	5XF0ACR	385698
222087935	65555516	3	391	15(a)-SIN	D		8	Y	3	5XG0ACR	393830
222087936	65555516	4	393	9(a)	2	166938982	20	N	3		9172
222087938	65555518	1	392	7(a)	D		14	N	3		390280
222087939	65555518	2	392	2	D		14	N	3		8496
222087940	65555518	3	392	2-SLLEWA1	D		47	N	3	2S00AZV	390260
222087941	65555518	4	393	75A	1	166938986	23	Y	99		8494
222087942	65555518	5	393	45	1	166938986	16	N	3		9283
222087943	65555518	6	393	45(b)(2)	1	166938986	16	Y	99	WARNING	257958
222087944	65555518	7	393	75A	1	166938986	23	Y	99	WARNING	8494
222087945	65555518	8	393	78	1	166938986	26	N	3		9347
222087946	65555518	9	393	203(a)	1	166938986	30	N	3	WARNING	9451
222087947	65555518	10	393	55(e)	1	166938986	16	N	3		9305
222087948	65555518	11	393	9(a)	2	166938987	20	Y	99	2R0AZV	396450
222087953	65555521	1	391	41(a)-F	D		1	N	3	5QT0A36	393832
222087954	65555521	2	390	19(a)(1)	1	166938992	30	N	3		393823
222087955	65555521	3	390	21(b)	1	166938992	30	N	3		9426
222087956	65555521	4	393	9(a)	1	166938992	20	N	3		9172
222087957	65555521	5	393	9(a)	1	166938992	20	N	3		9172
222087958	65555521	6	393	9(a)	1	166938992	20	N	3		283327
222087959	65555521	7	393	9(a)	1	166938992	20	N	3		9172
222087960	65555521	8	393	9(a)	1	166938992	20	N	3		9172
222087961	65555521	9	393	9(a)	1	166938992	20	N	3		396450
222087962	65555521	10	393	9(a)	1	166938992	20	Y	1		283327
222087963	65555521	11	393	9(a)	1	166938992	20	N	3		9183
222087964	65555521	12	396	3A1T	1	166938992	23	Y	99		9209
222087972	65555525	1	392	2C	D		40	N	3	4X60J6V	9389
222087973	65555525	2	393	67(c)(7)	1	166938998	18	N	3		9320
222087974	65555525	3	396	17(c)	1	166938998	29	N	3		9202
222087975	65555525	4	393	78	1	166938998	26	N	3		9347
222087976	65555525	5	393	95(a)	1	166938998	28	N	3	4X70J6V	9178
222087977	65555525	6	393	95(f)	1	166938998	28	N	3		9180
222087978	65555525	7	393	45(d)	1	166938998	16	N	3		257960
222087979	65555525	8	396	5(b)	1	166938998	30	N	3		9211
222087980	65555526	1	396	17(c)	1	166938999	29	N	3		9202
222087981	65555528	1	393	9(a)	2	166939002	20	Y	99		283327
222087982	65555528	2	393	19	2	166939002	20	N	3		9443
222087983	65555528	3	393	104(f)(3)	2	166939002	25	Y	99		255027
222087985	65555533	1	390	21(b)	1	166939012	30	N	3		9426
222087986	65555533	2	392	2MI	D		14	N	3		385703
222087987	65555533	3	391	41(a)-F	D		1	N	3		393832
222087988	65555534	1	391	41(a)-F	D		1	N	3		393832
222087992	65555546	1	395	8(a)(1)	D		3	Y	3		396451
222087993	65555546	2	393	9(a)	1	166939029	20	N	3	WARNING	9182
222087994	65555546	3	393	95(a)	1	166939029	28	N	3		9178
222087995	65555548	1	393	83(c)	1	166939032	27	Y	99		9354
222087996	65555548	2	393	83(g)	1	166939032	27	N	3		8497
222088004	65555549	1	392	2	D		47	N	3	05D05TRD	390266
222088005	65555549	2	393	45(b)(2)	1	166939035	16	Y	99		392461
222088007	65555552	1	393	75(a)(3)	2	166939041	23	Y	99		9334
222088008	65555552	2	392	2-SLLEWA1	D		47	N	3	05H0TRD	390260
222088021	65555568	1	395	22(h)(4)	D		7	N	3		396422
222088022	65555568	2	396	5(b)	1	166939067	30	N	3		9211
222088023	65555571	1	392	2-SLLEWA1	D		47	N	3	2S40AZV	390260
222088024	65555571	2	393	75A	2	166939072	23	Y	99	WARNING	8494
222088026	65555572	1	391	41(a)	D		1	N	3		9377
222088035	65555573	1	393	110(b)	1	166939077	25	Y	99		256389
222088046	65555589	1	391	11B2	D		14	N	3		9372
222088049	65555592	1	393	9(a)	1	166939103	20	N	3		9182
222088050	65555592	2	393	9(a)	2	166939104	20	Y	99		9183
222088051	65555592	3	393	9(a)	2	166939104	20	Y	99		283327
222088052	65555593	1	396	5(b)	1	166939105	30	N	3		9211
222088053	65555593	2	393	45	1	166939105	16	N	3		9283
222088054	65555594	1	393	75A	2	166939108	23	Y	99		8494
222088055	65555594	2	393	45UV	2	166939108	16	N	3		392458
222088056	65555594	3	396	3(a)(1)	2	166939108	15	Y	99		383183
222088057	65555594	4	396	3(a)(1)	1	166939107	16	Y	99		9208
222088067	65555602	1	383	23(a)(2)	D		14	Y	3	46S0DLJ	9547
222088068	65555602	2	391	41(a)	D		1	N	3		9377
222088069	65555602	3	393	95(f)	1	166939120	28	N	3		9180
222088070	65555602	4	392	2RG	1	166939120	30	N	3		385705
222088071	65555602	5	392	2RG	1	166939120	30	N	3	46R0DLJ	385705
222088072	65555604	1	392	2W	D		47	N	3	69W0B3T	385680
222088073	65555604	2	393	87(a)	2	166939124	30	Y	99		257978
222088079	65555607	1	392	2RG	1	166939129	30	N	3		385705
222088081	65555612	1	393	25(f)	2	166939137	20	N	3		9271
222088096	65555621	1	393	100(a)	2	166939153	25	Y	99		9417
222088097	65555621	2	393	43	2	166939153	16	Y	99		9279
222088098	65555621	3	391	41(a)-F	D		1	N	3		393832
222088099	65555621	4	390	21(b)	1	166939152	30	N	3		9426
222088114	65555624	1	383	23(a)(2)	D		14	Y	3	C280AZB	9547
222088115	65555624	2	393	75B	1	166939160	23	N	3		254322
222088116	65555624	3	393	9(a)	1	166939160	20	N	3		9172
222088117	65555624	4	393	75C-OOS	2	166939161	99	Y	99		396408
222088118	65555624	5	393	9(a)	2	166939161	20	N	3		9172
222088119	65555624	6	391	41(a)-F	D		1	N	3		393832
222088120	65555624	7	390	21(b)	1	166939160	30	N	3		9426
222088121	65555625	1	391	41(a)-FPC	D		1	Y	3		393833
222088122	65555625	2	392	2RG	1	166939162	30	N	3		385705
222088123	65555625	3	393	95(a)	1	166939162	28	N	3		9178
222088124	65555625	4	393	95(f)	1	166939162	28	N	3		9180
222088125	65555625	5	393	17(b)	1	166939162	20	Y	99	C290AZB	9442
222088137	65555627	1	391	41(a)-F	D		1	N	3		393832
222088138	65555627	2	391	15(a)-NSIN	D		8	N	3	4Z00CRK	393828
222088149	65555636	1	391	41(a)-F	D		1	N	3		393832
222088150	65555636	2	393	9(a)	1	166939181	20	N	3		9172
222088151	65555636	3	393	9(a)	2	166939182	20	Y	99		283327
222088152	65555636	4	393	9(a)	2	166939182	20	N	3		396450
222088153	65555636	5	393	75(f)(2)	2	166939182	23	N	3		9342
222088154	65555636	6	393	75(f)(2)	2	166939182	23	N	3		9342
222088155	65555636	7	393	205(c)	2	166939182	24	Y	99		9458
222088180	65555640	1	393	55(a)	1	166939192	16	N	3		9298
222088188	65541181	1	392	2C	D		40	N	3		9389
222088189	65541181	2	396	17(c)	1	166939197	29	N	3		9202
222088190	65541181	3	393	95(a)	1	166939197	28	N	3	6GP0BCJ	9178
222088191	65555643	1	392	2DL	D		14	N	3		385698
222088192	65555645	1	392	2C	D		40	N	3	3DW0E66	9389
222088237	65555665	1	392	2C	D		40	N	3	3SS0G2R	9389
222088238	65555665	2	391	41(a)-F	D		1	N	3		393832
222088240	65526795	1	393	48(a)	2	166939244	16	N	3		9288
222088241	65526795	2	393	48(a)	2	166939244	16	N	3		9288
222088242	65526795	3	393	48(a)	2	166939244	16	N	3		9288
222088243	65526795	4	393	48(a)	2	166939244	16	N	3		9288
222088244	65526795	5	396	3(a)(1)	2	166939244	15	Y	99		383183
222088245	65526795	6	393	43	2	166939244	16	Y	99		9279
222088246	65526795	7	177	834(a)	2	166939244	34	Y	99		9639
222088247	65555667	1	393	47(e)	1	166939245	15	N	3		257965
222088248	65555667	2	393	47(e)	1	166939245	15	N	3		257965
222088249	65555667	3	393	47(e)	1	166939245	15	N	3		257965
222088250	65555667	4	393	47(e)	1	166939245	15	N	3		257965
222088251	65555667	5	393	47(e)	1	166939245	15	N	3		257965
222088252	65555667	6	396	3(a)(1)	1	166939245	15	Y	99		383183
222088253	65555667	7	393	53(b)	1	166939245	16	N	3		385681
222088254	65555667	8	393	45(b)(2)	1	166939245	16	Y	99		392460
222088255	65555667	9	393	207(f)	1	166939245	22	N	3		9263
222088256	65555667	10	393	9(a)	2	166939246	20	N	3		9172
222088257	65555667	11	393	45(b)(2)	2	166939246	16	N	3		392460
222088258	65555667	12	395	24(d)	D		7	N	3		396428
222088259	65555667	13	395	24(c)(2)(ii)	D		50	N	3		396426
222088260	65555667	14	395	32(b)	D		7	N	3		396432
222088267	65555669	7	393	47(e)	1	166939249	15	N	3		257965
222088268	65555669	8	393	53(b)	1	166939249	16	N	3		385681
222088269	65555669	9	393	48(a)	2	166939250	16	N	3		9288
222088270	65555669	10	396	3(a)(1)	1	166939249	15	Y	99		383183
222088271	65555669	1	393	9(a)	1	166939249	20	N	3		9182
222088272	65555669	2	396	3(a)(1)	1	166939249	16	Y	1		9208
222088273	65555669	3	393	95(a)	1	166939249	28	N	3		9178
222088274	65555669	4	390	21(b)	1	166939249	30	N	3		9426
222088275	65555669	5	393	45(b)(2)	2	166939250	16	N	3		392460
222088276	65555669	6	393	45(b)(2)	2	166939250	16	Y	99		392460
222088280	65555675	1	393	95(a)	1	166939259	28	N	3		9178
222088281	65555675	2	393	9(a)	2	166939260	20	N	3		9172
222088285	65555679	1	385	325(c)	1	166939266	14	Y	99		257567
222088286	65555679	2	393	9(a)	1	166939266	20	Y	99		283327
222088287	65555679	3	393	9(a)	1	166939266	20	Y	99	3ZP0BMB	9172
222088288	65555679	4	393	9(a)	1	166939266	20	N	3		9172
222088289	65555679	5	393	9(a)	1	166939266	20	N	3		9182
222088290	65555679	6	393	9(a)	1	166939266	20	N	3		283327
222088303	65555686	1	391	41(a)-F	D		1	N	3		393832
222088304	65555686	2	390	21(b)	1	166939275	30	N	3		9426
222088305	65555686	3	393	9(a)	1	166939275	20	Y	99		9172
222088306	65555686	4	393	9(a)	1	166939275	20	N	3		9172
222088307	65555686	5	392	2RG	1	166939275	30	N	3	3SW0G2R	385705
222088308	65555686	6	392	2RG	1	166939275	30	N	3		385705
222088309	65555687	1	392	2C	D		40	N	3	3SY0G2R	9389
222088310	65555687	3	393	95(f)	1	166939276	28	N	3		9180
222088311	65555687	2	391	41(a)-F	D		1	N	3		393832
222088333	65555699	1	391	41(a)-F	D		1	N	3		393832
222088334	65555699	2	390	19A1-NOREG	1	166939296	30	N	3		396391
222088335	65555699	3	393	9(a)	1	166939296	20	N	3		9172
222088336	65555699	4	393	95(f)	1	166939296	28	N	3		9180
222088337	65555699	5	393	95(a)	1	166939296	28	N	3		9178
222088338	65555699	6	393	75(a)(1)	1	166939296	23	Y	99		9332
222088339	65555699	7	390	21(b)	1	166939296	30	N	3		9426
222088352	65555709	1	391	41(a)-F	D		1	N	3		393832
222088353	65555709	2	396	17(c)	1	166939312	29	N	3		9202
222088354	65555709	3	393	78	1	166939312	26	N	3		9347
222088365	65555712	1	392	2LV	D		14	N	3		385702
222088366	65555712	2	392	2-SLLS3	D		45	N	3		390248
222088367	65555712	3	393	95(f)	1	166939316	28	N	3		9180
222088368	65555712	4	392	2MI	1	166939316	14	N	3		385703
222088369	65555712	5	396	17(c)	1	166939316	29	N	3		9202
222088370	65555712	6	392	2MI	1	166939316	14	N	3		385703
222088371	65555712	7	390	21(b)	1	166939316	30	N	3		9426
222088375	65555715	1	390	21(b)	1	166939322	30	N	3		9426
222088376	65555715	2	396	3(a)(1)	1	166939322	30	N	3		9203
222088377	65555715	3	396	3(a)(1)	1	166939322	30	N	3		9203
222088378	65555715	4	393	9(a)	1	166939322	20	N	3		9183
222088379	65555715	5	393	41	1	166939322	16	Y	99		9278
222088380	65555716	1	391	41(a)-F	D		1	N	3		393832
222088381	65555716	2	392	9b(a)	1	166939323	30	N	3		396447
222088382	65555716	3	392	7(a)	D		14	N	3		390280
222088383	65555716	4	391	11B2	D		14	N	3		9372
222088384	65555716	5	393	95(a)	1	166939323	28	N	3		9178
222088385	65555716	6	393	95(f)	1	166939323	28	N	3		9180
222088386	65555716	7	396	3(a)(1)	1	166939323	30	N	3		9203
222088394	65555720	1	391	41(a)-F	D		1	N	3		393832
222088395	65555720	2	391	11B2	D		14	N	3		9372
222088396	65555720	3	392	9b(a)	1	166939329	30	N	3		396447
222088397	65555720	4	392	2	1	166939329	14	N	3	E19000043	8496
222088398	65555720	5	396	3(a)(1)	1	166939329	30	N	3		9203
222088399	65555720	6	393	95(a)	1	166939329	28	N	3		9178
222088400	65555720	7	393	95(f)	1	166939329	28	N	3		9180
222088401	65555720	8	392	7(a)	D		14	N	3		390280
222088402	65555720	9	177	834(a)	1	166939329	34	Y	1		9639
222088403	65555721	1	392	5(a)(3)	D		10	Y	3		395655
222088404	65555721	2	392	2	D		14	N	3	2113E19000013	8496
222088405	65555722	1	393	100(b)	1	166939331	25	Y	99	WARNING	254958
222088406	65555722	2	392	2	1	166939331	14	N	3	2113E1900014	8496
222088407	65555722	3	392	2	1	166939331	14	N	3	WARNING	8496
222088411	65555724	1	396	5(b)	1	166939333	30	N	3		9211
222088435	65555728	1	393	95(f)	1	166939341	28	N	3		9180
222088436	65555728	2	392	8	D		14	N	3		9409
222088445	65555729	1	392	9b(a)	1	166939343	30	N	3		396447
222088446	65555729	2	390	21(b)	1	166939343	30	N	3		9426
222088447	65555729	3	393	203	1	166939343	30	N	3		9450
222088448	65555729	4	393	23	1	166939343	20	N	3		257952
222088449	65555729	5	393	23	1	166939343	20	N	3		257952
222088450	65555729	6	393	23	1	166939343	20	N	3		257952
222088451	65555729	7	393	23	1	166939343	20	N	3		257952
222088452	65555729	8	393	203	1	166939343	30	N	3		9450
222088453	65555729	9	393	95(a)	1	166939343	28	N	3		9178
222088454	65555729	10	393	75(a)(2)	1	166939343	23	N	3		9333
222088455	65555729	11	393	75(a)(2)	1	166939343	23	N	3		9333
222088456	65555729	12	393	75(a)(2)	1	166939343	23	N	3		9333
222088457	65555729	13	393	75(a)(2)	1	166939343	23	N	3		9333
222088458	65555729	14	393	75C	1	166939343	23	N	3		2909
222088459	65555729	15	393	75C	1	166939343	23	N	3		2909
222088460	65555729	16	393	11	1	166939343	20	N	3		9422
222088461	65555729	17	393	25(b)	1	166939343	20	N	3		9269
222088462	65555729	18	393	25(b)	1	166939343	20	N	3		9269
222088463	65555729	19	396	3(a)(1)	1	166939343	30	N	3	SP5709731	9203
222088464	65555729	20	396	17(c)	2	166939344	29	N	3		9202
222088465	65555729	21	392	9(a)(1)	2	166939344	25	Y	99		9412
222088466	65555729	22	393	100(b)	2	166939344	25	Y	99		254958
222088467	65555729	23	393	25(f)	2	166939344	20	Y	99		9271
222088468	65555729	24	393	9(a)	2	166939344	20	Y	99		396450
222088469	65555729	25	393	9(a)	2	166939344	20	Y	99		283327
222088470	65555729	26	393	75C-OOS	2	166939344	99	N	3		396408
222088471	65555729	27	396	3(a)(1)	2	166939344	30	N	3	SP5709732	9203
222088472	65555730	1	392	7(a)	D		14	N	3		390280
222088473	65555730	2	391	41(a)-F	D		1	N	3		393832
222088474	65555730	3	383	111	D		14	N	3		390619
222088475	65555730	4	383	23(a)(2)	D		14	Y	3		9547
222088476	65555730	5	392	9b(a)	1	166939345	30	N	3		396080
222088477	65555730	6	390	21(a)	1	166939345	30	N	3		9566
222088478	65555730	7	396	17(c)	1	166939345	29	N	3		9202
222088479	65555730	8	393	78	1	166939345	26	N	3	SP5709733	9347
222088480	65555730	9	393	43	2	166939346	16	Y	99		9279
222088481	65555730	10	396	17(c)	2	166939346	29	N	3		9202
222088482	65555730	11	393	100(b)	2	166939346	25	Y	99		254958
222088483	65555730	12	392	2IRP	2	166939346	30	N	3	SP5709734	385701
222088484	65555731	6	390	21(b)	1	166939347	30	N	3		9426
222088485	65555731	1	392	7(a)	D		14	N	3		390280
222088486	65555731	2	383	111	D		14	N	3		390619
222088487	65555731	3	391	41(a)-F	D		1	N	3		393832
222088488	65555731	4	393	95(a)(1)(i)	1	166939347	28	N	3		371409
222088489	65555731	5	393	95(f)	1	166939347	28	N	3		9180
222088508	65555735	1	390	21(a)	1	166939353	30	N	3		9566
222088509	65555735	2	393	75(a)(2)	1	166939353	23	N	3		9333
222088512	65555737	1	392	7(a)	D		14	N	3		390280
222088513	65555737	2	396	17(c)	1	166939356	29	N	3		9202
222088514	65555737	3	393	78	1	166939356	26	N	3		9347
222088515	65555737	4	393	81	1	166939356	30	N	3		9350
222088516	65555737	5	393	11	1	166939356	20	N	3		9422
222088517	65555737	6	393	95(a)	1	166939356	28	N	3		9178
222088518	65555738	1	391	41(a)-F	D		1	N	3		393832
222088519	65555738	2	383	111	D		14	N	3		390619
222088520	65555738	3	383	23(a)(2)	D		14	Y	3		9547
222088521	65555738	4	392	9b(a)	1	166939357	30	N	3		396080
222088522	65555738	5	390	21(b)	1	166939357	30	N	3		9426
222088523	65555738	6	390	21(a)	1	166939357	30	N	3		9566
222088524	65555738	7	396	17(c)	1	166939357	29	N	3		9202
222088525	65555738	8	393	78	1	166939357	26	N	3		9347
222088526	65555738	9	393	75A	1	166939357	23	N	3		8494
222088527	65555738	10	393	9(a)	1	166939357	20	N	3		9183
222088528	65555738	11	393	9(a)	1	166939357	20	N	3		9183
222088529	65555738	12	393	9(a)	1	166939357	20	N	3		9172
222088530	65555738	13	393	9(a)	1	166939357	20	N	3		9172
222088531	65555738	14	393	9(a)	1	166939357	20	N	3		9172
222088532	65555738	15	393	100(a)	1	166939357	25	Y	99		9417
222088533	65555738	16	393	134	1	166939357	25	Y	99		3560
222088534	65555738	17	392	2WC	1	166939357	30	N	3		385707
222088535	65555738	18	396	3(a)(1)	1	166939357	30	N	3		9203
222088536	65555738	19	396	5(b)	1	166939357	30	N	3		9211
222088537	65555738	20	393	30	1	166939357	30	Y	99		9274
222088538	65555739	1	392	2FC	D		41	N	3		9390
222088539	65555739	2	392	2MI	D		14	N	3		385703
222088540	65555739	3	392	7(a)	D		14	N	3		390280
222088541	65555739	4	392	8	D		14	N	3		9409
222088542	65555739	5	392	2MI	D		14	N	3		385703
222088546	65555740	1	390	21(a)	1	166939360	30	N	3		9566
222088547	65555740	2	391	41(a)-P	D		1	N	3		393834
222088548	65555740	3	391	11(b)(4)	1	166939360	14	N	3		9373
222088556	65555743	1	393	9(a)	1	166939365	20	N	3		9172
222088557	65555743	2	393	9(a)	1	166939365	20	Y	99		9172
222088558	65555744	1	396	5(b)	1	166939366	30	N	3		9211
222088559	65555744	2	393	45(d)	1	166939366	16	N	3		257960
222088563	65555745	1	393	95(f)	1	166939369	28	N	3		9180
222088564	65555745	2	392	8	D		14	N	3		9409
222088565	65555748	1	391	41(a)-FPC	D		1	Y	3		393833
222088566	65555748	2	392	7(a)	D		14	N	3		390280
222088567	65555748	10	393	75B-OOS	1	166939372	99	Y	99		396409
222088568	65555748	11	393	75C	1	166939372	23	N	3		2909
222088569	65555748	12	393	9(a)	1	166939372	20	N	3		9172
222088570	65555748	3	393	95(a)	1	166939372	28	N	3		9178
222088571	65555748	4	393	95(f)	1	166939372	28	N	3		9180
222088572	65555748	5	390	21(b)	1	166939372	30	N	3		9426
222088573	65555748	6	392	2MI	1	166939372	14	N	3		385703
222088574	65555748	7	396	1	1	166939372	14	N	3		9199
222088575	65555748	8	392	9b(a)	1	166939372	30	Y	99		396447
222088576	65555748	9	393	9(a)	1	166939372	20	N	3		9172
222088584	65555752	1	391	41(a)-FPC	D		1	Y	3		393833
222088585	65555752	2	391	11(b)(4)	1	166939379	14	N	3		9373
222088586	65555752	3	396	17(c)	1	166939379	29	N	3		9202
222088587	65555752	4	392	7(a)	D		14	N	3		390280
222088588	65555752	5	393	9(a)	1	166939379	20	N	3		9182
222088589	65555752	6	396	5(b)	1	166939379	30	N	3		9211
222088590	65555752	7	393	9(a)	1	166939379	20	N	3		9172
222088591	65555753	1	391	41(a)-F	D		1	N	3		393832
222088592	65555753	2	391	11(b)(4)	1	166939380	14	N	3		9373
222088593	65555753	3	392	9b(a)	1	166939380	30	N	3		396447
222088594	65555753	4	396	1	1	166939380	14	N	3		9199
222088595	65555753	5	392	8	D		14	N	3		9409
222088596	65555753	6	393	95(a)	1	166939380	28	N	3		9178
222088597	65555753	7	393	95(f)	1	166939380	28	N	3		9180
222088598	65555753	8	393	11	1	166939380	20	N	3		9422
222088599	65555753	9	392	2WC	1	166939380	30	N	3		385707
222088600	65555753	10	396	17(c)	1	166939380	29	N	3		9202
222088620	65555756	1	383	23(a)(2)	C		14	N	3		9547
222088621	65555758	1	395	24(d)	D		7	N	3		396428
222088622	65555758	2	395	22(h)(4)	D		7	N	3		396422
222088623	65555758	3	393	75B-OOS	2	166939393	99	N	3		396409
222088625	65555763	1	396	17(c)	1	166939401	29	N	3		9202
222088626	65555763	2	392	4A-POS	D		99	Y	3		396410
222088627	65555764	1	392	2	1	166939402	14	N	3	H92793125B	8496
222088628	65555764	2	393	9(a)	1	166939402	20	N	3		9182
222088629	65555764	3	393	78	1	166939402	26	N	3		9347
222088630	65555764	4	393	9(a)	1	166939402	20	N	3		9172
222088631	65555764	5	396	9(d)(2)	1	166939402	30	N	3		9214
222088632	65555765	1	396	17(c)	1	166939404	29	N	3	H9249311HK	9202
222088633	65555765	2	393	71(h)(10)	1	166939404	17	N	3	H92493112W	9331
222088634	65555765	3	396	3(a)(1)	1	166939404	30	Y	99	H9249310N8	9203
222088635	65555765	4	393	60(c)	1	166939404	26	N	3	H924931170	257571
222088636	65555765	5	393	9(a)	1	166939404	20	N	3		9182
222088637	65555765	6	393	17(a)	1	166939404	20	Y	99	H9249311R4	9441
222088638	65555766	1	393	78	1	166939405	26	N	3		9347
222088639	65555766	2	393	9(a)	1	166939405	20	N	3		9172
222088640	65555766	3	393	75(a)(3)	1	166939405	23	Y	99	H928930NKN	9334
222088641	65555768	1	393	75B	1	166939407	23	N	3	4444550973	254322
222088642	65555768	2	393	75(a)(1)	1	166939407	23	N	3	4444550987	9332
222088643	65555768	3	393	75C	1	166939407	23	N	3	4444550990	2909
222088644	65555769	1	177	817A	1	166939408	31	Y	99	4444551003	3075
222088645	65555769	2	172	201(d)	1	166939408	31	N	3	4444551017	8590
222088646	65555769	3	172	602(a)	1	166939408	38	N	3	4444551020	9580
222088647	65555769	4	177	834(a)	1	166939408	34	Y	99	4444451034	9639
222088648	65555769	5	393	9(a)	1	166939408	20	N	3	44444510484	9172
222088649	65555770	1	396	5(b)	1	166939409	30	N	3	4446458007	9211
222088650	65555770	2	393	9(a)	1	166939409	20	N	3	8010	9172
222088651	65555770	3	393	55(d)(1)	1	166939409	16	N	3	8024	9302
222088652	65555770	4	393	78	1	166939409	26	N	3	8038	9347
222088653	65555774	1	392	2RG	1	166939416	30	N	3		385705
222088655	65555779	1	395	8	D		7	N	3		9194
222088656	65555779	2	390	21(b)	1	166939424	30	N	3		9426
222088657	65555779	3	393	9(a)	1	166939424	20	N	3		9172
222088658	65555780	1	391	11B2	D		14	N	3		9372
222088659	65555780	2	395	8(f)(1)	D		3	N	3	792WF7Q	9197
222088667	65555782	1	395	15G	D		7	N	3		9188
222088668	65555782	2	392	2W	1	166939428	47	N	3	7930RT4	385680
222088669	65555782	3	392	2	1	166939428	47	N	3	7930S7H	390241
222088670	65555787	1	396	17(c)	1	166939436	29	N	3	H928930X91	9202
222088671	65555787	2	392	2MI	1	166939436	14	N	3	H928930XMT	385703
222088672	65555787	3	393	78	1	166939436	26	N	3		9347
222088673	65555787	4	393	9(a)	1	166939436	20	N	3	H928930XSS	9182
222088674	65555787	5	172	328(d)	1	166939436	39	N	3	H928930Z3C	263071
222088675	65555787	6	393	207(a)	1	166939436	22	Y	99	H928930ZD1	9459
222088676	65555787	7	393	9(a)	1	166939436	20	Y	99	H928930ZNM	283327
222088677	65555787	8	396	3A1T	1	166939436	23	Y	99	H928930ZVW	9209
222088678	65555787	9	396	9(d)(2)	1	166939436	30	N	3	H92893102V	9214
222088689	65555790	1	391	41(a)-F	D		1	N	3		393832
222088690	65555790	2	393	128	2	166939440	25	Y	99		3554
222088691	65555790	3	393	9(a)	1	166939439	20	N	3		9172
222088692	65555790	4	393	9(a)	1	166939439	20	N	3		9183
222088693	65555790	5	393	43	2	166939440	16	Y	99		9279
222088694	65555790	6	393	9(a)	2	166939440	20	N	3		9183
222088695	65555790	7	393	9(a)	2	166939440	20	N	3		283327
222088696	65555790	8	393	9(a)	2	166939440	20	N	3		9172
222088697	65555790	9	393	207(c)	2	166939440	22	N	3		9328
222088698	65555791	1	393	203	1	166939441	30	N	3	4443480906	9450
222088699	65555791	2	393	203	1	166939441	30	N	3	4443480910	9450
222088700	65555791	3	393	207(c)	1	166939441	22	N	3	4443480923	9328
222088701	65555791	4	393	28	1	166939441	30	N	3	4443480937	9273
222088702	65555792	1	393	11	1	166939442	20	N	3	4443480940	9422
222088703	65555792	2	396	9(d)(2)	1	166939442	30	N	3	4443480954	9214
222088704	65555792	3	393	203(b)	1	166939442	19	N	3	4443480968	9452
222088705	65555792	4	393	47(e)	1	166939442	15	N	3	4443480971	257965
222088706	65555792	5	393	53(b)	1	166939442	16	N	3	4443480985	385681
222088707	65555792	6	393	47(e)	1	166939442	15	N	3	4443480999	257965
222088708	65555792	7	396	3(a)(1)	1	166939442	15	Y	99	4443481001	383183
222088709	65555793	1	392	2-SLLS2	D		45	N	3	3931DFD	390247
222088710	65555794	1	392	2C	D		40	N	3	393085G	9389
222088711	65555795	1	391	41(a)	D		1	N	3		9377
222088712	65555795	2	392	2RG	1	166939447	30	N	3		385705
222088713	65555795	3	390	19	1	166939447	30	N	3		68237
222088714	65555795	4	396	17(c)	1	166939447	29	N	3		9202
222088715	65555796	1	393	75(a)(3)	2	166939449	23	Y	99		9334
222088716	65555797	1	392	2RG	2	166939451	30	N	3		385705
222088717	65555798	1	395	8(f)(1)	D		3	N	3		9197
222088718	65555799	1	391	41(a)	D		1	N	3		9377
222088719	65555799	2	393	9(a)	1	166939454	20	N	3		9172
222088720	65555800	1	392	2W	1	166939455	47	N	3		385680
222088721	65555800	2	390	21(b)	1	166939455	30	N	3		9426
222088722	65555801	1	391	11(b)(5)	D		14	Y	99		9374
222088723	65555801	2	393	45(b)(2)	1	166939456	16	N	3		257958
222088724	65555801	3	393	45(b)(2)	1	166939456	16	N	3		257958
222088725	65555801	4	396	17(c)	1	166939456	29	N	3	292W2V7	9202
222088726	65555801	5	393	9(a)	1	166939456	20	N	3		9172
222088727	65555801	6	392	2	1	166939456	14	N	3		8496
222088728	65555801	7	390	21(b)	1	166939456	30	N	3		9426
222088729	65555803	1	395	8	D		7	N	3		9194
222088730	65555803	2	395	8	D		7	N	3		9194
222088731	65555803	3	392	2W	1	166939458	47	N	3		385680
222088732	65555803	4	393	9(a)	1	166939458	20	N	3		9172
222088733	65555803	5	393	9(a)	1	166939458	20	N	3		9172
222088734	65555804	1	383	51(a)-SIN	D		8	Y	99		393816
222088735	65555805	1	392	2W	1	166939460	47	N	3		385680
222088736	65555805	2	392	2W	1	166939460	47	N	3	492ZZS7	385680
222088737	65555805	3	392	2W	1	166939460	47	N	3		385680
222088738	65555805	5	392	2	1	166939460	47	N	3	4930027	390241
222088739	65555805	6	392	2	1	166939460	47	N	3		390266
222088740	65555805	7	392	2-SLLEWA1	2	166939461	47	N	3		390260
222088741	65555805	4	392	2W	1	166939460	47	N	3	4930005	385680
222088742	65555806	1	392	2W	1	166939462	47	N	3		385680
222088743	65555806	2	393	9(a)	1	166939462	20	N	3		9183
222088744	65555806	3	393	55(d)(3)	2	166939463	16	N	3		9304
222088745	65555811	1	395	8(f)(1)	D		3	N	3		9197
222088746	65555811	2	392	2RG	D		30	N	3	3931DTH	385705
222088747	65555811	3	392	2C	D		40	N	3	3931F0N	9389
222088748	65555812	1	392	2W	1	166939471	47	N	3	29306MS	385680
222088749	65555813	1	390	21(b)	1	166939473	30	N	3	29309SX	9426
222088750	65555813	2	395	8	D		7	N	3		9194
222088751	65555814	1	392	2W	1	166939474	47	N	3		385680
222088752	65555815	1	391	41(a)	D		1	N	3		9377
222088753	65555816	1	395	15(c)	D		7	N	3		9186
222088754	65555819	1	393	95(a)	1	166939484	28	N	3		9178
222088755	65555819	2	392	2W	1	166939484	47	N	3		385680
222088756	65555821	1	393	55(d)(2)	1	166939487	16	N	3		9303
222088757	65555821	2	393	55(e)	2	166939488	16	N	3		9305
222088758	65555822	1	390	21(b)	1	166939489	30	N	3		9426
222088759	65555822	2	393	55(d)(2)	1	166939489	16	N	3		9303
222088760	65555822	3	393	55(e)	2	166939490	16	N	3		9305
222088761	65555823	1	390	19B2-BIENNIAL	1	166939491	99	N	3		396411
222088762	65555823	2	390	21(b)	1	166939491	30	N	3		9426
222088763	65555823	3	393	95(f)	1	166939491	28	N	3		9180
222088764	65555825	1	392	2IRP	1	166939493	30	Y	99	ABD8051466	385701
222088765	65555825	2	392	2	1	166939493	14	N	3	ABD8051470	8496
222088766	65555828	1	376	11(d)(1)	D		14	N	3		396114
222088767	65555829	1	392	2RG	1	166939499	30	N	3		385705
222088768	65555830	1	392	8	D		14	N	3		9409
222088769	65555830	2	392	2	D		14	N	3		8496
222088770	65555831	1	392	2DIM	D		30	N	3	1930ZCS	385697
222088771	65555832	1	392	2W	1	166939503	47	N	3		385680
222088772	65555832	2	387	303(b)(4)	D		14	N	3		9560
222088773	65555833	1	392	2W	1	166939504	47	N	3		385680
222088774	65555834	1	392	2RG	1	166939505	30	N	3		385705
222088775	65555834	2	392	2FT	1	166939505	14	N	3		385699
222088780	65555839	1	392	2-SLLS4	D		45	N	3		390240
222088781	65555839	2	392	9b(a)	1	166939513	30	N	3		396080
222088782	65555839	3	390	21(b)	1	166939513	30	N	3		9426
222088783	65555839	4	393	100(b)	1	166939513	25	Y	99		254958
222088784	65555839	5	390	19	1	166939513	30	N	3		68237
222088785	65555839	6	393	11	1	166939513	20	N	3		9422
222088786	65555839	7	393	9(a)	1	166939513	20	N	3		9172
222088787	65555839	8	393	11	1	166939513	20	N	3		9422
222088788	65555840	1	395	8	D		7	N	3		9194
222088789	65555840	2	395	8	D		7	N	3		9194
222088790	65555840	3	395	8	D		7	N	3		9194
222088791	65555841	1	391	41(a)	D		1	N	3		9377
222088792	65555841	2	390	21(b)	1	166939516	30	N	3		9426
222088793	65555841	3	392	9b(a)	1	166939516	30	N	3		396080
222088794	65555842	1	393	9(a)	1	166939517	20	N	3		9172
222088795	65555842	2	393	75C	2	166939518	23	Y	99		2909
222088796	65555843	1	393	9(a)	1	166939519	20	N	3		9172
222088797	65555843	2	393	19	1	166939519	20	N	3		9443
222088798	65555844	1	392	2	1	166939520	14	N	3		8496
222088799	65555845	1	392	2W	1	166939521	47	N	3		385680
222088800	65555845	2	395	15B	D		7	N	3		9185
222088823	65555847	1	392	2-SLLS4	D		45	N	3	693033D	390240
222088824	65555847	2	395	8(a)	D		3	Y	99	69308NM	254677
222088825	65555847	3	392	9b(a)	1	166939523	30	N	3	69303CM	396080
222088826	65555847	4	390	21(b)	1	166939523	30	N	3		9426
222088827	65555847	5	391	41(a)	D		1	Y	99	69303H4	9377
222088828	65555847	6	392	9a(a)(1)	1	166939523	30	Y	99	69308K3	337774
222088829	65555847	7	392	2DL	D		14	N	3		385698
222088830	65555847	8	396	17(c)	1	166939523	29	N	3		9202
222088831	65555848	1	385	301(a)	1	166939524	30	N	3		380720
222088832	65555848	2	393	95(a)	1	166939524	28	N	3		9178
222088833	65555848	3	393	41	1	166939524	16	Y	99		9278
222088834	65555848	4	396	17(c)	2	166939525	29	N	3		9202
222088835	65555848	5	393	40	2	166939525	16	Y	99		9277
222088836	65555854	1	392	2LC	D		42	N	3		9392
222088837	65555854	2	395	8	D		7	N	3		9194
222088838	65555854	3	392	2W	1	166939536	47	N	3		385680
222088839	65555854	4	393	23	2	166939537	20	Y	1		257952
222088840	65555857	1	393	9(a)	1	166939540	20	N	3		9182
222088841	65555857	2	393	9(a)	2	166939541	20	N	3		9172
222088842	65555857	3	393	128(b)(1)	2	166939541	25	Y	99		256388
222088843	65555861	1	393	75(a)(3)	2	166939548	23	Y	99	MBT69309MN	9334
222088844	65555862	1	392	16	D		11	N	3		9386
222088845	65555862	2	391	49(j)	D		1	N	3		9380
222088846	65555862	3	390	21(b)	1	166939549	30	N	3		9426
222088847	65555862	4	393	9(a)	1	166939549	20	N	3	29306NL	9182
222088848	65555863	1	392	2W	1	166939550	47	N	3		385680
222088849	65542302	1	392	2RG	1	166939554	30	N	3		385705
222088850	65542302	2	392	2	1	166939554	14	N	3		8496
222088851	65542302	3	393	9(a)	1	166939554	20	N	3		9172
222088852	65542302	4	392	2W	2	166939555	47	N	3		385680
222088853	65542302	5	396	17(c)	2	166939555	29	N	3		9202
222088854	65542302	6	393	43(d)	2	166939555	16	Y	99		9281
222088855	65542302	7	393	70(d)(8)	2	166939555	17	Y	99		257975
222088856	65542302	8	393	9(a)	2	166939555	20	N	3		9183
222088857	65542302	9	393	9(a)	2	166939555	20	Y	99		283327
222088858	65542302	10	393	9(a)	2	166939555	20	Y	99		396450
222088859	65542302	11	393	9(a)	2	166939555	20	N	3		9172
222088860	65555866	1	391	11(b)(5)-DNL	D		14	Y	3	8L6992ZZC5	393827
222088861	65555866	2	391	41(a)-F	D		1	N	3		393832
222088862	65555866	3	392	2RG	1	166939556	30	N	3	8L6992ZZTB	385705
222088863	65555866	4	390	21(b)	1	166939556	30	N	3		9426
222088864	65555866	5	390	19B2-BIENNIAL	1	166939556	99	N	3		396411
222088865	65555866	6	393	95(a)	1	166939556	28	N	3		9178
222088866	65555866	7	392	2	1	166939556	14	N	3		8496
222088867	65555866	8	393	60(d)	1	166939556	26	N	3		9308
222088868	65555866	9	393	75(a)(1)	1	166939556	23	N	3		9332
222088869	65555867	1	391	11(b)(5)-DNL	D		14	Y	3	8L699301KP	393827
222088870	65555867	2	392	2RG	1	166939557	30	N	3		385705
222088871	65555867	3	390	21(b)	1	166939557	30	N	3		9426
222088872	65555867	4	392	2W	1	166939557	47	N	3		385680
222088873	65555867	5	392	2	1	166939557	14	N	3		8496
222088874	65555867	6	393	95(a)	1	166939557	28	N	3		9178
222088875	65555867	7	393	41	1	166939557	16	Y	99		9278
222088876	65555867	8	393	100(b)	1	166939557	25	Y	99		254958
222088877	65555867	9	393	75G-LOAD	1	166939557	23	Y	99		396403
222088878	65555867	10	393	71(h)(10)	1	166939557	17	N	3		9331
222088879	65555868	1	391	15(a)-NSOUT	D		8	Y	3	8L699304F5	393829
222088880	65555868	2	393	95(a)	1	166939558	28	N	3		9178
222088881	65555868	3	393	78	1	166939558	26	N	3		9347
222088882	65555868	4	393	9(a)	1	166939558	20	N	3		9172
222088883	65555868	5	393	9(a)	1	166939558	20	N	3		283327
222088884	65555868	6	393	9(a)	1	166939558	20	N	3		396450
222088885	65555868	7	393	9(a)	1	166939558	20	N	3		9172
222088886	65555869	1	393	55(e)	2	166939560	16	N	3		9305
222088887	65555870	1	390	19	1	166939561	30	N	3		68237
222088888	65555870	2	393	41	1	166939561	16	Y	99		9278
222088889	65555871	1	396	17(c)	2	166939563	29	N	3		9202
222088890	65555871	2	393	9(a)	2	166939563	20	N	3		9172
222088891	65555871	3	393	9(a)	2	166939563	20	N	3		9172
222088892	65555871	4	393	55(e)	2	166939563	16	N	3		9305
222088893	65555872	1	385	301(a)	1	166939564	30	N	3		380720
222088894	65555872	2	393	95(a)	1	166939564	28	N	3		9178
222088895	65555872	3	396	17(c)	2	166939565	29	N	3		9202
222088896	65555872	4	393	43(d)	2	166939565	16	Y	99		9281
222088897	65555877	1	392	9b(a)	1	166939573	30	N	3		396080
222088898	65555877	2	390	21(b)	1	166939573	30	N	3		9426
222088902	65555879	1	392	2W	1	166939576	47	N	3		385680
222088903	65555879	2	390	19	1	166939576	30	N	3		68237
222088904	65555879	3	392	16	D		11	N	3	2930N41	9386
222088905	65555880	1	390	21(b)	1	166939577	30	N	3		9426
222088906	65555880	2	392	2RG	1	166939577	30	N	3	2930W7Z	385705
222088907	65555880	3	391	11(b)(5)	D		14	Y	99	2930WF1	9374
222088908	65555881	1	383	23(a)(2)	D		14	Y	3		9547
222088909	65555881	2	391	41(a)-F	D		1	N	3		393832
222088910	65555881	3	392	2RG	1	166939578	30	N	3		385705
222088911	65555882	1	392	2RG	1	166939579	30	N	3		385705
222088912	65555882	2	392	2RG	1	166939579	30	N	3	MDT6930L5Z	385705
222088913	65555882	3	396	17(c)	1	166939579	29	N	3	MDT6930LND	9202
222088914	65555882	4	393	78	1	166939579	26	N	3		9347
222088915	65555882	5	392	2	D		14	N	3	MDT6930LH4	8496
222088916	65555882	6	392	2	1	166939579	14	N	3		8496
222088917	65555883	1	395	8E	D		2	Y	3		253692
222088918	65555886	1	393	9(a)	1	166939585	20	N	3		9182
222088919	65555887	1	392	2C	D		40	N	3		9389
222088920	65555887	2	396	17(c)	1	166939586	29	N	3		9202
222088921	65555887	3	393	95(a)	1	166939586	28	N	3	493001R	9178
222088922	65555888	8	390	21(a)	1	166939587	30	N	3		9566
222088923	65555888	9	393	9(a)	1	166939587	20	N	3		9172
222088924	65555888	7	396	9(d)(2)	1	166939587	30	N	3		9214
222088925	65555888	1	392	2C	D		40	N	3		9389
222088926	65555888	2	393	9(a)	1	166939587	20	N	3		9182
222088927	65555888	3	396	17(c)	1	166939587	29	N	3		9202
222088928	65555888	4	392	2	1	166939587	30	N	3		379214
222088929	65555888	5	392	2W	1	166939587	47	N	3		385680
222088930	65555888	6	393	81	1	166939587	30	N	3	49304S7	9350
222088931	65555889	1	391	41(a)-F	D		1	N	3		393832
222088932	65555889	2	177	817A	1	166939588	31	Y	99		3075
222088933	65555889	3	172	602(c)(1)	1	166939588	38	N	3		9582
222088934	65555889	4	177	834(a)	1	166939588	34	Y	99		9639
222088935	65555889	5	390	21(b)	1	166939588	30	N	3		9426
222088936	65555889	6	390	19B2-BIENNIAL	1	166939588	99	N	3		396411
222088937	65555889	7	393	95(a)	1	166939588	28	N	3		9178
222088938	65555889	8	393	9(a)	1	166939588	20	N	3		9172
222088939	65555889	9	393	78	1	166939588	26	N	3		9347
222088940	65555890	1	391	41(a)-FPC	D		1	Y	3		393833
222088941	65555890	2	390	21(b)	1	166939589	30	N	3		9426
222088942	65555890	3	390	19B2-BIENNIAL	1	166939589	99	N	3		396411
222088943	65555890	4	392	2	1	166939589	14	N	3		8496
222088944	65555890	5	393	9(a)	1	166939589	20	N	3		9172
222088945	65555890	6	393	75(a)(1)	1	166939589	23	N	3		9332
222088946	65555890	7	393	75C	1	166939589	23	N	3		2909
222088947	65555890	8	393	9(a)	1	166939589	20	N	3		9172
222088948	65555891	1	390	19B2-BIENNIAL	1	166939590	99	N	3		396411
222088949	65555891	2	393	78	1	166939590	26	N	3		9347
222088950	65555892	1	393	9(a)	1	166939591	20	N	3		9182
222088951	65555893	1	393	55(d)(2)	1	166939592	16	N	3		9303
222088952	65555893	2	393	55(c)(1)	1	166939592	16	N	3		9300
222088953	65555894	1	395	8(f)(1)	D		3	N	3		9197
222088954	65555894	2	393	55(d)(1)	1	166939594	16	N	3		9302
222088955	65555897	1	395	15(c)	D		7	N	3		9186
222088956	65555900	1	392	2W	1	166939604	47	N	3		385680
222088957	65555901	1	392	2WC	1	166939605	30	N	3		385707
222088958	65555901	2	390	19	1	166939605	30	N	3		68237
222088959	65555902	1	390	21(a)	1	166939606	30	N	3		9566
222088960	65555902	2	392	2-SLLS4	D		45	N	3	592ZRCQ	390240
222088961	65555903	1	392	2W	1	166939607	47	N	3	5930898	385680
222088962	65555903	2	392	2	1	166939607	14	N	3		8496
222088963	65555904	1	395	3(a)(3)(ii)	D		7	N	3		395654
222088964	65555904	2	395	8E	D		2	N	3		253692
222088965	65555904	3	395	3(a)(3)(ii)	D		7	N	3		395654
222088966	65555904	4	392	2FT	1	166939609	14	N	3		385699
222088967	65555904	5	392	2W	1	166939609	47	N	3	1930DV1	385680
222088968	65555904	6	390	21(b)	1	166939609	30	N	3		9426
222088969	65555910	1	393	60(d)	1	166939619	26	N	3	8XW	9308
222088970	65555911	1	392	7(a)	D		14	N	3	FKQ	390280
222088971	65555911	2	392	2MI	1	166939620	14	N	3		385703
222088972	65555911	3	393	9(a)	1	166939620	20	N	3		9172
222088973	65555911	4	393	25(a)	1	166939620	20	N	3		257957
222088974	65555912	1	393	201(b)	1	166939621	19	N	3		9446
222088975	65555912	2	393	201(b)	1	166939621	19	N	3		9446
222088976	65555914	1	392	2MI	1	166939623	14	N	3		385703
222088977	65555914	2	393	55(c)(1)	1	166939623	16	N	3		9300
222088978	65555914	3	393	19	1	166939623	20	N	3		9443
222088979	65555914	4	393	203(e)	1	166939623	19	N	3		9455
222088980	65555914	5	396	3(a)(1)	1	166939623	16	N	3	H9269303B5	9204
222088981	65555914	6	393	9(a)	1	166939623	20	N	3	H9269304M5	283327
222088982	65555914	7	393	9(a)	1	166939623	20	N	3	H926930557	396450
222088983	65555914	8	393	9(a)	1	166939623	20	N	3		9172
222088984	65555914	9	393	9(a)	1	166939623	20	N	3		9172
222088985	65555914	10	393	55(e)	2	166939624	16	N	3		9305
222088986	65555914	11	393	47(e)	2	166939624	15	N	3		257965
222088987	65555914	12	393	53(b)	2	166939624	16	N	3		385681
222088988	65555914	13	393	9(a)	2	166939624	20	N	3		9172
222088989	65555915	1	393	104(f)(3)	1	166939625	25	N	3		255027
222088990	65555916	2	393	55(d)(1)	1	166939626	16	N	3		9302
222088991	65555916	3	396	3(a)(1)	1	166939626	16	N	3		9208
222088992	65555917	1	393	11	1	166939627	20	N	3		9428
222088993	65555917	2	396	9(d)(2)	1	166939627	30	N	3		9214
222088994	65555917	3	392	2W	1	166939627	47	N	3	492ZMBZ	385680
222088995	65555917	4	392	2W	1	166939627	47	N	3	492ZN7P	385680
222088996	65555917	5	392	2W	1	166939627	47	N	3	492ZNC4	385680
222088997	65555917	6	392	2W	1	166939627	47	N	3		385680
222088998	65555917	7	392	2W	1	166939627	47	N	3		385680
222088999	65555917	8	392	2W	2	166939628	47	N	3		385680
222089000	65555917	9	392	2RG	2	166939628	30	N	3		385705
222089001	65555917	10	393	75(a)(3)	2	166939628	23	Y	99		9334
222089002	65555917	11	392	2RG	1	166939627	30	N	3		385705
222089003	65555917	12	395	8	D		7	N	3		9194
222089004	65555917	13	395	8	D		7	N	3		9194
222089005	65555918	1	392	2DIM	1	166939629	30	N	3		385697
222089006	65555918	2	392	2DIM	2	166939630	30	N	3		385697
222089007	65555918	3	392	2DIM	2	166939630	30	N	3	4930115	385697
222089008	65555918	4	395	8E	D		2	Y	99		253692
222089009	65555918	5	395	15G	D		7	N	3		9188
222089010	65555919	1	390	21(b)	1	166939631	30	N	3		9426
222089011	65555919	2	390	19	1	166939631	30	N	3		68237
222089012	65555919	3	392	2RG	1	166939631	30	N	3		385705
222089013	65555919	4	396	3(a)(1)	1	166939631	30	Y	99		9203
222089014	65555919	5	393	41	1	166939631	16	Y	99		9278
222089015	65555919	6	393	95(a)	1	166939631	28	N	3		9178
222089016	65555919	7	393	95(f)	1	166939631	28	N	3		9180
222089017	65555920	1	390	19	1	166939632	30	N	3		68237
222089018	65555920	2	393	55(d)(1)	1	166939632	16	N	3		9302
222089019	65555920	3	393	45(d)	1	166939632	16	N	3		392462
222089020	65555920	4	396	3(a)(1)	1	166939632	30	Y	99		9203
222089021	65555921	1	392	2W	1	166939633	47	N	3		385680
222089022	65555922	1	392	2	1	166939634	14	N	3		8496
222089023	65555923	1	392	9b(a)	1	166939635	30	N	3		396080
222089024	65555923	2	390	21(b)	1	166939635	30	N	3		9426
222089025	65555923	3	396	17(c)	1	166939635	29	N	3	592W8MV	9202
222089026	65555923	4	393	11	1	166939635	20	N	3		9422
222089027	65555923	5	393	9(a)	1	166939635	20	N	3		9172
222089028	65555923	6	393	11	1	166939635	20	N	3		9422
222089029	65555923	7	393	11	1	166939635	20	N	3		9422
222089030	65555923	8	393	9(a)	2	166939636	20	N	3		9172
222089031	65555923	9	393	75C	2	166939636	23	N	3		2909
222089032	65555928	1	393	11	1	166939644	20	N	3		9423
222089033	65555928	2	393	9(a)	2	166939645	20	N	3		9172
222089034	65555929	1	396	17(c)	1	166939646	29	N	3		9202
222089035	65555930	1	392	2W	1	166939648	47	N	3		385680
222089036	65555932	1	396	3(a)(1)	1	166939651	30	N	3		9203
222089037	65555933	1	390	19B2-BIENNIAL	1	166939653	99	N	3		396411
222089038	65555933	2	390	21(b)	1	166939653	30	N	3		9426
222089039	65555933	3	396	5(b)	1	166939653	30	N	3	H926930F4M	9211
222089040	65555933	4	393	9(a)	1	166939653	20	N	3	H926930FXQ	9182
222089041	65555933	5	393	11	1	166939653	20	N	3		9422
222089042	65555933	6	393	11	1	166939653	20	N	3		9422
222089043	65555933	7	393	11	1	166939653	20	N	3		9422
222089044	65555933	8	393	78	1	166939653	26	N	3	H926930G1J	9347
222089045	65555933	9	393	78	1	166939653	26	N	3		9347
222089046	65555933	10	396	3A1DSYE	1	166939653	30	Y	99	H926930G48	396113
222089047	65555933	11	393	47(e)	1	166939653	15	N	3	H926930G8T	257965
222089048	65555933	12	393	48(a)	1	166939653	16	N	3		392466
222089049	65555933	13	393	47(e)	1	166939653	15	N	3	H926930GLF	257965
222089050	65555933	14	393	75(a)(3)	1	166939653	23	Y	99	H926930H3Z	9334
222089051	65555933	15	393	207(c)	1	166939653	22	Y	99	H926930H7F	9328
222089052	65555933	16	393	207(c)	1	166939653	22	Y	99	H926930ACQ	9328
222089053	65555933	17	393	47(e)	1	166939653	15	N	3	H926930HKG	257965
222089054	65555933	18	393	47(e)	1	166939653	15	N	3	H926930HNQ	257965
222089055	65555933	19	393	11	1	166939653	20	N	3		9422
222089056	65555933	20	393	11	1	166939653	20	N	3		9422
222089057	65555933	21	393	9(a)	1	166939653	20	Y	99	H926930J35	283327
222089058	65555933	22	393	9(a)	1	166939653	20	Y	99	H926930J35	283327
222089059	65555933	23	393	9(a)	1	166939653	20	Y	99	H926930JCW	396450
222089060	65555933	24	393	9(a)	1	166939653	20	N	3		9172
222089061	65555933	26	396	9(d)(2)	1	166939653	30	N	3		9214
222089062	65555933	25	396	3(a)(1)	1	166939653	15	Y	99		383183
222089063	65555934	1	392	2	1	166939654	14	N	3		8496
222089064	65555935	1	390	19B2-BIENNIAL	1	166939655	99	N	3		396411
222089065	65555935	2	390	21(b)	1	166939655	30	N	3		9426
222089066	65555935	3	393	55(d)(1)	1	166939655	16	N	3		9302
222089067	65555935	4	393	209(e)	1	166939655	21	N	3		9267
222089068	65555935	5	392	2RG	2	166939656	30	N	3		385705
222089069	65555935	6	393	55(e)	2	166939656	16	N	3		9305
222089070	65555935	7	393	9(a)	2	166939656	20	N	3		9172
222089071	65555936	1	393	100(a)	1	166939657	25	Y	99		9417
222089072	65555936	2	393	9(a)	1	166939657	20	N	3		9182
222089073	65555936	3	392	2IRP	1	166939657	30	N	3		385701
222089074	65555937	1	392	2W	1	166939658	47	N	3		385680
222089075	65555937	2	393	203	1	166939658	30	N	3		9450
222089076	65555937	3	393	75C	2	166939659	23	N	3		2909
222089077	65555937	4	393	75C	2	166939659	23	N	3		2909
222089078	65555937	5	393	207(a)	2	166939659	22	Y	99		9459
222089079	65555938	1	395	8(f)(1)	D		3	N	3		9197
222089080	65555938	2	396	3(a)(1)	1	166939660	30	Y	1		9203
222089081	65555939	1	392	2W	1	166939661	47	N	3	9930QCX	385680
222089082	65555942	1	392	2W	1	166939667	47	N	3		385680
222089083	65555945	1	392	2	D		14	N	3		8496
222089084	65555945	2	395	8	D		7	N	3		9194
222089085	65555946	1	392	2	1	166939673	14	N	3		8496
222089086	65555946	2	395	8E	D		2	Y	3		253692
222089087	65555948	1	393	9(a)	1	166939675	20	N	3		9172
222089088	65555951	1	393	55(e)	2	166939680	16	N	3		9305
222089089	65555952	1	395	8(a)	D		3	Y	3		254677
222089090	65555956	1	393	55(c)(1)	1	166939689	16	N	3		9300
222089091	65555956	2	396	9(d)(2)	1	166939689	30	N	3		9214
222089092	65555956	3	396	17(c)	2	166939690	29	N	3		9202
222089093	65555957	1	393	128	1	166939691	25	Y	1	H9299307KD	3554
222089094	65555957	2	393	9(a)	1	166939691	20	N	3		9182
222089095	65555957	3	393	75B	1	166939691	23	N	3	H92993089V	254322
222089096	65555957	4	393	81	1	166939691	30	N	3	H9299308KJ	9350
222089097	65555957	5	393	9(a)	1	166939691	20	N	3		9172
222089098	65555957	6	396	9(d)(2)	1	166939691	30	N	3		9214
222089099	65555957	7	392	2MI	1	166939691	14	N	3	H9299309CF	385703
222089100	65555957	8	392	2	1	166939691	14	N	3	H9299308WB	8496
222089101	65555958	1	383	23(a)(2)	D		14	Y	3	H929930F4F	9547
222089102	65555958	2	396	17(c)	1	166939692	29	N	3	H929930G2M	9202
222089103	65555958	3	393	9(a)	1	166939692	20	N	3		9182
222089104	65555958	4	393	9(a)	1	166939692	20	N	3		9172
222089105	65555958	5	392	2WC	1	166939692	30	N	3		385707
222089106	65555958	6	396	17(c)	2	166939693	29	N	3	H929930FRS	9202
222089107	65555959	1	393	78	1	166939694	26	N	3		9347
222089108	65555960	1	392	2RG	1	166939695	30	N	3	092ZRTP	385705
222089109	65555960	2	393	55(d)(1)	1	166939695	16	N	3		9302
222089110	65555960	3	396	3(a)(1)	1	166939695	16	Y	99		9208
222089111	65555960	4	392	2RG	1	166939695	30	N	3		385705
222089112	65555960	5	392	2W	1	166939695	47	N	3	092ZS00	385680
222089113	65555960	6	392	2W	1	166939695	47	N	3		385680
222089114	65555960	7	392	2W	1	166939695	47	N	3	092ZR7N	385680
222089115	65555960	8	392	2W	1	166939695	47	N	3		385680
222089116	65555960	9	392	2W	1	166939695	47	N	3		385680
222089117	65555960	10	393	55(d)(2)	1	166939695	16	N	3		9303
222089118	65555960	11	393	11	2	166939696	20	N	3		9423
222089119	65555960	12	393	207(f)	2	166939696	22	Y	99		9263
222089120	65555960	13	393	55(e)	2	166939696	16	N	3		9305
222089121	65555960	14	393	55(e)	2	166939696	16	N	3		9305
222089122	65555960	15	393	207(a)	2	166939696	22	N	3		9459
222089123	65555960	16	393	75(f)	1	166939695	23	Y	99		9340
222089124	65555960	17	393	75(f)	2	166939696	23	Y	99	092ZSBJ	9340
222089125	65555960	18	393	48(a)	2	166939696	16	Y	99		392466
222089126	65555961	1	395	8	D		7	N	3		9194
222089127	65555961	2	392	2W	1	166939697	47	N	3		385680
222089128	65555961	3	392	2	1	166939697	47	N	3	192ZLN2	390241
222089129	65555961	4	393	45(b)(2)	2	166939698	16	N	3		392460
222089130	65555961	5	393	25(f)	2	166939698	20	Y	99		9271
222089131	65555962	1	395	3(a)(3)-PROP	D		4	N	3		393841
222089132	65555962	2	395	3(a)(3)-PROP	D		4	N	3		393841
222089133	65555962	3	395	8K2	D		3	Y	99		9198
222089134	65555962	4	396	3(a)(1)	1	166939699	30	Y	99		9203
222089135	65555963	2	392	2	1	166939701	47	N	3	1930BG9	390241
222089136	65555963	3	392	2	1	166939701	47	N	3		390241
222089137	65555963	4	392	2	1	166939701	47	N	3		390266
222089138	65555963	5	393	75(a)(3)	2	166939702	23	Y	99		9334
222089139	65555963	1	393	55(d)(2)	1	166939701	16	N	3		9303
222089140	65555966	1	392	2W	1	166939707	47	N	3	59303ZN	385680
222089141	65555968	1	396	17(c)	1	166939710	29	N	3		9202
222089142	65555968	2	392	2	1	166939710	14	N	3		8496
222089143	65555969	1	396	3(a)(1)	1	166939712	16	Y	99		9208
222089144	65555973	1	390	21(b)	1	166939719	30	N	3		9426
222089145	65555973	2	392	2FT	1	166939719	14	N	3		385699
222089146	65555975	1	396	3(a)(1)	1	166939722	30	Y	99		9203
222089147	65555975	2	393	45(d)	1	166939722	16	N	3		392462
222089148	65555975	3	393	9(a)	1	166939722	20	N	3		9172
222089149	65555975	4	393	75(a)(3)	2	166939723	23	Y	99		9334
222089150	65555976	1	393	9(a)	1	166939724	20	N	3		9182
222089151	65555976	2	393	75B-OOS	2	166939725	99	N	3		396409
222089152	65555977	1	396	3(a)(1)	1	166939726	30	Y	99		9203
222089153	65555977	2	393	9(a)	1	166939726	20	Y	99		9172
222089154	65555977	3	393	83(h)	1	166939726	27	N	3		9358
222089155	65555978	1	392	9b(a)	1	166939727	30	Y	99		396081
222089156	65555978	2	396	3(a)(1)	1	166939727	30	Y	99		9203
222089157	65555979	1	393	130	1	166939728	25	Y	99		3556
222089158	65555979	2	393	134(b)(3)	1	166939728	25	Y	99		256386
222089189	65555992	1	395	15G02	1	166939747	7	N	3		396190
222089190	65555992	2	383	71(h)	D		14	N	3		396336
222089191	65555997	1	395	8E	D		2	Y	3		253692
222089192	65555997	2	395	3(a)(3)-PROP	D		4	N	3		393841
222089193	65555997	3	395	15G01	D		7	N	3		396254
222089194	65555997	4	395	15G02	D		7	N	3		396190
222089195	65555997	5	392	2FT	1	166939757	14	N	3		385699
222089200	65556002	1	392	2RG	1	166939769	30	N	3		385705
222089201	65556003	1	392	16	D		11	N	3		9386
222089202	65556003	2	392	2W	1	166939770	47	N	3		385680
222089203	65556003	3	392	2FT	1	166939770	14	N	3		385699
222089204	65556003	4	392	2IRP	1	166939770	30	N	3		385701
222089205	65556004	1	395	8K2	D		3	Y	99		9198
222089206	65556004	2	390	21(b)	1	166939771	30	N	3		9426
222089207	65556004	3	392	2WC	1	166939771	30	N	1		385707
222089208	65556004	4	393	95(f)	1	166939771	28	N	3		9180
222089209	65556005	1	392	2W	1	166939772	47	N	3		385680
222089210	65556005	2	393	9(a)	2	166939773	20	N	3		9172
222089211	65556009	1	392	9b(a)	1	166939780	30	N	3		396080
222089212	65556009	2	390	21(b)	1	166939780	30	N	3		9426
222089213	65556009	3	395	8(a)	D		3	Y	99		254677
222089214	65556009	4	392	2	D		14	N	3		8496
222089215	65556010	1	390	19	1	166939782	30	N	3		68237
222089216	65556010	2	395	8(a)	D		3	Y	99		254677
222089217	65556010	3	392	2	D		14	N	3		8496
222089218	65556013	1	391	11(b)(5)-DNL	D		14	Y	3	H9269310B1	393827
222089219	65556013	2	391	41(a)-F	1	166939788	1	N	3		393832
222089220	65556013	3	392	9b(a)	1	166939788	30	N	3		396447
222089221	65556013	4	390	21(b)	1	166939788	30	N	3		9426
222089222	65556013	5	393	95(a)	1	166939788	28	N	3		9178
222089223	65556013	6	393	95(f)	1	166939788	28	N	3		9180
222089224	65556013	7	393	41	1	166939788	16	Y	99		9278
222089225	65556013	8	393	81	1	166939788	30	N	3		9350
222089226	65556013	9	177	834(a)	1	166939788	34	Y	99		9639
222089227	65556013	10	177	817A	1	166939788	31	Y	99		3075
222089228	65556013	11	392	2RG	2	166939789	30	N	3	H9269311HG	385705
222089229	65556013	12	393	43	2	166939789	16	Y	99		9279
222089230	65556013	13	396	17(c)	2	166939789	29	N	3	H9269311QL	9202
222089231	65556013	14	393	9(a)	2	166939789	20	N	3		9172
222089232	65556015	1	393	41	1	166939792	16	Y	99		9278
222089233	65556015	2	393	9(a)	1	166939792	20	N	3		9172
222089234	65556016	1	392	16	D		11	N	3		9386
222089235	65556017	1	390	21(a)	1	166939794	30	N	3	NCPD	9566
222089236	65556017	3	393	9(a)	1	166939794	20	N	3	NCPD	9172
222089237	65556017	4	393	95(b)	1	166939794	28	N	3	NCPD	257980
222089238	65556017	5	393	41	1	166939794	16	Y	99	NCPD	9278
222089239	65556017	6	390	19B2-BIENNIAL	1	166939794	99	N	3	NCPD	396411
222089240	65556018	1	392	2IN	1	166939795	30	N	3	NCPD	385700
222089241	65556018	2	392	2AU	1	166939795	30	N	3	NCPD	385695
222089242	65556018	3	393	95(b)	1	166939795	28	N	3	NCPD	257980
222089243	65556019	1	390	21(b)	1	166939796	30	N	3	NCPD	9426
222089244	65556019	2	390	21(a)	1	166939796	30	N	3	NCPD	9566
222089245	65556019	3	393	78	1	166939796	26	N	3	NCPD	9347
222089246	65556019	4	393	55(b)	1	166939796	16	N	3	NCPD	9299
222089247	65556019	5	393	95(f)	1	166939796	28	N	3	NCPD	9180
222089248	65556019	6	393	43	2	166939797	16	Y	99	NCPD	9279
222089249	65556019	7	393	41	1	166939796	16	Y	99	NCPD	9278
222089250	65556019	8	396	17(c)	1	166939796	29	N	3	NCPD	9202
222089251	65556020	1	393	9(a)	1	166939798	20	N	3	NCPD	9172
222089252	65556020	2	393	9(a)	1	166939798	20	N	3	NCPD	9172
222089253	65556020	3	393	9(a)	1	166939798	20	N	3	NCPD	9172
222089254	65556020	4	393	9(a)	1	166939798	20	N	3	NCPD	9172
222089255	65556020	5	393	9(a)	1	166939798	20	N	3	NCPD	9172
222089256	65556020	6	393	75(a)(1)	1	166939798	23	N	3	NCPD	9332
222089257	65556020	7	393	75C-OOS	1	166939798	99	Y	99	NCPD	396408
222089258	65556021	1	393	30	1	166939799	30	N	3		9274
222089259	65556022	1	393	9(a)	1	166939800	20	N	3		9172
222089281	65556032	1	392	2DIM	2	166939815	30	N	3		385697
222089282	65556032	2	392	2W	1	166939814	47	N	3		385680
222089283	65556035	1	393	78	1	166939819	26	N	3		9347
222089284	65556040	1	390	21(e)	1	166939827	30	N	3		9369
222089285	65556044	1	396	17(c)	2	166939836	29	N	3		9202
222089286	65556047	1	393	55(d)(3)	1	166939841	16	N	3		9304
222089287	65556048	1	392	2	D		14	N	3		8496
222089288	65556048	2	391	41(a)	D		1	N	3		9377
222089289	65556048	3	395	8(a)	D		3	Y	99		254677
222089290	65556048	4	396	17(c)	1	166939843	29	N	3	292ZWBJ	9202
222089291	65556048	5	390	19	1	166939843	30	N	3		68237
222089292	65556048	6	392	2	1	166939843	30	N	3		379214
222089293	65556049	1	392	2W	1	166939844	47	N	3		385680
222089294	65556050	1	392	2	D		14	N	3		8496
222089295	65556050	2	391	41(a)	D		1	N	3		9377
222089296	65556055	1	383	23(a)(2)	D		14	Y	99		9547
222089297	65556055	2	391	45(b)	D		1	N	3	1930MBW	8487
222089298	65556055	3	396	17(c)	1	166939855	29	N	3	1930LRH	9202
222089299	65556055	4	392	2W	1	166939855	47	N	3		385680
222089300	65556055	5	390	19	1	166939855	30	N	3		68237
222089301	65556055	6	392	2RG	2	166939856	30	N	3		385705
222089302	65556055	7	396	17(c)	2	166939856	29	N	3		9202
222089303	65556056	1	392	2W	1	166939857	47	N	3	5930C25	385680
222089304	65556056	2	392	2MI	1	166939857	14	N	3		385703
222089305	65556056	3	392	2MI	2	166939858	14	N	3		385703
222089306	65556056	4	396	17(c)	1	166939857	29	N	3		9202
222089307	65556057	1	390	21(b)	1	166939859	30	N	3		9426
222089308	65556057	2	391	41(a)	D		1	Y	99		9377
222089309	65556058	1	393	100(a)	2	166939861	25	Y	1	8930B4D	9417
222089310	65556058	2	393	100(a)	2	166939861	25	Y	1		9417
222089311	65556058	3	383	91(a)	D		14	Y	99		9552
222089312	65556058	4	392	2W	1	166939860	47	N	3		385680
222089313	65556058	5	393	9(a)	1	166939860	20	N	3		9172
222089314	65556058	6	393	9(a)	2	166939861	20	N	3		9172
222089315	65556058	7	392	2IN	D		30	N	3		385700
222089316	65556058	8	392	2RG	2	166939861	30	N	3		385705
222089317	65556060	1	393	9(a)	1	166939863	20	N	3		9172
222089318	65556060	2	393	9(a)	1	166939863	20	N	3		9172
222089319	65556060	3	393	9(a)	1	166939863	20	N	3		9172
222089320	65556060	4	392	2	1	166939863	14	N	3	H92993111T	8496
222089321	65556060	5	393	75C-OOS	1	166939863	99	Y	99	H9299310FK	396408
222089322	65556060	6	391	41(a)-F	D		1	N	3		393832
222089323	65556061	1	390	21(a)	1	166939864	30	N	3	NCPD	9566
222089324	65556061	2	390	19B2-BIENNIAL	1	166939864	99	N	3	NCPD	396411
222089325	65556062	1	392	2	1	166939865	14	N	3	NCPD	8496
222089326	65556062	2	396	3(a)(1)	1	166939865	16	Y	99	NCPD	9204
222089327	65556062	3	393	48(a)	1	166939865	16	Y	99	NCPD	9288
222089328	65556062	4	393	47(e)	1	166939865	15	N	3	NCPD	257965
222089329	65556062	5	390	19B2-BIENNIAL	1	166939865	99	N	3	NCPD	396411
222089330	65556062	6	396	3(a)(1)	1	166939865	16	Y	99	NCPD	9208
222089331	65556062	7	396	3(a)(1)	1	166939865	15	Y	99	NCPD	383183
222089332	65556063	1	392	2RG	1	166939866	30	N	3		385705
222089333	65556063	2	392	2RG	1	166939866	30	N	3		385705
222089334	65556063	3	393	95(a)	1	166939866	28	N	3		9178
222089335	65556063	4	390	21(b)	1	166939866	30	N	3		9426
222089336	65556065	1	393	62(e)	1	166939868	30	N	3		257973
222089337	65556067	1	376	11(d)(1)	D		14	N	3		396114
222089338	65556068	1	393	45UV	2	166939872	16	N	3		392458
222089339	65556069	1	396	3(a)(1)	1	166939873	30	N	3		9203
222089340	65556069	2	392	2RG	1	166939873	30	N	3		385705
222089341	65556069	3	393	9(a)	1	166939873	20	N	3		9172
222089342	65556070	1	392	2RG	1	166939874	30	N	3		385705
222089345	65556072	1	393	47(e)	1	166939878	15	N	3		257965
222089346	65556072	2	393	47(e)	1	166939878	15	N	3		257965
222089347	65556072	3	396	3(a)(1)	1	166939878	15	Y	99		383183
222089348	65556072	4	393	9(a)	1	166939878	20	Y	99		283327
222089349	65556072	5	393	75(a)(3)	1	166939878	23	Y	99		9334
222089350	65556072	6	393	45(b)(2)	1	166939878	16	N	3		392460
222089351	65556072	7	392	2WC	1	166939878	30	N	3		385707
222089352	65556072	8	393	95(a)	1	166939878	28	N	3		9178
222089353	65556072	9	393	78	1	166939878	26	N	3		9347
222089354	65556072	10	393	9(a)	1	166939878	20	N	3		9172
222089355	65556072	11	393	53(b)	1	166939878	16	N	3		385681
222089356	65556074	1	393	55(d)(1)	1	166939881	16	N	3		9302
222089357	65556074	2	393	55(d)(2)	1	166939881	16	N	3		9303
222089358	65556074	3	392	2W	1	166939881	47	N	3		385680
222089359	65556075	1	393	11	1	166939883	20	N	3		9430
222089360	65556076	1	392	2W	1	166939885	47	N	3		385680
222089361	65556077	1	392	2W	1	166939886	47	N	3		385680
222089362	65556077	2	393	86(a)(3)	2	166939887	30	N	3		9362
222089363	65556078	1	392	2IRP	1	166939888	30	N	3		385701
222089364	65556078	2	392	2RG	2	166939889	30	N	3		385705
222089365	65556079	1	395	8(a)(1)	D		3	Y	3		396452
222089366	65556081	1	395	15G01	1	166939893	7	N	3		396254
222089367	65556081	2	395	15G02	1	166939893	7	N	3		396190
222089368	65556081	3	395	3(a)(3)(ii)	D		7	N	3		395654
222089369	65556081	4	395	3(a)(3)(ii)	D		7	N	3		395654
222089370	65556089	1	392	2	1	166939907	14	N	3		8496
222089371	65556089	2	392	2	1	166939907	14	N	3		8496
222089372	65556089	3	390	21(b)	1	166939907	30	N	3		9426
222089373	65556090	1	392	2W	1	166939908	47	N	3		385680
222089374	65556090	2	390	21(b)	1	166939908	30	N	3		9426
222089375	65556092	1	392	2W	1	166939911	47	N	3		385680
222089376	65556092	2	390	19	1	166939911	30	N	3		68237
222089377	65556092	3	395	8K2	D		3	Y	99		9198
222089378	65556092	4	395	8(a)	D		3	Y	99	1930M73	254677
222089379	65556093	1	392	2MI	D		14	N	3		385703
222089380	65556093	2	385	301(a)	1	166939912	30	N	3	69301W1	380720
222089381	65556093	3	392	9b(a)	1	166939912	30	Y	4	69302B7	396080
222089382	65556093	4	392	2MI	D		14	N	3	69302F8	385703
222089383	65556094	1	392	2-SLLS4	D		45	N	3	ABD8051816	390240
222089384	65556096	1	393	11	1	166939916	20	N	3		9422
222089385	65556097	1	396	17(c)	1	166939917	29	N	3	NCPD	9202
222089386	65556097	2	392	2	1	166939917	14	N	3	NCPD	8496
222089387	65556097	3	393	78	1	166939917	26	N	3	NCPD	9347
222089388	65556097	4	393	9(a)	1	166939917	20	N	3	NCPD	9172
222089389	65556097	5	393	9(a)	1	166939917	20	N	3	NCPD	9172
222089390	65556097	6	393	9(a)	1	166939917	20	N	3	NCPD	9172
222089403	65556099	1	392	2	1	166939919	14	N	3	NCPD	8496
222089404	65556099	2	393	78	1	166939919	26	N	3	NCPD	9347
222089405	65556099	3	393	9(a)	1	166939919	20	N	3	NCPD	9172
222089406	65556099	4	393	201(b)	1	166939919	19	N	3	NCPD	9446
222089407	65556099	5	393	207(a)	1	166939919	22	Y	99	NCPD	9459
222089408	65556100	1	391	11(b)(5)-DEN	D		14	Y	3	H930931073	393826
222089409	65556100	2	390	21(b)	1	166939920	30	N	3		9426
222089410	65556100	3	393	41	1	166939920	16	Y	99		9278
222089411	65556100	4	393	95(a)	1	166939920	28	N	3		9178
222089412	65556100	5	393	95(f)	1	166939920	28	N	3		9180
222089413	65556100	6	393	78	1	166939920	26	N	3		9347
222089414	65556100	7	393	9(a)	1	166939920	20	N	3		9182
222089415	65556100	8	393	9(a)	1	166939920	20	N	3		9172
222089416	65556100	9	393	9(a)	1	166939920	20	N	3		9172
222089417	65556100	10	393	9(a)	1	166939920	20	N	3		9172
222089418	65556100	11	393	9(a)	1	166939920	20	Y	99		396450
222089419	65556100	12	393	9(a)	1	166939920	20	N	3		9172
222089424	65556107	1	392	2	1	166939929	14	N	3		8496
222089425	65556108	1	393	9(a)	1	166939931	20	N	3		9182
222089426	65556109	1	392	2W	1	166939932	47	N	3		385680
222089427	65556110	1	393	9(a)	1	166939933	20	N	3		9172
222089428	65556110	2	393	9(a)	1	166939933	20	N	3		9183
222089429	65556113	1	393	11	1	166939936	20	N	3		9428
222089430	65556113	2	393	11	1	166939936	20	N	3		9422
222089431	65556113	3	393	9(a)	1	166939936	20	N	3		9172
222089432	65556114	1	393	78	1	166939938	26	N	3		9347
222089433	65556115	1	391	41(a)	D		1	N	3	2930RMN	9377
222089434	65556115	2	392	2W	1	166939939	47	N	3		385680
222089435	65556117	1	395	15G02	1	166939942	7	N	3		396190
222089436	65556118	1	387	7(f)	1	166939944	14	N	3		9565
222089437	65556123	1	392	2	2	166939954	14	N	3		8496
222089438	65556124	1	393	45UV	3	166939955	16	Y	99		392458
222089439	65556124	2	392	2RG	3	166939955	30	N	3		385705
222089440	65556125	1	393	67	1	166939958	18	N	3		9319
222089441	65556125	2	393	207(f)	1	166939958	22	N	3		9263
222089442	65556126	1	396	5(b)	1	166939959	30	N	3		9211
222089443	65556128	1	392	2W	1	166939961	47	N	3		385680
222089444	65556128	2	392	2	1	166939961	14	N	3		8496
222089445	65556128	3	392	2W	1	166939961	47	N	3		385680
222089446	65556128	4	392	2	2	166939962	47	N	3		390266
222089447	65556128	5	392	2	2	166939962	47	N	3		390266
222089448	65556129	1	393	100(a)	1	166939963	25	Y	99	4427870735	9417
222089449	65556129	2	392	2	1	166939963	14	N	3	4427870752	8496
222089450	65556129	3	392	2W	1	166939963	47	N	3	ABD8051842	385680
222089451	65556129	4	392	2W	1	166939963	47	N	3	ABD8051853	385680
222089452	65556129	5	392	2	1	166939963	47	N	3	4427870749	390266
222089453	65556130	1	393	100(a)	1	166939964	25	Y	99	4427870766	9417
222089454	65556130	2	393	60(d)	1	166939964	26	N	3	ABD8051886	9308
222089455	65556130	3	393	75G-LOAD	1	166939964	23	Y	99	4427870770	396403
222089456	65556130	4	393	75G-LOAD	1	166939964	23	Y	99	4427870783	396403
222089457	65556130	5	392	2W	1	166939964	47	N	3	ABD8051864	385680
222089458	65556130	6	392	2W	1	166939964	47	N	3	ABD8051875	385680
222089459	65556130	7	392	2	1	166939964	47	N	3	4427870797	390266
222089460	65556131	1	393	75C-OOS	2	166939966	99	Y	99	4427870805	396408
222089461	65556131	2	392	2RG	2	166939966	30	N	3	ABD8051890	385705
222089462	65556131	3	392	2RG	1	166939965	30	N	3	4427870819	385705
222089463	65556131	4	392	2	1	166939965	30	N	3	4427870822	379214
222089464	65556131	5	392	2MI	1	166939965	14	N	3	4427870836	385703
222089465	65556132	1	391	11(b)(5)-DNL	D		14	Y	3	NCPD	393827
222089466	65556132	2	391	41(a)-F	D		1	N	3	NCPD	393832
222089467	65556132	3	390	21(b)	1	166939967	30	N	3	NCPD	9426
222089468	65556132	4	393	100(b)	1	166939967	25	Y	99	NCPD	254958
222089469	65556132	5	392	2IRP	1	166939967	30	N	3	NCPD	385701
222089470	65556132	6	393	95(a)	1	166939967	28	N	3	NCPD	9178
222089471	65556132	7	393	95(b)	1	166939967	28	N	3	NCPD	257980
222089472	65556132	8	393	95(f)	1	166939967	28	N	3	NCPD	9180
222089473	65556132	9	393	205(c)	1	166939967	24	N	3	NCPD	9458
222089474	65556132	10	392	2IRP	1	166939967	30	N	3	NCPD	385701
222089475	65556132	11	392	2IN	1	166939967	30	N	3	NCPD	385700
222089476	65556132	12	393	41	1	166939967	16	Y	99	NCPD	9278
222089477	65556132	13	393	11	1	166939967	20	N	3	NCPD	9422
222089478	65556132	14	393	70(d)(8)	2	166939968	17	N	3	NCPD	257975
222089479	65556132	15	393	100(b)	2	166939968	25	Y	2	NCPD	254958
222089480	65556132	16	393	128	2	166939968	25	Y	2	NCPD	3554
222089481	65556132	17	393	70(c)	2	166939968	17	Y	2	NCPD	9326
222089482	65556132	18	392	2IRP	2	166939968	30	N	3	NCPD	385701
222089483	65556132	19	396	17(c)	2	166939968	29	N	3	NCPD	9202
222089487	65556134	1	393	95(a)	1	166939970	28	N	3	NCPD	9178
222089488	65556134	2	393	78	1	166939970	26	N	3	NCPD	9347
222089489	65556134	3	392	2RG	1	166939970	30	N	3	NCPD	385705
222089490	65556135	1	393	95(b)	1	166939972	28	N	3	4446424710	257980
222089491	65556135	2	393	9(a)	1	166939972	20	N	3	4446424706	9172
222089492	65556135	3	393	9(a)	1	166939972	20	Y	99	24698	283327
222089493	65556135	4	393	9(a)	1	166939972	20	Y	99	24667	283327
222089494	65556135	5	393	9(a)	1	166939972	20	N	3	24653	9172
222089495	65556135	6	393	9(a)	1	166939972	20	N	3	24640	9172
222089496	65556135	7	396	5(b)	1	166939972	30	N	3	24636	9211
222089497	65556135	8	393	9(a)	1	166939972	20	Y	99		9172
222089498	65556136	1	393	9(a)	1	166939973	20	N	3		9172
222089499	65556140	1	393	9(a)	2	166939982	20	N	3		9172
222089500	65556140	2	393	9(a)	2	166939982	20	N	3		9172
222089501	65556141	1	393	45(b)(2)	1	166939983	16	N	3		392461
222089502	65556144	2	395	15G	D		7	N	3		9188
222089503	65556144	1	392	2W	1	166939988	47	N	3		385680
222089504	65556145	1	390	21(b)	1	166939990	30	N	3	49300BO	9426
222089505	65556146	1	395	15G	D		7	N	3		9188
222089506	65556146	2	393	9(a)	1	166939991	20	N	3		9183
222089507	65556146	3	393	9(a)	1	166939991	20	N	3		9172
222089508	65556146	4	393	11	1	166939991	20	N	3		9428
222089509	65556146	5	393	55(c)(1)	1	166939991	16	N	3		9300
222089510	65556146	6	393	55(d)(2)	1	166939991	16	N	3		9303
222089511	65556146	7	393	45(b)(2)	1	166939991	16	N	3		257958
222089512	65556146	8	393	55(d)(3)	2	166939992	16	N	3		9304
222089513	65556147	1	393	9(a)	1	166939993	20	N	3		9182
222089525	65556155	1	393	75(a)(3)	2	166940007	23	Y	99		9334
222089526	65556157	1	390	21(b)	1	166940009	30	N	3		9426
222089527	65556160	1	393	45(d)	1	166940013	16	N	3		392463
222089528	65556160	2	393	201(a)	2	166940014	19	N	3		9445
222089529	65556161	1	396	17(c)	1	166940015	29	N	3		9202
222089530	65556161	2	396	9(d)(2)	1	166940015	30	N	3		9214
222089531	65556162	1	390	21(a)	1	166940016	30	N	3	NCPD	9566
222089532	65556162	2	392	2FT	1	166940016	14	N	3	NCPD	385699
222089533	65556162	3	392	2RG	1	166940016	30	N	3	NCPD	385705
222089534	65556162	4	393	9(a)	1	166940016	20	N	3	NCPD	9172
222089535	65556162	5	392	2IN	1	166940016	30	N	3	NCPD	385700
222089536	65556162	6	392	2MI	2	166940017	14	N	3	NCPD	385703
222089537	65556162	7	393	9(a)	2	166940017	20	N	3	NCPD	9172
222089538	65556162	8	393	100(a)	2	166940017	25	Y	1	NCPD	9417
222089539	65556162	9	393	43	2	166940017	16	Y	1	NCPD	9279
222089540	65556162	10	392	2RG	2	166940017	30	N	3	NCPD	385705
222089541	65556162	11	393	11	2	166940017	20	N	3	NCPD	9422
222089542	65556163	1	392	2FT	1	166940018	14	N	3		385699
222089543	65556163	2	393	11	1	166940018	20	N	3		9422
222089544	65556163	3	393	9(a)	1	166940018	20	N	3		9172
222089545	65556163	4	393	45(b)(2)	1	166940018	16	N	3		257958
222089546	65556164	1	390	19B2-BIENNIAL	1	166940019	99	N	3	NCPD	396411
222089547	65556164	2	390	21(b)	1	166940019	30	N	3	NCPD	9426
222089548	65556164	3	393	55(c)(2)	1	166940019	16	N	3	NCPD	9301
222089549	65556164	4	393	9(a)	1	166940019	20	N	3	NCPD	9172
222089550	65556164	5	393	110	1	166940019	25	Y	99	NCPD	3536
222089551	65556164	6	396	3(a)(1)	1	166940019	16	N	3	NCPD	9204
222089552	65556164	7	396	3(a)(1)	1	166940019	16	Y	99	NCPD	9208
222089561	65556166	1	393	102(a)(1)(ii)	1	166940021	25	Y	1	4446424810	385710
222089562	65556166	2	396	5(b)	1	166940021	30	N	3	4838	9211
222089563	65556166	3	393	9(a)	1	166940021	20	N	3	4841	9172
222089564	65556166	4	393	41	1	166940021	16	Y	99	4869	9278
222089565	65556166	5	392	2	1	166940021	14	N	3	4872	8496
222089566	65556166	6	393	28	1	166940021	30	N	3	4886	9273
222089567	65556167	1	393	9(a)	1	166940022	20	N	3	4446424799	9172
222089568	65556167	2	396	5(b)	1	166940022	30	N	3	4785	9211
222089569	65556167	3	172	516(c)(2)	1	166940022	32	N	3	4771	9573
222089570	65556174	1	392	2W	1	166940033	47	N	3		385680
222089571	65556175	1	393	11	1	166940034	20	N	3		9428
222089572	65556177	1	393	9(a)	1	166940037	20	N	3		9183
222089573	65556177	2	396	3(a)(1)	1	166940037	30	N	3		9203
222089574	65556177	3	392	2DIM	2	166940038	30	N	3		385697
222089575	65556177	4	393	130(c)	2	166940038	25	Y	1		256308
222089576	65556179	1	393	95(a)	1	166940040	28	N	3		9178
222089577	65556179	2	393	55(d)(1)	1	166940040	16	N	3		9302
222089578	65556182	1	393	55(d)(1)	1	166940043	16	N	3		9302
222089579	65556182	2	393	207(a)	1	166940043	22	N	3		9459
222089580	65556182	3	393	75C	2	166940044	23	N	3		2909
222089581	65556183	1	393	83(g)	1	166940045	27	N	3		8497
222089582	65556183	2	393	45(d)	1	166940045	16	Y	99		392463
222089583	65556183	3	393	75(a)(3)	2	166940046	23	Y	99		9334
222089584	65556184	1	396	17(c)	2	166940048	29	N	3		9202
222089585	65556184	2	393	9(a)	2	166940048	20	Y	99		396450
222089831	65556252	1	390	21(b)	1	166940213	30	N	3		9426
222089832	65556252	2	390	21(a)	1	166940213	30	N	3		9566
222089833	65556252	3	393	95(a)	1	166940213	28	N	3		9178
222089834	65556252	4	393	9(a)	1	166940213	20	N	3		9182
222089835	65556252	5	393	78	1	166940213	26	N	3		9347
222089840	65556260	1	393	78	1	166940225	26	N	3		9347
222089848	65556271	1	392	16B	D		11	N	3	WARN	396396
222089856	65556278	1	391	41(a)-F	D		1	N	3		393832
222089862	65556296	1	395	3(a)(3)-PROP	D		4	N	3		393841
222089869	65556307	1	393	9(a)	2	166940290	20	Y	99		9183
222089870	65556307	2	393	9(a)	2	166940290	20	N	3		9172
222089871	65556308	1	392	2-SLLS2	D		45	N	3	WARNING	390247
222089882	65556326	1	393	9(a)	1	166940321	20	N	3	WARNING	9172
222089894	65556348	1	392	2	D		47	N	3		390241
