CRASH_EVENT_ID	CRASH_ID	SEQ_NO	EVENT_ID	EVENT_OTHER_DESC
6252215	3743784	1	13	
6252216	3743785	1	13	
6252217	3743786	1	1	
6252218	3743786	2	2	
6252219	3743787	1	8	
6252220	3743787	2	1	
6252221	3743787	3	1	
6252222	3743788	1	2	
6252223	3743789	1	13	
6252224	3743790	1	13	
6252225	3743791	1	13	
6252226	3743792	1	13	
6252227	3743793	1	13	
6252228	3743794	1	13	
6252229	3743795	1	13	
6252230	3743796	1	13	
6252231	3743797	1	13	
6252233	3743799	1	13	
6252234	3743800	1	13	
6252235	3743801	1	2	
6252236	3743801	2	13	
6252237	3743802	1	13	
6252238	3743803	1	13	
6252239	3743804	1	14	
6252240	3743805	1	13	
6252241	3743806	1	13	
6252242	3743807	1	13	
6252243	3743808	1	13	
6252244	3743809	1	8	
6252245	3743809	2	5	
6252246	3743809	3	3	
6252247	3743810	1	18	
6252248	3743811	1	13	
6252249	3743811	2	13	
6252250	3743812	1	13	
6252251	3743813	1	13	
6252252	3743814	1	13	
6252253	3743815	1	13	
6252254	3743816	1	13	
6252255	3743817	1	13	
6252256	3743818	1	6	
6252258	3743820	1	13	
6252259	3743821	1	13	
6252260	3743822	1	13	
6252261	3743823	1	3	
6252262	3742190	1	13	
6247695	3741064	1	13	
6247698	3741067	1	13	
6247699	3741068	1	14	
6247700	3741069	1	12	
6247701	3741070	1	98	Right Turn
6247702	3741070	2	13	
6247705	3741072	1	13	
6247706	3741073	1	13	
6247707	3741074	1	13	
6247708	3741075	1	13	
6247709	3741076	1	13	
6247710	3741076	2	2	
6247711	3741077	1	13	
6247712	3741077	2	2	
6247713	3741078	1	13	
6200035	3713832	1	13	
6205301	3716488	4	18	
6205316	3716491	1	13	
6200799	3714317	1	13	
6200801	3714319	1	13	
6200802	3714320	1	13	
6201406	3714575	1	17	
6201407	3714576	1	1	
6201408	3714576	2	3	
6211323	3719966	1	13	
6211324	3719967	1	2	
6211325	3719967	2	1	
6211326	3719967	3	3	
6211327	3719968	1	13	
6211328	3719969	1	13	
6211329	3719970	1	1	
6211330	3719970	2	18	
6211331	3719970	3	10	
6211332	3719970	4	10	
6211333	3719971	1	18	
6211334	3719971	2	8	
6211335	3719971	3	18	
6211336	3719971	4	18	
6211337	3719972	1	13	
6211338	3719972	2	10	
6211339	3719972	3	10	
6211340	3719972	4	10	
6211341	3719973	1	10	
6211342	3719973	2	10	
6211343	3719973	3	10	
6211344	3719973	4	10	
6211345	3719974	1	20	
6211346	3719975	1	1	
6211347	3719975	2	18	
6211348	3719976	1	18	
6211359	3719979	1	1	
6211360	3719979	2	98	GUARDRAIL FACE
6211361	3719979	3	98	UTILITY POLE/LIGHT SUPPORT
6211379	3719984	1	1	
6211380	3719984	2	3	
6211381	3719985	1	9	
6211382	3719985	2	3	
6211590	3719494	1	98	OTHER - EXPLAIN IN NARRATIVE
6211591	3719494	2	1	
6211592	3719494	3	3	
6211593	3719495	1	13	
6211594	3719496	1	13	
6211595	3719498	1	13	
6211596	3719499	1	13	
6211597	3720056	1	1	
6211598	3720056	2	18	
6211599	3719500	1	13	
6211600	3719501	1	1	
6211602	3719504	1	13	
6211603	3719505	1	13	
6211604	3719506	1	13	
6211605	3720057	1	98	DITCH
6211606	3720057	2	2	
6211607	3720057	3	3	
6211608	3719507	1	13	
6211609	3719508	1	13	
6211610	3720058	1	13	
6211611	3720058	2	18	
6211612	3720058	3	13	
6211613	3719509	1	13	
6211614	3720059	1	13	
6211615	3720060	1	13	
6211618	3720061	1	18	
6211619	3720061	2	98	OTHER - EXPLAIN IN NARRATIVE
6211620	3719511	1	1	
6211621	3719512	1	13	
6211622	3719513	1	13	
6211623	3720062	1	13	
6211624	3720063	1	13	
6211625	3720063	2	13	
6211626	3719514	1	13	
6211627	3720064	1	1	
6211628	3720064	2	13	
6211629	3720065	1	13	
6211630	3719515	1	13	
6211631	3719516	1	13	
6211632	3719518	1	98	DITCH
6211633	3719519	1	13	
6211634	3719520	1	98	DITCH
6211635	3719520	2	13	
6211636	3719521	1	2	
6211637	3719521	2	1	
6211638	3719521	3	18	
6211639	3719521	4	18	
6211640	3719522	1	1	
6211641	3719522	2	18	
6211642	3719523	1	13	
6211643	3719525	1	3	
6211644	3720066	1	13	
6211645	3719526	1	13	
6211646	3719526	2	13	
6211219	3719068	1	13	
6211220	3719069	1	13	
6211221	3719947	1	13	
6211222	3719070	1	18	
6211223	3719071	1	13	
6211224	3719948	1	13	
6211225	3719072	1	13	
6211226	3719949	1	13	
6211227	3719949	2	9	
6211228	3719950	1	13	
6211229	3719951	1	13	
6211230	3719073	1	1	
6211231	3719073	2	18	
6211232	3719073	3	18	
6211233	3719074	1	13	
6211234	3719952	1	18	
6211235	3719952	2	2	
6211236	3719953	1	13	
6211448	3718610	1	14	
6211449	3718611	1	13	
6211450	3718611	2	14	
6211451	3718612	1	13	
6211452	3718614	1	13	
6211453	3718615	1	13	
6211456	3718618	1	13	
6211457	3718619	1	1	
6211458	3718619	2	18	
6211459	3718619	3	18	
6211460	3718620	1	1	
6211461	3718620	2	18	
6211462	3718621	1	1	
6211463	3718622	1	1	
6211464	3718622	2	18	
6211465	3718622	3	3	
6211466	3718623	1	13	
6211467	3718624	1	13	
6211468	3718625	1	1	
6211469	3718625	2	18	
6211471	3718627	1	14	
6211472	3718627	2	14	
6211473	3718628	1	13	
6211474	3718628	2	1	
6211475	3718628	3	18	
6211476	3718629	1	13	
6211477	3718630	1	1	
6211478	3718630	2	3	
6211479	3718632	1	18	
6211480	3718633	1	17	
6211482	3718635	1	1	
6211483	3718635	2	18	
6211484	3718636	1	13	
6211485	3720024	1	13	
6211486	3718637	1	13	
6211487	3718638	1	13	
6211488	3718639	1	1	
6211489	3718639	2	2	
6211490	3718640	1	13	
6211491	3718641	1	13	
6211492	3718642	1	9	
6211493	3718642	2	8	
6211494	3718642	3	13	
6211495	3718643	1	13	
6211496	3718644	1	13	
6211497	3718645	1	13	
6211498	3718647	1	1	
6211499	3718647	2	18	
6211500	3718647	3	3	
6211501	3720025	1	13	
6211502	3720026	1	13	
6211503	3720027	1	13	
6211504	3720028	1	13	
6211505	3720029	1	13	
6211506	3720030	1	13	
6211507	3720031	1	13	
6211508	3720032	1	13	
6211509	3720033	1	13	
6211383	3719985	3	1	
6211384	3719985	4	5	
6211385	3719986	1	13	
6211386	3719987	1	13	
6211387	3719988	1	18	
6211388	3719988	2	3	
6211389	3719989	1	98	CABLE BARRIER
6211390	3719990	1	98	CABLE BARRIER
6211391	3719990	2	18	
6211392	3719991	1	98	CROSS CENTERLINE
6211393	3719991	2	2	
6211394	3719991	3	3	
6211395	3719992	1	13	
6211396	3719993	1	13	
6211397	3719994	1	13	
6211398	3719995	1	13	
6211399	3719996	1	98	CONCRETE BARRIER
6211400	3719997	1	13	
6211401	3719998	1	13	
6211402	3719999	1	18	
6211404	3720001	1	20	
6211405	3720002	1	20	
6211408	3720005	1	3	
6211410	3720007	1	20	
6211415	3720012	1	20	
6211418	3720015	1	20	
6211419	3720016	1	20	
6211420	3720017	1	3	
6211429	3718594	1	13	
6211430	3718594	2	1	
6211431	3718594	3	18	
6211432	3718594	4	18	
6211433	3718595	1	13	
6211434	3718595	2	1	
6211435	3718595	3	18	
6211436	3718596	1	13	
6211437	3718597	1	13	
6211438	3718599	1	1	
6211439	3718599	2	18	
6211440	3718600	1	13	
6211441	3718601	1	13	
6211442	3718602	1	13	
6211443	3718604	1	13	
6211444	3718605	1	13	
6211445	3718607	1	14	
6211446	3718608	1	13	
6211447	3718609	1	13	
6211514	3720036	1	13	
6211515	3720036	2	14	
6211517	3720038	1	14	
6211518	3720039	1	12	
6211553	3719469	1	1	
6211554	3719469	2	18	
6211555	3719469	3	18	
6211556	3719470	1	13	
6211557	3719471	1	13	
6211558	3719472	1	13	
6211559	3719473	1	1	
6211560	3719475	1	1	
6211561	3719475	2	18	
6211562	3719475	3	3	
6211563	3719476	1	1	
6211564	3719476	2	98	DITCH
6211565	3719476	3	18	
6211566	3719477	1	13	
6211567	3719477	2	13	
6211568	3719478	1	10	
6211569	3719479	1	1	
6211570	3719479	2	2	
6211571	3719479	3	18	
6211572	3720054	1	13	
6211573	3720055	1	98	DITCH
6211574	3720055	2	18	
6211575	3720055	3	18	
6211576	3720055	4	98	DITCH
6211578	3719481	1	13	
6211579	3719482	1	13	
6211580	3719483	1	13	
6211581	3719483	2	18	
6211583	3719485	1	18	
6211584	3719486	1	13	
6211586	3719489	1	1	
6211587	3719492	1	9	
6211588	3719492	2	13	
6205811	3716841	1	13	
6205812	3716841	2	18	
6205813	3716842	1	13	
6205815	3716843	1	13	
6205816	3716844	1	13	
6205817	3716845	1	13	
6205818	3716846	1	13	
6205819	3716846	2	13	
6205822	3716848	1	13	
6205823	3716848	2	3	
6205872	3716885	1	18	
6205873	3716886	1	1	
6205874	3716886	2	3	
6205875	3716887	1	1	
6205876	3716887	2	18	
6205879	3716890	1	1	
6205880	3716890	2	18	
6205884	3716893	1	18	
6205885	3716893	2	2	
6205888	3716895	1	3	
6205889	3716896	1	20	
6205890	3716897	1	3	
6205891	3716898	1	3	
6205892	3716898	2	5	
6205893	3716898	3	10	
6205894	3716898	4	10	
6205895	3716899	1	2	
6205896	3716900	1	18	
6205897	3716901	1	13	
6205898	3716902	1	2	
6205899	3716902	2	18	
6205900	3716903	1	18	
6205901	3716904	1	18	
6205902	3716905	1	18	
6205903	3716906	1	17	
6205904	3716906	2	18	
6205906	3716908	1	3	
6205907	3716909	1	1	
6205908	3716909	2	18	
6205909	3716910	1	13	
6205910	3716911	1	13	
6205911	3716912	1	13	
6206040	3716979	1	13	
6206065	3716994	1	13	
6206066	3716994	2	20	
6206067	3716994	3	1	
6206068	3716994	4	18	
6206069	3716995	1	98	Struck by obj/diff vehicle/Col
6206070	3716995	2	98	Other/misc
6206071	3716996	1	5	
6206072	3716996	2	98	Other/misc
6206073	3716997	1	1	
6206074	3716997	2	13	
6206076	3716999	1	9	
6206077	3716999	2	3	
6206078	3717000	1	13	
6206079	3717001	1	13	
6206080	3717002	1	18	
6206081	3717002	2	18	
6206082	3717003	1	13	
6206083	3717004	1	18	
6206084	3717005	1	98	THROWN OR FALLING OBJECT
6206085	3717006	1	13	
6206087	3717008	1	13	
6206092	3717010	1	13	
6206093	3717011	1	13	
6206003	3716373	1	13	
6206004	3716954	1	13	
6206006	3716956	1	13	
6206014	3716962	1	1	
6206015	3716962	2	8	
6206016	3716962	3	3	
6206017	3716962	4	18	
6206019	3716964	1	13	
6206020	3716965	1	14	
6206021	3716966	1	13	
6206022	3716967	1	13	
6206025	3716969	1	8	
6206026	3716969	2	3	
6206027	3716970	1	1	
6206028	3716970	2	18	
6206029	3716970	3	3	
6206030	3716971	1	13	
6206035	3716975	1	3	
6206036	3716976	1	13	
6206037	3716977	1	13	
6206038	3716978	1	13	
6206039	3716978	2	13	
6206094	3717012	1	13	
6206095	3717013	1	13	
6206096	3717014	1	13	
6205053	3716358	2	1	
6205054	3716358	3	18	
6205055	3716359	1	13	
6205056	3716360	1	13	
6205057	3716361	1	8	
6205058	3716361	2	1	
6205059	3716361	3	2	
6205060	3716362	1	13	
6205061	3716362	2	1	
6205062	3716362	3	3	
6205063	3716363	1	8	
6205064	3716363	2	1	
6205065	3716363	3	18	
6205066	3716363	4	3	
6205067	3716364	1	1	
6205068	3716364	2	8	
6205069	3716364	3	1	
6205070	3716364	4	3	
6205071	3716365	1	18	
6205072	3716366	1	13	
6205073	3716367	1	5	
6205074	3716367	2	8	
6205075	3716367	3	3	
6205076	3716368	1	13	
6205077	3716369	1	1	
6205078	3716369	2	18	
6205083	3716372	1	13	
6205085	3716374	1	13	
6205086	3716374	2	8	
6205087	3716374	3	1	
6205088	3716374	4	18	
6205089	3716375	1	13	
6205091	3716377	1	13	
6205109	3716380	1	13	
6205110	3716380	2	1	
6205111	3716380	3	18	
6205112	3716380	4	18	
6205114	3716382	1	13	
6205115	3716383	1	13	
6205116	3716384	1	13	
6205117	3716385	1	1	
6205118	3716385	2	18	
6205119	3716385	3	18	
6205120	3716386	1	1	
6205121	3716386	2	18	
6205122	3716386	3	18	
6205124	3716388	1	1	
6205125	3716388	2	18	
6205126	3716389	1	13	
6205127	3716390	1	13	
6205128	3716391	1	18	
6205129	3716392	1	13	
6205130	3716393	1	13	
6205131	3716394	1	13	
6205132	3716395	1	13	
6205134	3716397	1	13	
6205135	3716398	1	3	
6205136	3716399	1	13	
6205137	3716400	1	13	
6205139	3716401	1	13	
6205141	3716403	1	5	
6205142	3716403	2	13	
6205143	3716404	1	13	
6205153	3716413	1	1	
6205154	3716413	2	18	
6205156	3716415	1	13	
6205157	3716416	1	13	
6205158	3716417	1	13	
6205162	3716420	1	1	
6205163	3716420	2	98	DITCH
6205164	3716420	3	2	
6205165	3716421	1	13	
6205166	3716422	1	13	
6205167	3716423	1	1	
6205169	3716425	1	98	OTHER - EXPLAIN IN NARRATIVE
6205174	3716428	1	13	
6205175	3716429	1	13	
6205176	3716430	1	13	
6205177	3716431	1	17	
6205180	3716434	1	13	
6205181	3716435	1	1	
6205182	3716436	1	13	
6205183	3716437	1	1	
6205184	3716437	2	98	DITCH
6205185	3716437	3	3	
6205186	3716438	1	13	
6205187	3716439	1	13	
6205188	3716440	1	13	
6205189	3716441	1	13	
6205190	3716442	1	13	
6205191	3716443	1	13	
6205192	3716444	1	13	
6205195	3716447	1	17	
6205196	3716448	1	13	
6205197	3716449	1	13	
6205198	3716450	1	3	
6205202	3716453	1	13	
6205203	3716454	1	13	
6205204	3716455	1	13	
6205205	3716456	1	1	
6205206	3716457	1	13	
6205207	3716458	1	13	
6205208	3716459	1	13	
6205209	3716460	1	1	
6205210	3716461	1	13	
6205211	3716462	1	13	
6205212	3716463	1	13	
6205215	3716466	1	13	
6205217	3716468	1	13	
6205218	3716469	1	1	
6205219	3716469	2	18	
6205220	3716469	3	3	
6205221	3716470	1	13	
6205222	3716471	1	13	
6205223	3716472	1	20	
6205224	3716473	1	18	
6205225	3716474	1	20	
6205266	3716480	1	1	
6205267	3716480	2	18	
6205268	3716480	3	98	OTHER
6205269	3716480	4	1	
6205270	3716481	1	98	OTHER
6205271	3716481	2	13	
6205272	3716481	3	98	OTHER
6205273	3716481	4	1	
6205294	3716487	1	98	OTHER
6205295	3716487	2	98	OTHER
6205296	3716487	3	13	
6205297	3716487	4	13	
6205298	3716488	1	98	OTHER
6205299	3716488	2	98	OTHER
6205300	3716488	3	1	
6204686	3716221	1	18	
6204687	3716221	2	2	
6204688	3716221	3	18	
6246121	3740758	1	6	
6204775	3716257	1	98	
6204779	3716261	1	13	
6204780	3716262	1	17	
6204781	3716263	1	13	
6204782	3716264	1	98	
6204785	3716266	1	13	
6204786	3716267	1	13	
6204864	3716315	1	1	
6204865	3716315	2	18	
6204866	3716316	1	1	
6204867	3716316	2	18	
6204868	3716316	3	3	
6204869	3716317	1	13	
6204870	3716318	1	1	
6204871	3716318	2	3	
6204872	3716319	1	13	
6204873	3716320	1	13	
6204874	3716320	2	1	
6204875	3716321	1	13	
6204876	3716322	1	1	
6204877	3716322	2	3	
6204878	3716322	3	5	
6204879	3716323	1	13	
6204881	3716324	1	1	
6204882	3716324	2	5	
6204883	3716324	3	18	
6204884	3716324	4	3	
6204885	3716325	1	13	
6204886	3716326	1	13	
6205029	3716343	1	13	
6205031	3716345	1	13	
6205032	3716346	1	13	
6205033	3716347	1	13	
6205041	3716353	1	13	
6205042	3716353	2	1	
6205043	3716353	3	18	
6205046	3716355	1	13	
6205047	3716356	1	1	
6205048	3716356	2	18	
6205049	3716357	1	1	
6205050	3716357	2	8	
6205051	3716357	3	3	
6205052	3716358	1	2	
6204948	3714129	1	13	
6202070	3715102	1	13	
6202072	3715103	1	1	
6202073	3715103	2	18	
6202074	3713319	1	1	
6202075	3713319	2	18	
6202076	3713319	3	18	
6202077	3715104	1	13	
6202078	3713320	1	13	
6202081	3715105	1	13	
6202082	3715106	1	1	
6202083	3715106	2	18	
6202084	3715106	3	10	
6202085	3713322	1	1	
6202086	3713322	2	8	
6202087	3713322	3	18	
6202088	3715107	1	13	
6202089	3713323	1	1	
6202090	3713323	2	18	
6202091	3715108	1	1	
6202092	3715108	2	3	
6202093	3715109	1	1	
6202094	3715109	2	3	
6202102	3715116	1	13	
6202105	3715118	1	18	
6202106	3715118	2	3	
6202107	3715119	1	13	
6202108	3715120	1	13	
6202109	3715121	1	13	
6202111	3715123	1	3	
6202112	3715124	1	13	
6202113	3715125	1	1	
6202114	3715125	2	13	
6202118	3715127	1	13	
6202119	3715128	1	13	
6202130	3715134	1	13	
6202134	3715137	1	6	
6202135	3715138	1	13	
6202136	3715139	1	8	
6202137	3715139	2	13	
6202151	3715146	1	13	
6202152	3715147	1	1	
6202153	3715147	2	18	
6202154	3715148	1	1	
6202155	3715148	2	8	
6202156	3715148	3	1	
6202157	3715148	4	18	
6202158	3715149	1	13	
6202159	3715150	1	13	
6202161	3715152	1	13	
6202162	3715153	1	1	
6202163	3715153	2	18	
6202164	3715153	3	3	
6202165	3715154	1	13	
6202166	3715155	1	8	
6202167	3715155	2	1	
6202168	3715155	3	18	
6202169	3715155	4	3	
6202170	3715156	1	14	
6202172	3715158	1	13	
6202175	3715161	1	13	
6202176	3715162	1	13	
6202177	3715163	1	3	
6202178	3715163	2	18	
6202179	3715164	1	1	
6202180	3715164	2	8	
6202181	3715164	3	3	
6201918	3715013	1	13	
6201919	3715014	1	13	
6201921	3715016	1	18	
6201922	3715017	1	13	
6201924	3715019	1	13	
6201925	3715020	1	14	
6201926	3715021	1	20	
6201929	3715024	1	3	
6201930	3715025	1	14	
6202291	3715231	1	13	
6202293	3715233	1	13	
6202351	3715261	1	1	
6202352	3715261	2	2	
6202353	3715261	3	18	
6202357	3715265	1	13	
6202358	3715266	1	13	
6202360	3715268	1	13	
6202361	3715269	1	13	
6202362	3715270	1	13	
6202366	3715272	1	13	
6202367	3715273	1	13	
6202372	3715275	1	13	
6202373	3715276	1	13	
6202374	3715276	2	10	
6202375	3715277	1	14	
6202376	3715278	1	1	
6202377	3715278	2	18	
6202378	3715279	1	13	
6202379	3715280	1	13	
6202380	3715281	1	13	
6202381	3715282	1	18	
6202382	3715282	2	3	
6202383	3715282	3	18	
6202388	3715284	1	13	
6202389	3715285	1	11	
6202390	3715286	1	13	
6202392	3715288	1	13	
6202393	3715289	1	18	
6202394	3715290	1	1	
6202395	3715290	2	18	
6202396	3715290	3	3	
6202397	3715290	4	13	
6202410	3715301	1	13	
6202411	3715302	1	13	
6202412	3715303	1	13	
6202413	3715304	1	13	
6202414	3715305	1	3	
6202415	3715305	2	18	
6202416	3715306	1	13	
6202417	3715307	1	13	
6202418	3715308	1	18	
6202419	3715309	1	13	
6202420	3715310	1	13	
6202421	3715311	1	13	
6202422	3715312	1	13	
6202423	3715313	1	18	
6202424	3715313	2	18	
6202425	3715314	1	13	
6202426	3715315	1	13	
6202427	3715316	1	13	
6202428	3715317	1	13	
6200653	3714223	1	1	
6200654	3714223	2	18	
6200655	3714223	3	18	
6200656	3714223	4	18	
6200664	3714230	1	13	
6200665	3714231	1	10	
6200666	3714232	1	10	
6200667	3714233	1	10	
6200668	3714234	1	10	
6200683	3714241	1	2	
6200684	3714241	2	1	
6200685	3714241	3	18	
6200690	3714245	1	13	
6200691	3714246	1	5	
6200692	3714247	1	1	
6200693	3714247	2	3	
6200695	3714249	1	14	
6200696	3714250	1	13	
6200697	3714251	1	13	
6204104	3715887	1	18	
6204105	3715887	2	1	
6204106	3715888	1	2	
6204107	3715888	2	1	
6204108	3715889	1	13	
6204109	3715889	2	18	
6204110	3715890	1	13	
6200482	3714137	1	1	
6200483	3714137	2	1	
6200484	3714137	3	1	
6200485	3714137	4	1	
6200490	3714139	1	10	
6282996	3717316	1	13	
6283002	3759817	1	13	
6283004	3761486	1	13	
6283005	3761488	1	13	
6283006	3761489	1	13	
6283008	3762039	1	13	
6283009	3761497	1	14	
6283013	3762040	1	13	
6283014	3762040	2	1	
6283015	3762041	1	20	
6283016	3762042	1	13	
6283018	3762044	1	13	
6283019	3762045	1	13	
6283020	3762045	2	11	
6283021	3762045	3	11	
6283022	3762046	1	13	
6283023	3762046	2	13	
6283024	3762047	1	13	
6283026	3762049	1	1	
6283027	3762049	2	18	
6283028	3762049	3	3	
6283029	3762050	1	13	
6283030	3762051	1	13	
6283031	3762051	2	2	
6283032	3762051	3	13	
6283033	3762051	4	1	
6283034	3762052	1	13	
6283035	3762052	2	13	
6283036	3762053	1	13	
6283037	3762054	1	13	
6283038	3762055	1	13	
6283039	3762056	1	13	
6283040	3762057	1	20	
6283041	3762058	1	20	
6283042	3762059	1	3	
6283045	3762060	1	1	
6283046	3762060	2	3	
6283047	3762061	1	1	
6283048	3762061	2	13	
6283050	3762063	1	13	
6283051	3762064	1	3	
6283052	3762065	1	13	
6283053	3762066	1	13	
6204011	3715836	1	13	
6204012	3715837	1	13	
6200372	3714083	1	13	
6200373	3714084	1	13	
6200472	3714128	1	13	
6200083	3713866	1	17	
6200110	3713887	1	13	
6200111	3713888	1	13	
6200113	3713889	1	13	
6200125	3713901	1	13	
6200144	3713919	1	3	
6199166	3711604	1	13	
6199196	3713324	1	13	
6199099	3713298	1	13	
6199100	3713299	1	3	
6199101	3713300	1	13	
6199102	3713301	1	13	
6199103	3713302	1	13	
6199010	3713241	1	1	
6199011	3713241	2	13	
6199013	3713242	1	13	
6199025	3713249	1	13	
6199026	3713250	1	13	
6199027	3713251	1	1	
6199028	3713251	2	18	
6199038	3713255	1	13	
6199045	3713261	1	13	
6199046	3713262	1	13	
6199047	3713263	1	13	
6199048	3713264	1	10	
6199049	3713265	1	13	
6199052	3713268	1	18	
6199053	3713268	2	18	
6199054	3713269	1	13	
6199055	3713270	1	13	
6199058	3713274	1	6	
6199059	3713275	1	13	
6199060	3713277	1	1	
6199061	3713277	2	18	
6199062	3713278	1	13	
6199063	3713279	1	14	
6291620	3767787	1	13	
6291621	3767788	1	13	
6291622	3767789	1	10	
6291623	3767790	1	13	
6291624	3767791	1	13	
6291625	3767792	1	14	
6291626	3767793	1	14	
6291627	3767793	2	3	
6291628	3767794	1	14	
6291629	3767795	1	13	
6291630	3767796	1	13	
6291631	3767797	1	13	
6291632	3767798	1	18	
6376153	3791866	1	13	
6265296	3739772	1	13	
6376154	3778370	1	13	
6265299	3748879	1	13	
6376155	3778370	2	98	
6376156	3820988	1	13	
6376157	3820989	1	13	
6376158	3820990	1	13	
6376159	3820990	2	1	
6376160	3820991	1	9	
6376161	3820991	2	20	
6376162	3820992	1	13	
6265308	3732098	1	8	
6265309	3732098	2	8	
6265310	3732098	3	6	
6376163	3820993	1	17	
6376164	3798778	1	13	
6376165	3820994	1	13	
6376166	3820995	1	13	
6265315	3751128	1	3	
6265316	3751128	2	1	
6265317	3751128	3	5	
6376167	3820996	1	13	
6376168	3820997	1	13	
6376169	3820998	1	13	
6376170	3820999	1	13	
6376171	3821000	1	13	
6376172	3821001	1	13	
6376173	3821002	1	13	
6376174	3821003	1	13	
6376175	3821004	1	13	
6376176	3821005	1	13	
6265328	3748886	1	13	
6265329	3734303	1	13	
6265330	3735341	1	1	
6265331	3735341	2	3	
6376177	3821006	1	13	
6376178	3821007	1	13	
6376179	3821008	1	13	
6376180	3821009	1	13	
6376181	3821010	1	14	
6376182	3821011	1	13	
6376183	3821012	1	13	
6376184	3821013	1	13	
6376185	3821014	1	13	
6376186	3821015	1	13	
6376187	3821016	1	13	
6376188	3821017	1	13	
6376189	3821018	1	13	
6376190	3821019	1	13	
6376191	3821020	1	13	
6265347	3748894	1	1	
6265348	3748894	2	3	
6265349	3751130	1	8	
6265350	3751130	2	1	
6265351	3751130	3	18	
6376192	3821021	1	13	
6376193	3821022	1	13	
6376194	3821023	1	13	
6376195	3821024	1	16	
6265356	3748896	1	13	
6265357	3751135	1	13	
6376196	3816750	1	13	
6376197	3821025	1	13	
6376198	3821026	1	13	
6376199	3821027	1	13	
6376200	3821028	1	13	
6376201	3821029	1	13	
6376202	3821030	1	13	
6376203	3821031	1	13	
6376204	3821032	1	13	
6376205	3821033	1	13	
6376206	3821034	1	12	
6376207	3821035	1	11	
6376208	3821036	1	13	
6376209	3821037	1	13	
6376210	3821038	1	13	
6376211	3821039	1	13	
6265231	3748866	1	2	
6265232	3748866	2	13	
6265233	3751107	1	3	
6265234	3751107	2	18	
6265235	3751108	1	3	
6265236	3751109	1	18	
6265237	3751110	1	3	
6265238	3751111	1	14	
6265239	3751111	2	3	
6265240	3751112	1	8	
6265241	3751112	2	3	
6265242	3751113	1	13	
6265280	3748870	1	1	
6265281	3748870	2	3	
6265285	3734286	1	13	
6265288	3751125	1	13	
6265289	3734292	1	13	
6265291	3751126	1	13	
6276178	3756486	3	13	
6276179	3756487	1	13	
6276180	3756488	1	13	
6276181	3756488	2	11	
6276182	3756488	3	11	
6276183	3756488	4	11	
6276184	3756489	1	1	
6276185	3756489	2	18	
6276186	3756490	1	13	
6276187	3756491	1	98	Evasive action/Pre
6276188	3756491	2	13	
6276189	3756491	3	1	
6276190	3756492	1	13	
6276191	3756493	1	13	
6276192	3756494	1	13	
6276193	3756495	1	98	Loss of traction/Pre
6276194	3756495	2	1	
6276195	3756495	3	18	
6276196	3756495	4	2	
6276197	3756496	1	13	
6276198	3756497	1	98	Evasive action/Pre
6276199	3756497	2	1	
6276200	3756497	3	3	
6276201	3756498	1	13	
6276202	3756499	1	13	
6276205	3756501	1	1	
6276206	3756501	2	1	
6276207	3756501	3	18	
6276208	3756502	1	13	
6276209	3756503	1	13	
6276210	3756504	1	98	Other/Pre-crash
6276211	3756504	2	13	
6276212	3756505	1	1	
6276213	3756505	2	18	
6276214	3756505	3	18	
6276215	3756505	4	18	
6276216	3756506	1	98	Loss of traction/Pre
6276217	3756506	2	18	
6276218	3756507	1	13	
6276222	3756509	1	13	
6276223	3756510	1	1	
6276224	3756510	2	18	
6276225	3756510	3	18	
6276226	3756511	1	13	
6276227	3756512	1	13	
6276228	3756513	1	1	
6276229	3756513	2	18	
6276230	3756513	3	18	
6276231	3756514	1	13	
6276232	3756515	1	98	Loss of traction/Pre
6276233	3756515	2	2	
6276234	3756515	3	18	
6276235	3756516	1	98	Evasive action/Pre
6276236	3756516	2	1	
6276237	3756516	3	18	
6276238	3756517	1	1	
6276239	3756517	2	98	Loss of traction/Pre
6276240	3756517	3	1	
6276241	3756517	4	3	
6276242	3756518	1	13	
6276243	3756519	1	13	
6276244	3756520	1	98	Other/Pre-crash
6276245	3756520	2	1	
6276246	3756520	3	18	
6276247	3756521	1	13	
6276248	3756522	1	13	
6276249	3756523	1	13	
6276257	3737760	1	98	Trailer fishtail or sway/Pre
6276258	3737760	2	13	
6276259	3737760	3	18	
6276260	3741958	1	13	
6276261	3743329	1	13	
6276262	3743329	2	13	
6276263	3743329	3	13	
6276264	3755196	1	13	
6276265	3755198	1	13	
6276266	3758027	1	13	
6276267	3758028	1	13	
6276268	3758029	1	1	
6276269	3758029	2	3	
6276270	3758030	1	13	
6275770	3757748	1	13	
6275771	3757749	1	13	
6275772	3757750	1	18	
6275773	3757751	1	18	
6275774	3757751	2	3	
6275775	3757752	1	13	
6275776	3757753	1	13	
6275777	3757754	1	13	
6275778	3757755	1	13	
6275779	3757756	1	1	
6275780	3757756	2	2	
6275781	3757757	1	13	
6275782	3757757	2	13	
6275783	3757758	1	13	
6275784	3757759	1	13	
6275785	3757760	1	13	
6275786	3757761	1	13	
6275787	3757761	2	18	
6275788	3757762	1	14	
6275789	3757762	2	13	
6275790	3757763	1	14	
6275791	3757763	2	13	
6275792	3757764	1	18	
6275794	3757766	1	14	
6275795	3757767	1	18	
6275796	3757768	1	13	
6275797	3757769	1	13	
6275798	3757770	1	18	
6275799	3757771	1	13	
6275800	3757772	1	13	
6275801	3757773	1	13	
6275802	3757774	1	13	
6275803	3757775	1	13	
6275804	3757776	1	13	
6275805	3757777	1	18	
6275806	3757778	1	13	
6275807	3757779	1	13	
6275808	3757780	1	13	
6275809	3757780	2	13	
6275810	3757780	3	13	
6275811	3757780	4	13	
6275812	3757781	1	13	
6275813	3757782	1	13	
6275814	3757783	1	13	
6275815	3757784	1	14	
6275816	3757784	2	18	
6275817	3757785	1	13	
6275818	3757786	1	13	
6275819	3757787	1	13	
6275820	3757788	1	13	
6275821	3757789	1	3	
6275822	3757789	2	18	
6275823	3757790	1	13	
6275824	3757791	1	13	
6275825	3757791	2	13	
6275826	3757792	1	13	
6275827	3757793	1	13	
6275828	3757794	1	14	
6275829	3757795	1	13	
6275830	3757796	1	13	
6275831	3757796	2	13	
6275832	3757797	1	13	
6275833	3757797	2	13	
6275834	3757798	1	13	
6275835	3757799	1	13	
6275836	3757800	1	8	
6275837	3757800	2	18	
6275838	3757801	1	13	
6275839	3757802	1	13	
6275840	3757803	1	13	
6275841	3757804	1	3	
6275842	3757805	1	14	
6275843	3757806	1	13	
6275844	3757807	1	13	
6275845	3757808	1	13	
6275846	3757809	1	13	
6275847	3757810	1	13	
6275848	3757811	1	13	
6275849	3757812	1	1	
6275850	3757812	2	18	
6275851	3757812	3	18	
6275852	3757813	1	13	
6275853	3757814	1	12	
6275854	3757815	1	13	
6275855	3757816	1	13	
6275856	3757817	1	13	
6275857	3757818	1	13	
6275858	3757819	1	13	
6275859	3757820	1	13	
6275860	3757821	1	13	
6275861	3757822	1	13	
6275862	3757823	1	13	
6275863	3757824	1	13	
6275864	3757825	1	13	
6275865	3757826	1	13	
6275866	3757827	1	13	
6275867	3757828	1	13	
6275868	3757828	2	18	
6275869	3757829	1	13	
6275871	3757831	1	17	
6275872	3757832	1	13	
6275873	3757832	2	13	
6275874	3757833	1	13	
6275875	3757834	1	13	
6275876	3757835	1	13	
6275877	3757836	1	13	
6275878	3757837	1	13	
6275879	3757837	2	13	
6275880	3757838	1	14	
6275881	3757839	1	13	
6275882	3757840	1	13	
6275883	3757841	1	13	
6275884	3757842	1	13	
6275885	3757843	1	18	
6275886	3757843	2	3	
6275887	3757844	1	13	
6275888	3757845	1	13	
6275889	3757846	1	13	
6275890	3757847	1	18	
6275891	3757848	1	13	
6275892	3757849	1	13	
6275893	3757850	1	13	
6275894	3757851	1	13	
6275895	3757852	1	13	
6275896	3757852	2	13	
6275897	3757853	1	14	
6275898	3757854	1	13	
6275899	3757855	1	13	
6275900	3757856	1	13	
6275901	3757857	1	18	
6275902	3757858	1	14	
6275903	3757858	2	14	
6275904	3757858	3	14	
6275905	3757859	1	13	
6275906	3757860	1	13	
6275907	3757861	1	13	
6275908	3757862	1	2	
6275909	3757862	2	13	
6275910	3757862	3	13	
6275911	3757862	4	13	
6275912	3757863	1	2	
6275913	3757863	2	13	
6275914	3757863	3	13	
6275915	3757863	4	13	
6275916	3757864	1	2	
6275917	3757864	2	13	
6275918	3757864	3	13	
6275919	3757864	4	13	
6275920	3757865	1	2	
6275921	3757865	2	13	
6275922	3757865	3	13	
6275923	3757865	4	13	
6275924	3757866	1	10	
6275925	3757867	1	8	
6275926	3757867	2	13	
6275927	3757868	1	13	
6275928	3757869	1	1	
6275929	3757869	2	3	
6275930	3756201	1	13	
6275931	3756201	2	1	
6275932	3756201	3	3	
6275958	3756332	1	13	
6275959	3756334	1	13	
6275960	3756343	1	13	
6275961	3756344	1	13	
6275962	3757881	1	1	
6275963	3757881	2	3	
6275965	3757883	1	13	
6275966	3757884	1	13	
6275967	3757885	1	1	
6275968	3757885	2	18	
6275969	3756349	1	13	
6275970	3757886	1	13	
6275971	3757887	1	18	
6275972	3757888	1	13	
6275973	3757889	1	13	
6275975	3757891	1	13	
6275976	3757892	1	13	
6275977	3757893	1	18	
6275978	3757894	1	18	
6275979	3757895	1	13	
6275980	3757896	1	13	
6275981	3757897	1	13	
6275982	3757898	1	13	
6275983	3757899	1	13	
6275984	3757900	1	13	
6275985	3757901	1	13	
6275986	3757902	1	13	
6275987	3757903	1	13	
6275988	3757904	1	18	
6275989	3757905	1	13	
6275990	3757906	1	1	
6275991	3757906	2	18	
6275992	3757907	1	13	
6276065	3757958	1	13	
6276066	3757959	1	13	
6276067	3757960	1	13	
6276068	3757961	1	13	
6276069	3757962	1	13	
6276070	3757963	1	13	
6276071	3757964	1	13	
6276073	3757965	1	13	
6276074	3757966	1	13	
6276075	3748341	1	13	
6276076	3748341	2	1	
6276077	3757967	1	14	
6276078	3757968	1	13	
6276079	3757969	1	13	
6276080	3757970	1	13	
6276081	3757971	1	1	
6276082	3757971	2	18	
6276083	3757971	3	18	
6276084	3757972	1	13	
6276085	3757973	1	13	
6276086	3757974	1	13	
6276087	3757975	1	9	
6276088	3757975	2	1	
6276089	3757975	3	18	
6276090	3757975	4	2	
6276091	3757976	1	13	
6276092	3757976	2	18	
6276093	3757977	1	13	
6276094	3757977	2	13	
6276095	3757978	1	1	
6276096	3757978	2	18	
6276097	3757979	1	13	
6276098	3756457	1	13	
6276099	3757980	1	13	
6276100	3757981	1	13	
6276101	3757982	1	13	
6276102	3757983	1	13	
6276103	3757984	1	13	
6276104	3757984	2	7	
6276105	3757984	3	1	
6276106	3757985	1	13	
6276110	3757987	1	13	
6276111	3757987	2	1	
6276112	3757988	1	13	
6276113	3757989	1	13	
6276114	3757989	2	1	
6276115	3757990	1	5	
6276116	3757991	1	18	
6276117	3757991	2	18	
6276118	3757992	1	5	
6276119	3757992	2	3	
6276120	3733207	1	13	
6276121	3757993	1	13	
6276122	3757993	2	13	
6276134	3751549	1	13	
6276135	3751550	1	13	
6276136	3751558	1	13	
6276137	3751559	1	13	
6276138	3751562	1	13	
6276139	3751562	2	18	
6276141	3758002	1	13	
6276142	3757274	1	1	
6276143	3757274	2	13	
6276144	3757274	3	18	
6276145	3757274	4	3	
6276146	3758003	1	13	
6276147	3758004	1	14	
6276148	3758005	1	13	
6276149	3758006	1	13	
6276150	3758007	1	13	
6276151	3758008	1	13	
6276152	3758009	1	13	
6276153	3758010	1	13	
6276155	3758012	1	3	
6276157	3758013	1	13	
6276158	3758014	1	13	
6276159	3758015	1	13	
6276160	3758016	1	98	
6276161	3758017	1	10	
6276163	3758019	1	13	
6276164	3758020	1	13	
6276165	3758021	1	13	
6276166	3758021	2	20	
6276167	3758022	1	13	
6276168	3758023	1	13	
6276169	3758024	1	13	
6276170	3758025	1	13	
6276171	3758026	1	13	
6276172	3756483	1	13	
6276173	3756483	2	98	Loss of traction/Pre
6276174	3756484	1	13	
6276175	3756485	1	13	
6276176	3756486	1	98	Loss of traction/Pre
6276177	3756486	2	98	Evasive action/Pre
6275993	3757908	1	13	
6275994	3757909	1	12	
6275995	3756353	1	14	
6275996	3757910	1	13	
6275997	3757911	1	13	
6275998	3757912	1	13	
6275999	3757912	2	3	
6276000	3757913	1	13	
6276001	3757914	1	13	
6276002	3757915	1	20	
6276003	3757916	1	13	
6276004	3757917	1	18	
6276005	3757918	1	13	
6276006	3757919	1	13	
6276008	3757921	1	13	
6276009	3757922	1	13	
6276010	3757923	1	13	
6276011	3757924	1	9	
6276012	3757924	2	18	
6276013	3757925	1	13	
6276014	3757926	1	14	
6276015	3757926	2	14	
6276016	3757926	3	18	
6276017	3757927	1	17	
6276018	3757928	1	13	
6276019	3757928	2	10	
6276020	3757928	3	10	
6276021	3757928	4	10	
6276022	3757930	1	14	
6276023	3757931	1	10	
6276024	3757932	1	18	
6276025	3757932	2	3	
6276026	3757933	1	13	
6276027	3757933	2	1	
6276028	3757933	3	2	
6276029	3757934	1	13	
6276030	3757935	1	13	
6276032	3757937	1	13	
6276033	3757938	1	10	
6276034	3757939	1	13	
6276035	3757940	1	13	
6276037	3757942	1	3	
6276038	3757943	1	13	
6276039	3757944	1	13	
6276040	3757944	2	1	
6276041	3757944	3	98	
6276050	3757947	1	13	
6276051	3757948	1	8	
6276052	3757948	2	13	
6276053	3757949	1	10	
6276057	3757952	1	9	
6276058	3757952	2	6	
6276059	3757953	1	13	
6276060	3757954	1	14	
6276061	3757955	1	5	
6276062	3757956	1	13	
6269802	3753978	1	18	
6269803	3753978	2	1	
6269804	3753979	1	18	
6269805	3753980	1	13	
6269806	3753981	1	13	
6269807	3753982	1	1	
6269808	3753982	2	13	
6269809	3753982	3	18	
6269815	3724866	1	13	
6269816	3748110	1	13	
6269817	3754124	1	13	
6269818	3754125	1	13	
6269819	3754126	1	3	
6269820	3754127	1	8	
6269821	3754127	2	13	
6269822	3754128	1	13	
6269823	3754128	2	5	
6269826	3754130	1	13	
6269827	3754131	1	1	
6269828	3754131	2	18	
6269829	3754131	3	3	
6269830	3754132	1	13	
6269831	3754132	2	18	
6269832	3754133	1	3	
6269833	3754134	1	3	
6269834	3754135	1	18	
6269835	3754135	2	18	
6269836	3754136	1	13	
6269837	3754137	1	13	
6269839	3754139	1	13	
6269840	3754140	1	18	
6269841	3754141	1	18	
6269842	3754142	1	13	
6269843	3754143	1	13	
6269844	3754144	1	18	
6269845	3754145	1	13	
6269846	3754146	1	13	
6270919	3754259	1	13	
6270920	3754891	1	13	
6270921	3754892	1	1	
6270922	3754892	2	13	
6270923	3754893	1	13	
6270924	3754894	1	13	
6270925	3754894	2	1	
6270926	3754894	3	18	
6270927	3754894	4	10	
6270928	3754895	1	1	
6270929	3754895	2	18	
6270930	3754896	1	13	
6270931	3754896	2	18	
6270932	3754897	1	13	
6270933	3754898	1	13	
6270934	3754899	1	13	
6270964	3733241	1	13	
6270965	3733243	1	13	
6270966	3733294	1	13	
6270967	3733307	1	13	
6270968	3746910	1	13	
6270969	3754900	1	13	
6270970	3754901	1	13	
6270971	3754902	1	14	
6270972	3754903	1	13	
6270973	3754904	1	13	
6270974	3754905	1	13	
6270975	3754906	1	13	
6270976	3754907	1	13	
6270982	3754910	1	13	
6270983	3754911	1	13	
6270992	3754915	1	1	
6270993	3754915	2	3	
6270994	3754916	1	13	
6270995	3754917	1	17	
6270996	3754918	1	13	
6270997	3754919	1	13	
6270998	3754920	1	13	
6270999	3754921	1	13	
6271000	3754922	1	13	
6271001	3754923	1	13	
6271002	3754924	1	13	
6271003	3754925	1	13	
6271004	3754926	1	1	
6271005	3754926	2	3	
6271006	3754927	1	13	
6271007	3754928	1	13	
6271008	3754929	1	1	
6271009	3754929	2	18	
6271010	3754929	3	4	
6271011	3754930	1	13	
6271013	3754932	1	13	
6271014	3754933	1	13	
6271015	3754934	1	13	
6271016	3754935	1	1	
6271017	3754935	2	3	
6271019	3754937	1	13	
6271020	3754938	1	13	
6271021	3754938	2	1	
6271022	3754938	3	18	
6271023	3754939	1	13	
6271024	3754940	1	13	
6271025	3754941	1	13	
6271026	3754941	2	1	
6271027	3754941	3	8	
6271028	3754941	4	18	
6271029	3754942	1	13	
6271030	3754943	1	13	
6271031	3754944	1	13	
6271032	3754945	1	13	
6271033	3754946	1	13	
6271035	3754948	1	13	
6271036	3754949	1	13	
6271037	3754950	1	13	
6271038	3754950	2	1	
6271039	3754950	3	3	
6271040	3754951	1	13	
6271041	3754952	1	1	
6271042	3754952	2	18	
6271043	3754953	1	13	
6271044	3754954	1	13	
6271045	3754955	1	13	
6271046	3754956	1	13	
6271047	3754957	1	13	
6271048	3754958	1	13	
6271049	3754959	1	2	
6271050	3754960	1	9	
6271051	3754960	2	10	
6271052	3754961	1	13	
6271053	3754962	1	13	
6271054	3754963	1	13	
6271055	3754964	1	13	
6271056	3754965	1	13	
6271057	3754966	1	13	
6270838	3754850	1	1	
6270839	3754850	2	18	
6270840	3754851	1	13	
6270841	3754852	1	13	
6270842	3754853	1	13	
6270843	3754853	2	2	
6270844	3754854	1	13	
6270845	3754854	2	18	
6270846	3754855	1	13	
6270847	3754856	1	3	
6270848	3754857	1	13	
6270849	3754858	1	18	
6270850	3754859	1	18	
6270851	3754860	1	13	
6270852	3754861	1	9	
6270853	3754861	2	1	
6270854	3754861	3	18	
6270855	3754862	1	1	
6270856	3754862	2	3	
6270860	3754863	1	14	
6270861	3754864	1	13	
6270862	3754865	1	13	
6270864	3754867	1	14	
6270865	3754868	1	13	
6270866	3754869	1	13	
6270867	3754870	1	13	
6270868	3754871	1	13	
6270869	3754872	1	13	
6270870	3754873	1	9	
6270871	3754873	2	1	
6270872	3754873	3	3	
6270874	3754875	1	13	
6270875	3754876	1	1	
6270876	3754876	2	18	
6270877	3754877	1	13	
6270878	3754877	2	1	
6270879	3754877	3	18	
6270882	3754879	1	9	
6270884	3754881	1	9	
6270885	3754881	2	98	
6270886	3754882	1	13	
6270887	3754883	1	13	
6270888	3754884	1	13	
6270889	3754884	2	1	
6270890	3754884	3	3	
6270891	3754242	1	13	
6270892	3754243	1	13	
6270893	3754244	1	13	
6270894	3754885	1	1	
6270895	3754885	2	18	
6270896	3754885	3	3	
6270897	3754886	1	13	
6270898	3754247	1	13	
6270901	3754249	1	13	
6270902	3754250	1	8	
6270903	3754250	2	13	
6270904	3754251	1	1	
6270905	3754251	2	3	
6270906	3754252	1	13	
6270907	3754887	1	1	
6270908	3754887	2	18	
6270910	3754888	1	13	
6270911	3754889	1	13	
6270912	3754254	1	18	
6270913	3754255	1	13	
6270914	3754256	1	13	
6270915	3754890	1	1	
6270916	3754890	2	18	
6270917	3754257	1	13	
6270918	3754258	1	13	
6271132	3755031	1	1	
6271133	3755031	2	3	
6271134	3755031	3	18	
6271135	3755032	1	13	
6271136	3736417	1	1	
6271137	3736417	2	18	
6271138	3736417	3	3	
6271139	3736417	4	18	
6271140	3755033	1	1	
6271141	3755033	2	18	
6271142	3755033	3	18	
6271143	3755034	1	13	
6271144	3755035	1	13	
6271145	3755036	1	3	
6271146	3755036	2	18	
6271147	3755036	3	18	
6271148	3755037	1	13	
6271149	3755038	1	18	
6271150	3755038	2	18	
6271151	3755039	1	1	
6271152	3755039	2	3	
6271153	3755040	1	13	
6271154	3755041	1	13	
6271155	3755042	1	13	
6271156	3755043	1	1	
6271157	3755043	2	3	
6271158	3755044	1	13	
6271159	3755044	2	18	
6271160	3755045	1	13	
6271163	3755047	1	1	
6271164	3755047	2	1	
6271165	3755047	3	1	
6271166	3755047	4	1	
6271167	3755048	1	1	
6271168	3755048	2	1	
6271169	3755048	3	1	
6271170	3755048	4	1	
6271171	3755049	1	1	
6271172	3755049	2	18	
6271173	3755049	3	18	
6271174	3755049	4	18	
6271175	3755050	1	1	
6271176	3755050	2	1	
6271177	3755050	3	1	
6271178	3755050	4	1	
6271179	3755051	1	13	
6271180	3755052	1	9	
6271181	3755052	2	13	
6271182	3755053	1	1	
6271183	3755053	2	1	
6271184	3755053	3	1	
6271185	3755053	4	1	
6271186	3755054	1	13	
6271187	3755055	1	1	
6271188	3755055	2	1	
6271189	3755055	3	1	
6271190	3755055	4	1	
6271191	3755056	1	13	
6271192	3755057	1	8	
6271193	3755058	1	13	
6271194	3755058	2	1	
6271195	3755058	3	18	
6271196	3755059	1	13	
6271198	3755061	1	13	
6271199	3755062	1	13	
6271200	3755063	1	10	
6271201	3755064	1	1	
6271202	3755064	2	1	
6271203	3755064	3	1	
6271204	3755064	4	1	
6271205	3755065	1	13	
6271206	3755066	1	13	
6271207	3755066	2	13	
6271208	3755067	1	13	
6271209	3755067	2	13	
6271210	3755068	1	1	
6271211	3755068	2	1	
6271212	3755068	3	1	
6271213	3755068	4	1	
6271214	3755069	1	13	
6271215	3755070	1	17	
6271216	3755071	1	1	
6271217	3755071	2	1	
6271218	3755071	3	1	
6271219	3755071	4	1	
6271224	3755073	1	13	
6271225	3755074	1	13	
6271226	3755075	1	13	
6271227	3755076	1	13	
6271228	3755077	1	13	
6271229	3755078	1	13	
6271230	3755079	1	13	
6271231	3755080	1	13	
6271232	3755080	2	8	
6270701	3754801	1	13	
6270702	3754802	1	13	
6270703	3754802	2	2	
6270704	3754802	3	18	
6270705	3754803	1	98	
6270706	3754803	2	3	
6270707	3754804	1	13	
6270708	3754805	1	13	
6270709	3754806	1	13	
6270710	3754807	1	13	
6270712	3754809	1	1	
6270713	3754809	2	13	
6270714	3754810	1	13	
6270716	3754811	1	13	
6270717	3754812	1	14	
6270718	3754813	1	1	
6270719	3754813	2	18	
6270720	3754814	1	14	
6270721	3754815	1	13	
6270722	3754816	1	13	
6270723	3754817	1	13	
6270724	3754819	1	13	
6270727	3754820	1	13	
6270728	3754821	1	13	
6270729	3754822	1	13	
6270730	3754823	1	13	
6270731	3754824	1	14	
6270732	3754825	1	13	
6270733	3754826	1	13	
6270734	3754828	1	13	
6270735	3754829	1	13	
6270736	3754830	1	18	
6270737	3754831	1	13	
6270738	3754832	1	13	
6270739	3754833	1	18	
6270741	3754835	1	13	
6270742	3754835	2	1	
6270743	3754836	1	13	
6270744	3754837	1	18	
6270745	3754837	2	18	
6270746	3754838	1	1	
6270747	3754839	1	18	
6270748	3754839	2	14	
6270749	3754840	1	3	
6270750	3754840	2	11	
6270751	3754841	1	20	
6270752	3754842	1	13	
6270753	3754843	1	3	
6270754	3754844	1	14	
6270755	3754845	1	13	
6270756	3754846	1	13	
6271058	3754966	2	3	
6271059	3754967	1	13	
6271060	3754968	1	13	
6271061	3754969	1	13	
6271062	3754970	1	1	
6271063	3754970	2	18	
6271064	3754970	3	3	
6271065	3754971	1	17	
6271066	3754972	1	13	
6271067	3754973	1	13	
6271068	3754974	1	13	
6271069	3754975	1	13	
6271070	3754976	1	13	
6271071	3754977	1	13	
6271072	3754978	1	13	
6271073	3754979	1	13	
6271075	3754981	1	13	
6271076	3754982	1	13	
6271077	3754983	1	13	
6271078	3754984	1	13	
6271079	3754985	1	13	
6271080	3754986	1	12	
6271081	3754987	1	13	
6271082	3754988	1	13	
6271083	3754989	1	13	
6271084	3754990	1	19	
6271085	3754991	1	13	
6271086	3754992	1	13	
6271087	3754993	1	13	
6271088	3754994	1	13	
6271089	3754995	1	13	
6271090	3754996	1	13	
6271091	3754997	1	13	
6271092	3754998	1	13	
6271093	3754999	1	13	
6271095	3755001	1	13	
6271096	3755002	1	13	
6271097	3755003	1	13	
6271098	3755004	1	13	
6271099	3755005	1	13	
6271100	3755006	1	13	
6271101	3755007	1	13	
6271102	3755008	1	13	
6271103	3755009	1	14	
6271104	3755009	2	18	
6271105	3755010	1	13	
6271106	3755011	1	18	
6271107	3755012	1	1	
6271108	3755012	2	3	
6271113	3755015	1	13	
6271114	3755016	1	1	
6271115	3755016	2	8	
6271116	3755016	3	3	
6271117	3755017	1	10	
6271118	3755018	1	13	
6271119	3755019	1	13	
6271120	3755020	1	13	
6271121	3755021	1	13	
6271122	3755022	1	20	
6271123	3755023	1	13	
6271124	3755024	1	13	
6271125	3755025	1	1	
6271126	3755025	2	18	
6271127	3755026	1	3	
6271128	3755027	1	13	
6271129	3755028	1	13	
6271130	3755029	1	13	
6271131	3755030	1	13	
6270764	3725058	1	13	
6270765	3746747	1	13	
6270766	3733905	1	13	
6270767	3746748	1	13	
6270768	3746749	1	13	
6270769	3746750	1	13	
6270771	3746752	1	1	
6270772	3746752	2	18	
6270773	3746752	3	18	
6270774	3746752	4	3	
6270775	3746753	1	13	
6270776	3746754	1	13	
6270777	3746755	1	1	
6270778	3746755	2	18	
6270779	3746756	1	13	
6270780	3746757	1	13	
6270781	3746758	1	13	
6270782	3746759	1	13	
6270783	3754847	1	13	
6270784	3746760	1	13	
6270785	3746761	1	13	
6270786	3746762	1	13	
6270787	3746763	1	1	
6270788	3746763	2	3	
6270789	3746764	1	1	
6270790	3746764	2	18	
6270791	3746765	1	9	
6270792	3746765	2	8	
6270793	3746765	3	1	
6270794	3746765	4	21	
6270795	3746766	1	13	
6270796	3746767	1	1	
6270797	3746767	2	18	
6270798	3746767	3	3	
6270799	3744199	1	13	
6270800	3744199	2	1	
6270801	3746768	1	13	
6270802	3746769	1	1	
6270803	3746769	2	18	
6270804	3746769	3	3	
6270805	3746770	1	13	
6270809	3746772	1	1	
6270810	3746772	2	3	
6270811	3746772	3	18	
6270812	3746773	1	13	
6270813	3746774	1	13	
6270814	3746774	2	1	
6270815	3746774	3	2	
6270816	3746775	1	13	
6270817	3746776	1	1	
6270818	3746776	2	18	
6270819	3746777	1	10	
6270820	3746778	1	13	
6270822	3746780	1	13	
6270823	3746781	1	13	
6270824	3746782	1	13	
6270825	3746782	2	13	
6270826	3746783	1	13	
6270827	3746783	2	1	
6270828	3746783	3	18	
6270829	3746783	4	3	
6270830	3746784	1	13	
6270831	3746785	1	1	
6270832	3746785	2	18	
6270833	3754848	1	13	
6270834	3754849	1	1	
6270835	3754849	2	3	
6270836	3754849	3	18	
6270837	3754849	4	18	
6258193	3747469	1	13	
6258194	3747470	1	1	
6258195	3747470	2	18	
6258196	3747471	1	13	
6258197	3747472	1	13	
6258198	3747473	1	13	
6258199	3747474	1	13	
6258200	3747475	1	13	
6258201	3747476	1	13	
6258206	3745064	1	13	
6258207	3745064	2	1	
6258208	3745771	1	13	
6258209	3745772	1	8	
6258210	3745772	2	1	
6258211	3745772	3	3	
6258212	3745772	4	5	
6258213	3747478	1	13	
6258214	3745773	1	13	
6258215	3745773	2	1	
6258216	3745774	1	13	
6258217	3745065	1	13	
6258218	3744208	1	13	
6258220	3747479	1	13	
6258221	3747480	1	13	
6258222	3745067	1	13	
6258223	3745068	1	15	
6258224	3745068	2	5	
6258225	3745068	3	7	
6258226	3745068	4	18	
6258228	3747481	1	13	
6258229	3747482	1	13	
6258230	3747482	2	5	
6258231	3745777	1	13	
6258232	3745778	1	3	
6258233	3747483	1	13	
6258234	3747484	1	13	
6258235	3747485	1	13	
6258236	3747486	1	13	
6258237	3747487	1	13	
6258238	3747488	1	13	
6258239	3747489	1	13	
6258240	3747490	1	13	
6258241	3747491	1	17	
6258242	3747492	1	13	
6258243	3747493	1	1	
6258244	3747493	2	13	
6258245	3747493	3	3	
6258246	3747493	4	18	
6258247	3747494	1	13	
6258248	3747495	1	13	
6269561	3753887	1	98	OTHER
6269562	3753887	2	98	OTHER
6269563	3753887	3	1	
6269564	3753887	4	14	
6269581	3753892	1	98	OTHER
6269582	3753892	2	13	
6269583	3753892	3	13	
6269584	3753892	4	18	
6269585	3753893	1	98	OTHER
6269586	3753893	2	13	
6269587	3753893	3	13	
6269588	3753893	4	18	
6269589	3753894	1	98	OTHER
6269590	3753894	2	98	OTHER
6269591	3753894	3	13	
6269592	3753894	4	18	
6269593	3753895	1	98	OTHER
6269594	3753895	2	98	OTHER
6269595	3753895	3	13	
6269596	3753895	4	18	
6269597	3753896	1	98	OTHER
6269598	3753896	2	98	OTHER
6269599	3753896	3	13	
6269600	3753896	4	18	
6269601	3753897	1	98	OTHER
6269602	3753897	2	5	
6269603	3753897	3	8	
6269604	3753897	4	13	
6269605	3753898	1	98	OTHER
6269606	3753898	2	98	OTHER
6269607	3753898	3	13	
6269608	3753898	4	13	
6269609	3753899	1	98	OTHER
6269610	3753899	2	98	OTHER
6269611	3753899	3	98	OTHER
6269612	3753899	4	98	OTHER
6269613	3753900	1	98	OTHER
6269614	3753900	2	98	OTHER
6269615	3753900	3	1	
6288115	3765663	4	3	
6288116	3761471	1	13	
6288117	3765664	1	13	
6288118	3765665	1	13	
6288119	3765665	2	18	
6288120	3765666	1	13	
6288121	3765667	1	13	
6288122	3765668	1	9	
6288123	3765668	2	12	
6288124	3765668	3	13	
6288125	3765669	1	13	
6288126	3765670	1	3	
6288127	3765671	1	18	
6288128	3765671	2	18	
6288129	3765671	3	3	
6288130	3765672	1	1	
6288131	3765672	2	8	
6288132	3765672	3	3	
6288133	3765672	4	1	
6288135	3765673	1	13	
6288136	3765674	1	13	
6288137	3765675	1	13	
6288139	3765677	1	13	
6288140	3765678	1	13	
6288141	3765679	1	13	
6288142	3765680	1	13	
6288143	3765681	1	13	
6288144	3765682	1	9	
6288145	3765683	1	13	
6288146	3765684	1	1	
6288147	3765684	2	3	
6288148	3765685	1	13	
6288149	3765686	1	13	
6288150	3765687	1	13	
6288151	3765688	1	13	
6288152	3765689	1	13	
6288154	3765691	1	13	
6288156	3765693	1	13	
6288158	3765695	1	13	
6288160	3765697	1	12	
6288161	3765698	1	13	
6288162	3765699	1	13	
6288163	3765700	1	1	
6288164	3765700	2	14	
6288165	3765700	3	18	
6288166	3765701	1	13	
6288167	3765702	1	13	
6288168	3765703	1	13	
6288169	3765704	1	13	
6288170	3765705	1	13	
6288171	3765706	1	13	
6288172	3765707	1	13	
6288173	3765708	1	13	
6269616	3753900	4	5	
6269617	3753901	1	98	OTHER
6269618	3753901	2	9	
6269619	3753901	3	6	
6269620	3753901	4	5	
6269621	3753902	1	98	OTHER
6269622	3753902	2	13	
6269623	3753902	3	6	
6269624	3753902	4	5	
6269625	3753903	1	98	OTHER
6269626	3753903	2	13	
6269627	3753903	3	6	
6269628	3753903	4	5	
6269629	3753904	1	98	OTHER
6269630	3753904	2	13	
6269631	3753904	3	6	
6269632	3753904	4	5	
6269633	3753905	1	98	OTHER
6269634	3753905	2	98	OTHER
6269635	3753905	3	1	
6269636	3753905	4	18	
6269649	3752161	1	13	
6269651	3752748	1	13	
6269652	3749587	1	13	
6269653	3749587	2	8	
6269654	3749587	3	18	
6269655	3752754	1	13	
6269656	3753906	1	13	
6269657	3753907	1	13	
6269658	3753908	1	13	
6269659	3753909	1	13	
6269660	3753909	2	2	
6269661	3753910	1	13	
6269662	3753911	1	13	
6269663	3753911	2	10	
6269664	3753912	1	13	
6269667	3753914	1	13	
6269669	3753915	1	13	
6269670	3753916	1	2	
6269672	3753918	1	13	
6269673	3753919	1	1	
6269674	3753919	2	14	
6269675	3753920	1	13	
6269676	3753921	1	13	
6269677	3753922	1	13	
6269678	3753923	1	13	
6269679	3753924	1	13	
6269680	3753924	2	7	
6269681	3753925	1	13	
6269683	3753927	1	13	
6269684	3753927	2	13	
6269685	3753928	1	13	
6269686	3753929	1	2	
6269720	3753940	1	13	
6269721	3753941	1	1	
6269722	3753941	2	3	
6269723	3753942	1	3	
6269724	3753943	1	1	
6269725	3753943	2	13	
6269726	3753944	1	13	
6269727	3753945	1	17	
6269728	3753946	1	1	
6269729	3753946	2	8	
6269730	3753946	3	10	
6269731	3753947	1	13	
6288107	3765659	1	13	
6288108	3765660	1	13	
6288109	3765661	1	13	
6288110	3765661	2	10	
6288111	3765662	1	13	
6288112	3765663	1	13	
6288113	3765663	2	18	
6288114	3765663	3	1	
6288175	3765710	1	12	
6288176	3765711	1	13	
6288178	3765713	1	13	
6288179	3765714	1	13	
6288180	3765715	1	18	
6288182	3765717	1	13	
6288183	3765718	1	13	
6288184	3765719	1	13	
6288185	3765720	1	14	
6288186	3765721	1	13	
6288187	3765722	1	13	
6288188	3765723	1	13	
6288189	3765724	1	16	
6288190	3765725	1	13	
6288191	3765726	1	13	
6288193	3765728	1	13	
6288194	3765729	1	12	
6288195	3765730	1	13	
6288196	3765731	1	14	
6288197	3765732	1	13	
6288198	3765733	1	14	
6288199	3765734	1	13	
6288200	3765735	1	13	
6288201	3765736	1	13	
6288209	3765738	1	1	
6288210	3765738	2	3	
6288211	3765741	1	9	
6288212	3765742	1	3	
6288213	3765743	1	13	
6288214	3765744	1	20	
6288215	3765745	1	17	
6288216	3765745	2	1	
6288217	3765746	1	13	
6288218	3765747	1	4	
6288219	3765747	2	18	
6288220	3765748	1	11	
6288221	3765748	2	11	
6288222	3765749	1	18	
6288223	3765750	1	13	
6288224	3765751	1	13	
6288225	3765751	2	3	
6288226	3765752	1	3	
6288227	3765752	2	18	
6288228	3765753	1	18	
6288229	3765754	1	20	
6283054	3762066	2	1	
6283055	3762067	1	13	
6283056	3762068	1	13	
6283057	3762069	1	1	
6283058	3762069	2	3	
6283059	3762070	1	1	
6283060	3762070	2	8	
6283061	3762070	3	1	
6283062	3762070	4	18	
6283063	3762071	1	1	
6283064	3762071	2	18	
6283065	3762071	3	18	
6283066	3762071	4	3	
6283067	3762072	1	1	
6283068	3762072	2	18	
6283070	3723764	1	13	
6283071	3723764	2	18	
6283072	3730795	1	13	
6283073	3735069	1	13	
6283074	3762074	1	13	
6283075	3762075	1	13	
6283076	3762076	1	13	
6283077	3762077	1	18	
6283078	3762078	1	13	
6283079	3762079	1	18	
6283080	3762079	2	18	
6283081	3762079	3	14	
6283082	3762079	4	1	
6283087	3761724	1	1	
6283088	3761724	2	18	
6283090	3761726	1	13	
6283091	3761727	1	13	
6283092	3761728	1	13	
6283093	3761729	1	13	
6283094	3761730	1	13	
6283095	3758038	1	13	
6283096	3758042	1	13	
6283097	3760097	1	13	
6283098	3760097	2	98	Hit and Run/misc
6283099	3762080	1	1	
6283100	3762080	2	3	
6283101	3762081	1	98	Animal avoided/Pre
6283102	3762081	2	98	Evasive action/Pre
6283103	3762081	3	3	
6283104	3762081	4	18	
6283105	3762082	1	3	
6283106	3762083	1	13	
6283107	3762084	1	98	Evasive action/Pre
6283108	3762084	2	13	
6283109	3762085	1	1	
6283110	3762085	2	3	
6283126	3762086	1	1	
6283127	3762086	2	18	
6283128	3762087	1	13	
6283129	3762088	1	13	
6283130	3762089	1	13	
6283131	3762090	1	13	
6283132	3762090	2	18	
6283133	3762091	1	13	
6283134	3762092	1	13	
6283135	3762093	1	13	
6283136	3762094	1	13	
6283137	3762095	1	13	
6283138	3762096	1	13	
6283139	3762097	1	13	
6283140	3762098	1	98	ANIMAL DRAWN VEHICLE
6283141	3762099	1	13	
6283142	3762100	1	13	
6283143	3762101	1	13	
6283144	3762102	1	13	
6283145	3762103	1	13	
6283146	3762104	1	13	
6283147	3762104	2	98	DITCH
6283148	3762104	3	18	
6283149	3762105	1	13	
6283150	3762106	1	13	
6283151	3762107	1	13	
6283152	3762108	1	13	
6283153	3762109	1	13	
6283154	3762110	1	1	
6283155	3762110	2	98	DITCH
6283156	3762111	1	13	
6283157	3762111	2	18	
6283158	3762111	3	18	
6283159	3762112	1	1	
6283160	3762113	1	13	
6283236	3762133	1	98	OTHER
6283237	3762133	2	1	
6283238	3762133	3	2	
6283239	3762133	4	18	
6283244	3762135	1	98	OTHER
6283245	3762135	2	1	
6283246	3762135	3	18	
6283247	3762135	4	18	
6283249	3756705	1	13	
6283250	3762136	1	13	
6283252	3762138	1	13	
6283253	3759349	1	13	
6283254	3758157	1	13	
6283255	3761798	1	13	
6283256	3761799	1	98	DOWNHILL_RUNAWAY
6283258	3761800	1	13	
6283259	3762140	1	13	
6283264	3761802	1	98	CROSS_CENTERLINE
6283265	3761802	2	13	
6283270	3717928	1	13	
6283271	3761805	1	13	
6283272	3762146	1	13	
6283273	3762147	1	1	
6283274	3762147	2	2	
6283275	3762147	3	18	
6283276	3762148	1	13	
6283277	3762149	1	1	
6283278	3762149	2	3	
6283279	3762149	3	8	
6283280	3762150	1	17	
6283281	3762151	1	8	
6283282	3762151	2	9	
6283283	3762151	3	18	
6283284	3762152	1	1	
6283285	3762152	2	3	
6283286	3762153	1	1	
6283287	3762153	2	3	
6283288	3762154	1	1	
6283289	3762154	2	3	
6283161	3762114	1	13	
6283162	3762115	1	13	
6283163	3762116	1	13	
6283166	3760992	1	13	
6283167	3725899	1	13	
6283168	3725900	1	13	
6283169	3725901	1	13	
6283170	3725901	2	1	
6283171	3725902	1	13	
6283172	3730913	1	13	
6283173	3725903	1	13	
6283174	3725904	1	13	
6283175	3730917	1	13	
6283176	3725905	1	13	
6283177	3730929	1	13	
6283178	3730950	1	13	
6283179	3730951	1	13	
6283180	3730960	1	13	
6283181	3730966	1	13	
6283182	3730976	1	13	
6283183	3730987	1	14	
6283184	3730987	2	13	
6283186	3730989	1	1	
6283187	3730989	2	18	
6283188	3730990	1	1	
6283189	3730990	2	18	
6283190	3762118	1	13	
6283191	3762119	1	13	
6283192	3762120	1	13	
6283193	3762121	1	13	
6283194	3762122	1	98	OTHER
6283195	3762122	2	13	
6283196	3762123	1	98	OTHER
6283197	3762123	2	98	OTHER
6283198	3762123	3	98	OTHER
6283199	3762123	4	98	OTHER
6283200	3762124	1	98	OTHER
6283201	3762124	2	98	OTHER
6283202	3762124	3	3	
6283203	3762124	4	5	
6283204	3762125	1	98	OTHER
6283205	3762125	2	1	
6283206	3762125	3	98	OTHER
6283207	3762125	4	18	
6283208	3762126	1	98	OTHER
6283209	3762126	2	98	OTHER
6283210	3762126	3	13	
6283211	3762126	4	18	
6283212	3762127	1	98	OTHER
6283213	3762127	2	9	
6283214	3762127	3	6	
6283215	3762127	4	18	
6283290	3762154	3	18	
6283291	3762155	1	13	
6283293	3762292	1	13	
6283294	3762293	1	13	
6283296	3762295	1	13	
6283297	3762296	1	13	
6283298	3762297	1	13	
6283299	3762298	1	13	
6283300	3762299	1	13	
6283301	3762300	1	13	
6283302	3762301	1	12	
6283303	3762302	1	13	
6283304	3762303	1	13	
6283305	3762304	1	13	
6283306	3762305	1	13	
6283307	3762306	1	13	
6283308	3762307	1	13	
6283309	3762308	1	13	
6283310	3762309	1	13	
6283311	3762310	1	13	
6283312	3762311	1	13	
6283315	3762314	1	1	
6283316	3762314	2	18	
6283317	3762315	1	2	
6283318	3762315	2	13	
6283319	3762316	1	13	
6283321	3762318	1	13	
6283322	3762319	1	13	
6283323	3762320	1	13	
6283324	3762321	1	13	
6283325	3762322	1	13	
6283326	3762323	1	13	
6283327	3762324	1	1	
6283328	3762324	2	18	
6283329	3762324	3	18	
6283330	3762324	4	18	
6283331	3762325	1	13	
6283332	3762326	1	13	
6283333	3762327	1	13	
6283334	3762328	1	13	
6283335	3762329	1	13	
6283336	3762329	2	13	
6283337	3762329	3	13	
6283338	3762330	1	13	
6283339	3762331	1	13	
6283340	3762332	1	13	
6283341	3762333	1	13	
6283342	3762334	1	13	
6283343	3762335	1	13	
6283344	3762336	1	13	
6283345	3762337	1	13	
6283346	3762338	1	13	
6283347	3762339	1	13	
6283348	3762340	1	13	
6283349	3762341	1	8	
6283350	3762341	2	13	
6283351	3762342	1	13	
6283352	3762343	1	13	
6283353	3762344	1	13	
6271234	3755082	1	13	
6271235	3755083	1	13	
6271236	3755084	1	13	
6271237	3755085	1	13	
6271238	3755086	1	1	
6271239	3755086	2	1	
6271240	3755086	3	1	
6271241	3755086	4	1	
6271242	3755087	1	13	
6271245	3755089	1	13	
6271246	3755090	1	13	
6271247	3755091	1	1	
6271248	3755091	2	1	
6271249	3755091	3	1	
6271250	3755091	4	1	
6271251	3755092	1	1	
6271252	3755092	2	3	
6271253	3755093	1	1	
6271254	3755093	2	1	
6271255	3755093	3	1	
6271256	3755093	4	1	
6271258	3755095	1	13	
6271259	3755096	1	13	
6271260	3755097	1	13	
6271265	3755099	1	1	
6271266	3755099	2	18	
6271267	3755100	1	13	
6271269	3755102	1	10	
6271270	3755103	1	18	
6271271	3755104	1	13	
6271272	3755104	2	1	
6271273	3755104	3	18	
6271276	3755109	1	13	
6271281	3755112	1	13	
6271282	3755113	1	18	
6271285	3755116	1	13	
6271286	3755117	1	13	
6271287	3728809	1	13	
6271288	3748091	1	13	
6271289	3748091	2	8	
6271290	3748091	3	1	
6271291	3748091	4	14	
6395986	3830832	1	13	
6395987	3830832	2	1	
6395988	3830832	3	18	
6395989	3830833	1	13	
6395990	3830833	2	1	
6395991	3830834	1	13	
6395992	3830835	1	13	
6395993	3830836	1	13	
6395994	3830837	1	13	
6395995	3830838	1	13	
6395996	3830839	1	13	
6395997	3830840	1	13	
6395998	3822205	1	13	
6395999	3830841	1	13	
6396000	3830842	1	13	
6396001	3830843	1	13	
6396002	3830844	1	13	
6396003	3830845	1	13	
6396004	3830846	1	13	
6396005	3830847	1	18	
6396006	3830847	2	18	
6396007	3830848	1	13	
6396008	3830849	1	13	
6396009	3830850	1	14	
6396011	3830852	1	13	
6396012	3830853	1	13	
6396014	3830855	1	13	
6396015	3830856	1	13	
6396016	3830857	1	13	
6396017	3830858	1	13	
6396024	3830862	1	13	
6396026	3830864	1	13	
6396027	3830865	1	13	
6396028	3830866	1	14	
6396029	3830867	1	13	
6396030	3830868	1	13	
6396031	3830869	1	13	
6396032	3830870	1	13	
6396033	3830871	1	13	
6396034	3830872	1	14	
6396035	3830873	1	18	
6396036	3813924	1	13	
6396037	3822235	1	18	
6396038	3822235	2	1	
6396039	3822235	3	18	
6396040	3822235	4	18	
6396041	3830874	1	13	
6396043	3830876	1	13	
6396044	3830877	1	13	
6396045	3830878	1	13	
6396046	3830879	1	13	
6396047	3830880	1	13	
6396048	3830881	1	13	
6396049	3830882	1	13	
6396050	3830883	1	20	
6396051	3830884	1	13	
6396052	3830885	1	13	
6211711	3720097	1	13	
6211712	3720098	1	13	
6211716	3720102	1	13	
6211717	3720102	2	19	
6211718	3720102	3	14	
6211719	3720103	1	13	
6211720	3720104	1	13	
6211721	3720105	1	10	
6211722	3720105	2	18	
6211723	3720105	3	3	
6211724	3720105	4	1	
6211725	3720106	1	13	
6211726	3720107	1	18	
6211733	3720113	1	1	
6211734	3720113	2	18	
6211735	3720113	3	18	
6211736	3720114	1	13	
6211737	3720115	1	13	
6211741	3720119	1	10	
6211742	3720119	2	18	
6211743	3720119	3	3	
6211744	3720119	4	1	
6211751	3720123	1	13	
6211752	3720124	1	13	
6211753	3720125	1	8	
6211754	3720125	2	1	
6211755	3720125	3	3	
6211756	3720126	1	1	
6211757	3720126	2	5	
6211758	3720126	3	3	
6211759	3720126	4	18	
6211760	3720127	1	13	
6211761	3720128	1	18	
6211762	3720129	1	13	
6211764	3720131	1	12	
6211765	3720132	1	13	
6211766	3720133	1	13	
6211767	3720134	1	1	
6211768	3720134	2	18	
6405456	3836077	1	13	
6405457	3836078	1	13	
6405458	3836079	1	13	
6405459	3836080	1	13	
6405460	3836080	2	1	
6405461	3836081	1	13	
6405462	3836082	1	14	
6405463	3836082	2	8	
6405464	3836082	3	18	
6405465	3836083	1	13	
6405466	3836084	1	14	
6405467	3836085	1	13	
6405468	3836086	1	13	
6405469	3836087	1	13	
6405470	3836088	1	13	
6405471	3836089	1	13	
6405472	3836090	1	13	
6405473	3836091	1	13	
6405474	3836092	1	13	
6405475	3836093	1	13	
6405476	3836094	1	13	
6405477	3836095	1	18	
6405478	3836096	1	13	
6405479	3836097	1	13	
6405480	3836098	1	13	
6405481	3836099	1	13	
6405482	3836100	1	13	
6405483	3836101	1	13	
6405484	3836102	1	17	
6405485	3836103	1	13	
6405486	3836104	1	10	
6405487	3836105	1	13	
6405488	3836106	1	13	
6405489	3836107	1	13	
6405490	3836108	1	3	
6405491	3836109	1	13	
6405492	3836110	1	18	
6405512	3779210	1	13	
6405513	3785826	1	10	
6405514	3796758	1	13	
6405515	3796758	2	1	
6405516	3796758	3	14	
6405517	3796758	4	18	
6405518	3796773	1	13	
6405519	3799979	1	1	
6391839	3828492	1	13	
6391840	3828493	1	13	
6391842	3828495	1	13	
6391843	3828496	1	18	
6391844	3828497	1	13	
6391845	3828498	1	13	
6391846	3828499	1	13	
6391847	3828500	1	13	
6391862	3828515	1	13	
6391863	3828515	2	13	
6391864	3828516	1	13	
6391865	3828517	1	13	
6391866	3828518	1	13	
6391867	3828519	1	14	
6391868	3828520	1	13	
6391869	3828521	1	18	
6391870	3828522	1	13	
6391871	3828523	1	13	
6391872	3828523	2	14	
6391873	3828524	1	13	
6391874	3828525	1	13	
6391875	3828526	1	13	
6391876	3828527	1	13	
6391877	3828528	1	14	
6391878	3828529	1	18	
6391879	3828530	1	13	
6391880	3828531	1	13	
6391881	3828531	2	13	
6391882	3828531	3	13	
6391883	3828532	1	14	
6391884	3828533	1	14	
6391885	3828534	1	13	
6391886	3828534	2	13	
6391887	3828535	1	14	
6391888	3828536	1	13	
6391889	3828537	1	13	
6391890	3828538	1	13	
6391891	3828538	2	13	
6391892	3828539	1	13	
6391893	3828540	1	13	
6391896	3807512	1	13	
6391897	3807512	2	98	
6387008	3826112	1	13	
6387009	3826113	1	13	
6387010	3826114	1	13	
6387011	3826115	1	13	
6387012	3826115	2	1	
6387013	3826115	3	18	
6387014	3826116	1	13	
6387015	3826117	1	13	
6387016	3826118	1	13	
6387017	3826119	1	13	
6387022	3771320	1	10	
6387023	3771320	2	10	
6387024	3771320	3	13	
6387025	3771320	4	18	
6387050	3826134	1	13	
6387051	3826135	1	18	
6387052	3826135	2	6	
6387053	3826136	1	18	
6387054	3826136	2	3	
6387055	3826137	1	18	
6387056	3826137	2	3	
6387057	3826138	1	20	
6387058	3826139	1	13	
6387059	3826140	1	13	
6387060	3826141	1	13	
6387061	3826142	1	14	
6387062	3826143	1	14	
6387063	3826144	1	13	
6387064	3826145	1	3	
6387065	3826146	1	13	
6387066	3826147	1	13	
6337237	3724002	1	8	
6337238	3724002	2	1	
6337239	3724002	3	2	
6337240	3724002	4	18	
6337241	3786580	1	1	
6337242	3786580	2	3	
6337243	3786580	3	11	
6337244	3786580	4	11	
6337245	3793218	1	1	
6337246	3793218	2	18	
6337247	3793218	3	3	
6337248	3793218	4	18	
6337249	3793220	1	13	
6337250	3793220	2	11	
6337251	3793220	3	11	
6337252	3793220	4	11	
6337253	3795703	1	20	
6337254	3795703	2	1	
6337255	3795703	3	18	
6337256	3795703	4	6	
6337257	3797071	1	13	
6337258	3797072	1	13	
6337259	3797073	1	13	
6337260	3797074	1	13	
6337261	3797075	1	13	
6337264	3797078	1	18	
6337265	3797078	2	18	
6337266	3797078	3	1	
6337267	3797079	1	13	
6337268	3797080	1	13	
6337269	3797081	1	13	
6337270	3797082	1	9	
6337271	3797082	2	7	
6337272	3797082	3	8	
6337273	3797082	4	3	
6337274	3797083	1	13	
6337275	3797084	1	13	
6337276	3797085	1	13	
6337277	3797193	1	13	
6337278	3797194	1	13	
6337279	3797195	1	13	
6337280	3797196	1	18	
6337281	3797196	2	18	
6382291	3726852	1	13	
6382299	3824065	1	18	
6382300	3824066	1	13	
6382301	3824067	1	13	
6382302	3824068	1	13	
6382303	3824069	1	13	
6382304	3824070	1	13	
6382305	3822059	1	14	
6382306	3822083	1	13	
6382307	3822136	1	13	
6382308	3822136	2	18	
6382309	3822143	1	13	
6382310	3753237	1	13	
6382311	3822263	1	13	
6382312	3822304	1	13	
6382313	3822307	1	13	
6382314	3757882	1	13	
6382315	3724952	1	13	
6382316	3728449	1	13	
6382317	3741558	1	14	
6382318	3753588	1	12	
6382319	3824071	1	12	
6382320	3824072	1	13	
6382321	3824073	1	13	
6382322	3765716	1	18	
6382323	3772814	1	13	
6382324	3793446	1	14	
6382325	3824075	1	14	
6382326	3824076	1	13	
6382327	3824077	1	13	
6382328	3824078	1	13	
6382329	3824079	1	13	
6382330	3824080	1	13	
6382331	3824081	1	13	
6382332	3824082	1	13	
6382333	3824083	1	18	
6382334	3824084	1	12	
6382335	3824084	2	19	
6382336	3824085	1	13	
6382337	3824086	1	13	
6382338	3824087	1	13	
6382339	3824088	1	13	
6382340	3824089	1	13	
6382341	3824090	1	13	
6382342	3824091	1	16	
6382343	3824092	1	13	
6382344	3824093	1	13	
6382345	3824094	1	13	
6382346	3824095	1	14	
6337344	3797250	1	6	
6337345	3797251	1	13	
6337346	3797252	1	13	
6337343	3797249	1	13	
6337347	3797253	1	13	
6337348	3797254	1	13	
6337349	3797255	1	13	
6337350	3797256	1	13	
6337351	3797257	1	13	
6337352	3797258	1	13	
6337353	3797259	1	13	
6337355	3797261	1	13	
6337356	3797262	1	13	
6337360	3797263	1	13	
6338188	3797936	1	13	
6338189	3797936	2	5	
6338190	3797937	1	13	
6338191	3797938	1	13	
6338192	3797939	1	17	
6338193	3797940	1	13	
6338194	3796003	1	13	
6338195	3796003	2	13	
6338196	3788585	1	13	
6338197	3796060	1	13	
6338198	3797941	1	13	
6338199	3797942	1	13	
6338200	3797943	1	13	
6338201	3797944	1	13	
6338202	3797945	1	13	
6338203	3797946	1	13	
6338204	3797947	1	3	
6338205	3797948	1	13	
6338206	3797949	1	18	
6338207	3797950	1	13	
6338208	3797951	1	13	
6338210	3797953	1	13	
6338211	3797954	1	13	
6338212	3797955	1	6	
6338213	3797956	1	3	
6338214	3797957	1	13	
6338215	3797958	1	3	
6338216	3797959	1	13	
6338217	3797960	1	18	
6338218	3797961	1	13	
6338219	3797962	1	13	
6338220	3797963	1	13	
6338221	3797964	1	13	
6338222	3797965	1	13	
6338223	3797966	1	13	
6338224	3797967	1	13	
6338225	3797968	1	13	
6338226	3797969	1	13	
6338227	3797970	1	13	
6338228	3797971	1	3	
6338229	3797973	1	12	
6338231	3797975	1	13	
6337282	3797196	3	18	
6337283	3797196	4	18	
6337284	3797197	1	13	
6337285	3797198	1	13	
6337286	3797199	1	18	
6337287	3797200	1	13	
6337288	3797201	1	13	
6337289	3797202	1	13	
6337290	3797202	2	14	
6337292	3797204	1	1	
6337293	3797204	2	20	
6337294	3797204	3	12	
6337295	3797205	1	13	
6337296	3797205	2	20	
6337297	3797206	1	13	
6337298	3797207	1	13	
6337299	3797208	1	13	
6337300	3797209	1	13	
6337302	3797211	1	13	
6337303	3797212	1	13	
6337304	3797213	1	13	
6337305	3797214	1	10	
6337306	3797214	2	13	
6337307	3797215	1	13	
6337308	3797216	1	13	
6337309	3797217	1	13	
6337310	3797218	1	13	
6337311	3797219	1	13	
6337312	3797220	1	13	
6337313	3797221	1	13	
6337314	3797222	1	13	
6337315	3797223	1	13	
6337316	3797224	1	13	
6337317	3797225	1	13	
6337318	3797226	1	13	
6337319	3797227	1	13	
6337320	3797228	1	13	
6337321	3797229	1	13	
6337322	3797230	1	13	
6337323	3797231	1	13	
6337324	3797232	1	13	
6337325	3797233	1	13	
6337326	3797234	1	13	
6337327	3797235	1	13	
6337328	3797236	1	13	
6337329	3797236	2	18	
6337332	3797238	1	13	
6337333	3797239	1	13	
6337334	3797240	1	13	
6337335	3797241	1	13	
6337336	3797242	1	13	
6337337	3797243	1	13	
6337338	3797244	1	13	
6337339	3797245	1	13	
6337340	3797246	1	13	
6337341	3797247	1	13	
6337342	3797248	1	13	
6386937	3826062	2	1	
6386938	3826062	3	18	
6386939	3826063	1	13	
6386940	3826063	2	13	
6386941	3826064	1	13	
6386942	3826065	1	13	
6386943	3826066	1	13	
6386944	3826067	1	13	
6386947	3748312	1	14	
6386948	3772834	1	13	
6386949	3778523	1	13	
6386950	3800578	1	13	
6386952	3754834	1	13	
6386953	3760409	1	6	
6386954	3765069	1	18	
6386955	3765069	2	18	
6386956	3765069	3	18	
6386957	3765069	4	18	
6386958	3781679	1	13	
6386959	3826068	1	17	
6386960	3826069	1	13	
6386961	3826070	1	13	
6386962	3826071	1	13	
6386963	3826072	1	18	
6386964	3826072	2	14	
6386965	3826077	1	13	
6386966	3826078	1	18	
6386967	3826079	1	13	
6386968	3826080	1	19	
6386969	3826080	2	18	
6386970	3826081	1	13	
6386971	3826082	1	13	
6386972	3826083	1	13	
6386973	3826084	1	13	
6386974	3826085	1	13	
6386975	3826086	1	13	
6386976	3826087	1	9	
6386977	3826088	1	13	
6386978	3826089	1	14	
6386979	3826090	1	3	
6386980	3826091	1	13	
6386981	3826092	1	13	
6386982	3826093	1	1	
6386983	3826093	2	3	
6386984	3826094	1	13	
6386985	3826095	1	1	
6386986	3826095	2	3	
6386987	3826096	1	18	
6386988	3826096	2	7	
6386989	3826097	1	98	
6386990	3826098	1	13	
6386991	3826099	1	13	
6386993	3826100	1	13	
6386994	3826101	1	14	
6386995	3826102	1	13	
6386996	3826103	1	13	
6386997	3826104	1	13	
6386998	3826105	1	13	
6386999	3826106	1	13	
6387000	3826107	1	13	
6387001	3826108	1	1	
6387002	3826108	2	13	
6387003	3826109	1	13	
6387004	3826110	1	13	
6383952	3824808	1	1	
6383953	3824808	2	3	
6383954	3824809	1	13	
6383955	3824809	2	13	
6383956	3824810	1	13	
6383957	3824810	2	98	
6383958	3824811	1	13	
6383959	3824811	2	98	
6383960	3824812	1	13	
6383961	3824812	2	14	
6383962	3824813	1	1	
6383963	3824813	2	18	
6383964	3824814	1	13	
6383965	3824814	2	18	
6383966	3824815	1	14	
6383967	3824815	2	98	
6383968	3824816	1	18	
6383969	3824816	2	13	
6383970	3824817	1	18	
6383971	3824817	2	13	
6383972	3824818	1	13	
6383973	3824818	2	98	
6383974	3824819	1	13	
6383975	3824819	2	98	
6383976	3824820	1	13	
6383977	3824820	2	98	
6383978	3824821	1	3	
6383979	3824821	2	98	
6383980	3824822	1	13	
6383981	3824822	2	14	
6383982	3824823	1	13	
6383983	3824823	2	13	
6383984	3824824	1	13	
6383985	3824824	2	13	
6383986	3824825	1	13	
6383987	3824825	2	98	
6383988	3824826	1	13	
6383989	3824826	2	13	
6383990	3824827	1	13	
6383991	3824827	2	98	
6383992	3824828	1	13	
6383993	3824828	2	98	
6383994	3824829	1	13	
6383995	3824829	2	98	
6383996	3824830	1	13	
6383997	3824830	2	98	
6383998	3824831	1	13	
6383999	3824831	2	98	
6384000	3824832	1	6	
6384001	3824832	2	98	
6384002	3824833	1	13	
6384003	3824833	2	18	
6384004	3824834	1	13	
6384005	3824834	2	13	
6384006	3824835	1	12	
6384007	3824835	2	98	
6384008	3824836	1	13	
6384009	3824836	2	3	
6384010	3824837	1	13	
6391898	3828541	1	13	
6391899	3828541	2	98	
6391900	3828542	1	13	
6391901	3828542	2	98	
6391902	3828543	1	13	
6391903	3828543	2	98	
6391906	3828545	1	13	
6391907	3828545	2	98	
6391908	3828546	1	98	
6391909	3828546	2	13	
6391910	3828547	1	13	
6391911	3828547	2	13	
6391912	3828548	1	13	
6391913	3828548	2	98	
6391914	3828549	1	10	
6391915	3828549	2	98	
6391916	3828550	1	1	
6391917	3828550	2	3	
6391918	3828551	1	14	
6391919	3828551	2	98	
6391920	3828552	1	10	
6391921	3828552	2	13	
6391922	3828553	1	18	
6391923	3828553	2	98	
6391924	3828554	1	14	
6391925	3828554	2	98	
6391926	3828555	1	1	
6391927	3828555	2	20	
6391928	3828556	1	13	
6391929	3828556	2	98	
6391930	3828557	1	13	
6391931	3828557	2	13	
6391932	3828558	1	13	
6391933	3828558	2	13	
6391934	3828559	1	13	
6391935	3828559	2	98	
6391936	3828560	1	13	
6391937	3828560	2	98	
6391938	3828561	1	13	
6391939	3828561	2	18	
6391940	3828562	1	13	
6391941	3828562	2	13	
6391942	3828563	1	13	
6391943	3828563	2	98	
6391944	3828564	1	13	
6391945	3828564	2	98	
6391946	3828565	1	98	
6391947	3828565	2	98	
6391948	3828566	1	13	
6391949	3828566	2	18	
6391950	3828567	1	13	
6391951	3828567	2	98	
6391952	3828568	1	13	
6391953	3828568	2	98	
6391954	3828569	1	18	
6391955	3828569	2	13	
6391956	3828570	1	13	
6391957	3828570	2	13	
6312588	3745069	1	13	
6312589	3754253	1	13	
6312590	3779250	1	13	
6312591	3779250	2	1	
6312592	3775450	1	1	
6312593	3775450	2	18	
6312594	3780747	1	18	
6312595	3780747	2	3	
6312596	3780748	1	9	
6312597	3780748	2	6	
6312598	3780749	1	13	
6312599	3780750	1	13	
6312600	3780204	1	13	
6312601	3780751	1	13	
6312602	3780752	1	13	
6312603	3780753	1	14	
6312604	3780754	1	13	
6312605	3780755	1	13	
6312606	3780756	1	13	
6312607	3780757	1	18	
6312608	3780757	2	18	
6312610	3780759	1	13	
6312611	3780760	1	18	
6312612	3780760	2	18	
6312613	3780760	3	3	
6312614	3780761	1	13	
6312615	3780762	1	13	
6312616	3780763	1	13	
6312617	3780764	1	13	
6312618	3780765	1	13	
6312620	3780767	1	13	
6312621	3780768	1	1	
6312622	3780768	2	1	
6312623	3780768	3	1	
6312624	3780768	4	1	
6312629	3780770	1	13	
6312630	3780771	1	13	
6312631	3780772	1	13	
6312632	3780773	1	13	
6312633	3780774	1	8	
6312634	3780774	2	13	
6312635	3780775	1	13	
6312636	3780776	1	1	
6312637	3780776	2	1	
6312638	3780776	3	1	
6312639	3780776	4	1	
6312640	3780777	1	13	
6312641	3780778	1	13	
6312642	3780778	2	13	
6312643	3780779	1	5	
6312644	3780780	1	1	
6312645	3780780	2	1	
6194364	3710894	1	13	
6283361	3762351	1	13	
6283362	3762351	2	13	
6283363	3762352	1	13	
6283365	3762354	1	13	
6283366	3762355	1	14	
6283367	3762356	1	13	
6283368	3762357	1	13	
6283369	3762358	1	13	
6283370	3762359	1	13	
6283372	3762361	1	13	
6283373	3762362	1	13	
6283374	3762363	1	13	
6283375	3762364	1	13	
6283376	3762365	1	13	
6283377	3762366	1	13	
6283379	3762368	1	13	
6283380	3762369	1	13	
6283381	3762370	1	13	
6283382	3762371	1	13	
6283383	3762372	1	13	
6283384	3762373	1	13	
6283385	3762374	1	13	
6283386	3762375	1	13	
6283387	3762376	1	13	
6283388	3762377	1	13	
6283389	3762378	1	13	
6283390	3762379	1	13	
6283391	3762380	1	13	
6283392	3762381	1	13	
6283393	3762382	1	13	
6283394	3750079	1	16	
6283395	3762383	1	13	
6283396	3762384	1	13	
6283397	3762385	1	13	
6283398	3762386	1	13	
6283399	3762387	1	13	
6283400	3762387	2	20	
6283401	3762388	1	13	
6283402	3762389	1	13	
6283403	3762390	1	13	
6283404	3762390	2	11	
6283405	3762390	3	11	
6283406	3762390	4	11	
6283407	3762391	1	13	
6283408	3762392	1	13	
6283409	3762393	1	13	
6283411	3762394	1	1	
6283412	3762394	2	98	EMBANKMENT
6283413	3762394	3	3	
6283414	3762395	1	2	
6283415	3762396	1	2	
6283416	3762396	2	8	
6283417	3762396	3	13	
6283418	3762397	1	13	
6348863	3804677	1	13	
6348864	3804678	1	13	
6348865	3804679	1	13	
6348866	3804680	1	13	
6348867	3804681	1	13	
6348868	3804682	1	13	
6348869	3804683	1	13	
6348870	3804684	1	13	
6348871	3804685	1	18	
6348872	3804686	1	13	
6348873	3804687	1	13	
6348874	3804687	2	13	
6348875	3804687	3	13	
6348876	3804688	1	13	
6348877	3804689	1	13	
6348878	3804690	1	13	
6348879	3804691	1	13	
6348880	3804692	1	13	
6348881	3804693	1	14	
6348882	3804694	1	13	
6348883	3804695	1	13	
6348884	3804696	1	13	
6348885	3804697	1	13	
6348886	3804698	1	13	
6348891	3804700	1	13	
6348892	3804700	2	98	
6348893	3804701	1	13	
6348894	3804701	2	98	
6348895	3804702	1	18	
6348896	3804702	2	13	
6348897	3804703	1	13	
6348898	3804703	2	18	
6348899	3804704	1	14	
6348900	3804704	2	14	
6348901	3804705	1	3	
6348902	3804705	2	98	
6348903	3804706	1	13	
6348904	3804706	2	98	
6348905	3804707	1	13	
6348906	3804707	2	13	
6348907	3804708	1	14	
6348908	3804708	2	98	
6348909	3804709	1	14	
6348910	3804709	2	98	
6348911	3804710	1	13	
6348912	3804710	2	13	
6348913	3804711	1	13	
6348914	3804711	2	98	
6348915	3804712	1	13	
6348916	3804712	2	98	
6348917	3804713	1	13	
6348918	3804713	2	98	
6348919	3804714	1	13	
6348920	3804714	2	98	
6348921	3804715	1	13	
6384821	3825286	1	13	
6384822	3825287	1	1	
6384823	3825287	2	18	
6384824	3825288	1	1	
6384825	3825288	2	98	DITCH
6384826	3825289	1	18	
6384827	3825289	2	18	
6384828	3825290	1	98	THROWN OR FALLING OBJECT
6384829	3825291	1	13	
6384830	3825292	1	13	
6384831	3825293	1	13	
6384832	3825294	1	13	
6384833	3825295	1	98	OTHER
6384834	3825295	2	98	OTHER
6384835	3825295	3	13	
6384836	3825296	1	98	OTHER
6384837	3825296	2	17	
6384838	3825296	3	13	
6384842	3825298	1	98	OTHER
6384843	3825298	2	98	OTHER
6384844	3825298	3	13	
6384845	3825299	1	98	OTHER
6384846	3825299	2	98	OTHER
6384847	3825299	3	13	
6384848	3825300	1	98	OTHER
6384849	3825300	2	13	
6384850	3825300	3	13	
6384851	3825301	1	98	OTHER
6384852	3825301	2	13	
6384853	3825301	3	13	
6384854	3825302	1	98	OTHER
6384855	3825302	2	98	OTHER
6384856	3825302	3	13	
6384857	3825303	1	98	OTHER
6384858	3825303	2	1	
6384859	3825303	3	18	
6384860	3825303	4	18	
6384861	3825304	1	98	OTHER
6384862	3825304	2	98	OTHER
6384863	3825304	3	1	
6384864	3825304	4	13	
6384865	3825305	1	98	OTHER
6384866	3825305	2	8	
6384867	3825305	3	1	
6384868	3825305	4	98	OTHER
6384869	3825306	1	98	OTHER
6384870	3825306	2	98	OTHER
6384871	3825306	3	13	
6258699	3747720	1	98	OTHER
6258700	3747720	2	13	
6258701	3747720	3	3	
6258702	3747720	4	8	
6258703	3747721	1	98	OTHER
6258704	3747721	2	98	OTHER
6258705	3747721	3	13	
6258706	3747721	4	98	OTHER
6258707	3747722	1	98	OTHER
6258708	3747722	2	98	OTHER
6258709	3747722	3	13	
6258710	3747722	4	98	OTHER
6258711	3747723	1	98	OTHER
6258712	3747723	2	1	
6258713	3747723	3	98	OTHER
6258714	3747723	4	8	
6258715	3747724	1	98	OTHER
6258716	3747724	2	98	OTHER
6258717	3747724	3	1	
6258718	3747724	4	18	
6258719	3747725	1	98	OTHER
6258720	3747725	2	98	OTHER
6258721	3747725	3	98	OTHER
6258722	3747725	4	1	
6337101	3785531	1	5	
6337102	3785531	2	13	
6337105	3788197	1	13	
6337108	3789085	1	13	
6337110	3759406	1	1	
6337111	3759406	2	3	
6201592	3714785	1	11	
6201593	3714785	2	11	
6201594	3714786	1	11	
6201595	3714786	2	11	
6315851	3767100	3	13	
6315852	3782964	1	13	
6315853	3768989	1	13	
6315854	3775023	1	13	
6315855	3769041	1	2	
6315856	3782965	1	13	
6315857	3782966	1	13	
6315858	3782967	1	13	
6315859	3782968	1	13	
6315860	3782969	1	13	
6315863	3782970	1	1	
6315864	3782970	2	18	
6315865	3782970	3	3	
6315866	3782970	4	18	
6315867	3782971	1	8	
6315868	3782971	2	13	
6315869	3782971	3	1	
6315870	3782972	1	13	
6315871	3782972	2	8	
6315872	3782972	3	1	
6315873	3782973	1	8	
6315874	3782973	2	13	
6315875	3775837	1	13	
6315876	3782974	1	1	
6315877	3782974	2	3	
6315878	3782974	3	18	
6315879	3782975	1	13	
6315880	3782976	1	13	
6315881	3782976	2	13	
6315886	3782978	1	13	
6315887	3782979	1	1	
6315888	3782979	2	18	
6315889	3782979	3	18	
6315890	3782980	1	1	
6315891	3782980	2	13	
6315892	3782980	3	5	
6315893	3782981	1	13	
6315894	3782981	2	8	
6315895	3782981	3	1	
6315896	3782981	4	18	
6315897	3782982	1	13	
6315898	3782983	1	1	
6315899	3782983	2	3	
6315900	3782984	1	13	
6315901	3782984	2	3	
6315902	3782985	1	13	
6315903	3777826	1	13	
6315904	3777827	1	13	
6315905	3782986	1	13	
6315906	3777832	1	13	
6315907	3782987	1	13	
6315909	3782989	1	13	
6215343	3722703	1	11	
6215344	3722703	2	11	
6215345	3722704	1	11	
6215346	3722704	2	11	
6215347	3722705	1	11	
6215348	3722705	2	11	
6215349	3722706	1	11	
6215350	3722706	2	11	
6215351	3722707	1	11	
6215352	3722707	2	11	
6215353	3722708	1	11	
6215354	3722708	2	11	
6215355	3722709	1	11	
6215356	3722709	2	11	
6215357	3722710	1	11	
6215358	3722710	2	11	
6215359	3722711	1	11	
6215360	3722711	2	11	
6215361	3722712	1	11	
6215362	3722712	2	11	
6215363	3722713	1	11	
6215364	3722713	2	11	
6215365	3722714	1	11	
6215366	3722714	2	11	
6215367	3722715	1	11	
6215368	3722715	2	11	
6215369	3722716	1	11	
6215370	3722716	2	11	
6215371	3722717	1	11	
6215372	3722717	2	11	
6215373	3722719	1	13	
6215374	3722720	1	13	
6215375	3722721	1	13	
6215376	3722722	1	13	
6215377	3722723	1	13	
6215378	3722724	1	13	
6215379	3722725	1	13	
6246218	3740759	1	13	
6246219	3740760	1	13	
6246220	3740761	1	13	
6246221	3740762	1	13	
6246222	3740763	1	13	
6246223	3740764	1	13	
6246227	3721941	1	13	
6246228	3740765	1	13	
6246229	3740766	1	13	
6246230	3740767	1	13	
6246231	3740768	1	14	
6246232	3740769	1	1	
6246233	3740769	2	18	
6246234	3740770	1	1	
6246235	3740770	2	3	
6246236	3740771	1	9	
6246237	3740771	2	18	
6246238	3740771	3	3	
6246239	3740771	4	18	
6246240	3740772	1	1	
6246241	3740772	2	2	
6246242	3740772	3	18	
6246243	3740773	1	1	
6246244	3740773	2	3	
6246245	3740774	1	13	
6246246	3740775	1	13	
6246247	3740776	1	13	
6246248	3740777	1	1	
6246249	3740777	2	3	
6246250	3740778	1	13	
6246251	3740779	1	13	
6246252	3740780	1	13	
6246253	3740781	1	13	
6246254	3740782	1	13	
6246255	3740783	1	13	
6246256	3740784	1	13	
6246257	3740785	1	18	
6246258	3740785	2	18	
6246259	3740786	1	13	
6246260	3740787	1	20	
6246261	3740788	1	13	
6246262	3740789	1	13	
6246263	3740790	1	1	
6246264	3740790	2	18	
6246265	3740790	3	2	
6246266	3740791	1	13	
6246267	3740792	1	13	
6246268	3740793	1	1	
6246269	3740793	2	18	
6246270	3740793	3	3	
6246271	3740794	1	13	
6246273	3740796	1	14	
6246274	3740797	1	13	
6246275	3740798	1	13	
6246276	3740799	1	13	
6215415	3722749	1	14	
6215416	3722749	2	14	
6215418	3722751	1	18	
6215419	3722752	1	13	
6215420	3722753	1	1	
6215421	3722754	1	18	
6215422	3722754	2	2	
6215423	3722755	1	13	
6215424	3722755	2	11	
6215425	3722755	3	10	
6215426	3722755	4	10	
6215429	3722757	1	13	
6215430	3722758	1	13	
6215431	3722759	1	13	
6215432	3722760	1	13	
6215433	3722761	1	20	
6215446	3720725	1	13	
6215447	3720726	1	13	
6215448	3720728	1	1	
6215449	3720728	2	14	
6215450	3722764	1	13	
6215451	3722765	1	8	
6215452	3722765	2	13	
6215453	3722765	3	1	
6215454	3720729	1	1	
6215455	3720729	2	18	
6215456	3722766	1	13	
6215457	3722767	1	1	
6215458	3722767	2	18	
6215459	3722767	3	15	
6215460	3722768	1	13	
6215461	3722769	1	13	
6215462	3722770	1	13	
6215463	3722771	1	13	
6215464	3722772	1	13	
6215465	3722773	1	13	
6215466	3722774	1	13	
6215467	3722775	1	18	
6215468	3722776	1	13	
6215470	3722778	1	13	
6215471	3722779	1	13	
6215472	3722780	1	13	
6215473	3722781	1	13	
6215474	3722782	1	13	
6215475	3722783	1	13	
6215476	3722784	1	13	
6215477	3722785	1	13	
6215478	3722785	2	98	CABLE BARRIER
6215479	3722785	3	18	
6215480	3722786	1	13	
6215481	3722787	1	13	
6215482	3722788	1	13	
6215483	3722788	2	3	
6215484	3722789	1	18	
6215485	3722789	2	3	
6215486	3722790	1	1	
6215487	3722790	2	98	REENTERING ROADWAY
6215488	3722790	3	1	
6215489	3722790	4	18	
6215494	3722792	1	13	
6215495	3722793	1	18	
6215496	3722794	1	13	
6215497	3722794	2	98	CABLE BARRIER
6215498	3722795	1	13	
6215499	3722795	2	18	
6215500	3722795	3	18	
6215501	3722796	1	18	
6215503	3722797	1	18	
6215504	3722797	2	13	
6215505	3722798	1	2	
6215506	3722798	2	20	
6215507	3722798	3	18	
6223660	3727623	1	2	
6215509	3722800	1	13	
6223661	3727623	2	1	
6223662	3727623	3	18	
6223663	3727624	1	13	
6223664	3727625	1	13	
6215510	3722801	1	18	
6215511	3722802	1	13	
6215512	3722803	1	13	
6215513	3722804	1	13	
6228288	3730650	1	10	
6228289	3730651	1	13	
6228290	3730652	1	13	
6228291	3725653	1	1	
6228292	3725653	2	18	
6228293	3725653	3	3	
6228294	3725654	1	13	
6228295	3725655	1	1	
6228296	3725655	2	13	
6228297	3725656	1	8	
6228298	3725656	2	13	
6228299	3725657	1	1	
6228300	3725657	2	3	
6228301	3725657	3	18	
6228302	3725657	4	18	
6228303	3726980	1	13	
6228304	3725658	1	13	
6228305	3725102	1	13	
6228306	3725659	1	1	
6228307	3725659	2	3	
6228308	3725103	1	13	
6228309	3726981	1	13	
6228310	3727598	1	13	
6228311	3730653	1	13	
6228312	3725660	1	13	
6228313	3725661	1	13	
6228314	3727599	1	13	
6228315	3726982	1	13	
6228316	3726983	1	13	
6228317	3726984	1	13	
6228318	3726985	1	13	
6315734	3765712	1	13	
6315735	3772843	1	18	
6315736	3772848	1	13	
6315737	3782910	1	6	
6315738	3782911	1	14	
6315739	3782913	1	13	
6315740	3782914	1	18	
6315741	3782915	1	13	
6315742	3782916	1	18	
6315743	3782917	1	13	
6315746	3782920	1	13	
6315747	3771216	1	1	
6315748	3771216	2	18	
6315749	3771216	3	3	
6315750	3782921	1	13	
6315751	3782922	1	13	
6315753	3782924	1	13	
6315754	3782925	1	13	
6315755	3782926	1	13	
6315756	3782927	1	13	
6315757	3782928	1	1	
6315758	3782928	2	10	
6315759	3782928	3	3	
6315760	3782928	4	1	
6315761	3782929	1	13	
6315762	3782930	1	13	
6315763	3782931	1	13	
6315764	3782932	1	13	
6315765	3782933	1	1	
6315766	3782933	2	10	
6315767	3782933	3	8	
6315768	3782933	4	3	
6315769	3782934	1	14	
6315770	3782934	2	1	
6315771	3782935	1	13	
6315772	3782936	1	13	
6315773	3782937	1	1	
6315774	3782937	2	18	
6315775	3782937	3	3	
6315776	3782938	1	13	
6315785	3778567	1	13	
6315791	3778579	1	13	
6315792	3778584	1	13	
6228387	3729723	1	13	
6228389	3729725	1	13	
6228390	3730669	1	13	
6228393	3727676	1	13	
6228400	3713508	1	13	
6228401	3729728	1	13	
6228403	3730670	1	13	
6228404	3729734	1	13	
6228405	3729735	1	13	
6228407	3713555	1	13	
6228408	3729736	1	13	
6228409	3729738	1	13	
6228410	3718359	1	13	
6228412	3713564	1	13	
6228414	3718363	1	13	
6228415	3730671	1	13	
6228416	3730672	1	13	
6228417	3729741	1	13	
6228418	3730673	1	13	
6228419	3713589	1	19	
6228423	3727745	1	13	
6228424	3729796	1	13	
6228426	3729813	1	14	
6228427	3713802	1	13	
6228428	3727786	1	13	
6228429	3729853	1	13	
6228430	3729864	1	13	
6228431	3729866	1	13	
6228433	3718466	1	13	
6228435	3718475	1	13	
6228436	3729893	1	13	
6228437	3718479	1	13	
6228438	3713922	1	13	
6228439	3713922	2	13	
6228440	3713923	1	13	
6228441	3729903	1	13	
6228442	3729905	1	13	
6228445	3729908	1	13	
6228447	3730674	1	13	
6315793	3778586	1	13	
6315798	3751638	1	13	
6315799	3766652	1	13	
6315800	3778617	1	13	
6315801	3778652	1	8	
6315802	3771485	1	13	
6315803	3778659	1	13	
6315804	3778678	1	13	
6315805	3778692	1	13	
6315807	3778696	1	13	
6315808	3778717	1	13	
6315809	3778725	1	13	
6315810	3762570	1	13	
6315811	3778728	1	13	
6315812	3778732	1	13	
6315813	3778743	1	13	
6315814	3782939	1	18	
6315815	3782939	2	3	
6315816	3782939	3	98	OTHER NON MOVABLE OBJECT
6315817	3782940	1	13	
6315818	3782941	1	13	
6315819	3782942	1	13	
6315820	3782943	1	13	
6315821	3782944	1	13	
6315822	3782945	1	18	
6315823	3782946	1	13	
6315824	3782947	1	13	
6315825	3782948	1	13	
6315826	3782949	1	13	
6315827	3782950	1	13	
6315828	3782951	1	13	
6315829	3782952	1	13	
6315830	3782953	1	13	
6315831	3782954	1	13	
6315832	3782955	1	13	
6315833	3782956	1	14	
6315834	3782957	1	13	
6315835	3782958	1	13	
6315836	3782959	1	13	
6315837	3782960	1	13	
6315838	3782961	1	13	
6315845	3782962	1	13	
6315846	3782962	2	20	
6315847	3782963	1	13	
6315848	3767083	1	13	
6315849	3767100	1	1	
6315850	3767100	2	13	
6339097	3724371	1	13	
6339099	3798435	1	13	
6339100	3798436	1	13	
6339101	3798436	2	13	
6339102	3798437	1	13	
6339103	3798438	1	13	
6339104	3798439	1	18	
6339105	3798440	1	18	
6339106	3798441	1	13	
6339107	3798442	1	13	
6339108	3798443	1	13	
6339109	3798444	1	13	
6339110	3796906	1	13	
6339111	3796907	1	13	
6339112	3796907	2	8	
6339113	3796908	1	18	
6339114	3796909	1	98	Trailer fishtail or sway/Pre
6339115	3796909	2	3	
6339116	3796910	1	13	
6339117	3796911	1	1	
6339118	3796911	2	3	
6339119	3796912	1	13	
6339120	3796913	1	13	
6339121	3796914	1	13	
6339122	3796915	1	13	
6339124	3798446	1	13	
6339125	3798447	1	13	
6339126	3798448	1	98	Evasive action/Pre
6339127	3798448	2	3	
6339129	3798450	1	13	
6339130	3798451	1	13	
6339131	3798452	1	98	Evasive action/Pre
6339132	3798452	2	13	
6339133	3798453	1	13	
6339143	3768507	1	98	OTHER
6339144	3768507	2	13	
6339145	3768507	3	8	
6339146	3768507	4	13	
6339147	3774296	1	98	OTHER
6338973	3798377	1	13	
6338974	3798378	1	13	
6338975	3798379	1	12	
6338976	3798380	1	13	
6338977	3798381	1	13	
6338978	3798382	1	1	
6338979	3798382	2	18	
6338980	3798383	1	1	
6338981	3798383	2	3	
6338982	3798384	1	1	
6338983	3798384	2	3	
6338984	3798385	1	8	
6338985	3798385	2	3	
6338986	3798385	3	5	
6338987	3798385	4	1	
6338988	3798387	1	8	
6338989	3798387	2	1	
6338990	3798387	3	13	
6338991	3798387	4	1	
6338992	3798388	1	18	
6338993	3798389	1	13	
6338994	3798390	1	1	
6338995	3798390	2	1	
6338996	3798390	3	18	
6338997	3798390	4	3	
6338998	3798391	1	10	
6338999	3798391	2	1	
6339000	3798391	3	3	
6339001	3798392	1	1	
6339002	3798392	2	3	
6339003	3798393	1	13	
6339004	3798393	2	1	
6339005	3798393	3	18	
6339006	3798393	4	3	
6339011	3798394	1	1	
6339012	3798394	2	18	
6339013	3798395	1	13	
6339014	3798396	1	13	
6339015	3798397	1	13	
6339016	3798398	1	13	
6339017	3798398	2	10	
6339018	3798399	1	13	
6339019	3798400	1	13	
6339020	3798401	1	13	
6339021	3798402	1	13	
6339022	3798402	2	18	
6339023	3798403	1	13	
6339026	3798405	1	13	
6339027	3798406	1	13	
6339028	3798407	1	13	
6339029	3798408	1	13	
6339030	3798409	1	14	
6228341	3730663	1	20	
6228342	3723454	1	13	
6228343	3730664	1	13	
6228344	3729701	1	20	
6228347	3729704	1	18	
6228350	3729706	1	13	
6228354	3729707	1	13	
6228355	3729708	1	13	
6228356	3729708	2	13	
6228361	3729710	1	13	
6228368	3729712	1	13	
6228369	3729712	2	18	
6228370	3730665	1	13	
6228371	3729714	1	18	
6228372	3729714	2	18	
6228373	3729715	1	13	
6228374	3729715	2	13	
6228377	3723481	1	10	
6228382	3729719	1	13	
6228385	3729722	1	10	
6346957	3803694	1	13	
6346958	3803695	1	18	
6346959	3803695	2	3	
6346960	3803696	1	1	
6346961	3803696	2	18	
6346962	3803696	3	18	
6346963	3798780	1	1	
6346964	3798780	2	18	
6346965	3798780	3	3	
6346966	3769615	1	13	
6346967	3803697	1	13	
6346968	3803698	1	13	
6346969	3803699	1	13	
6346970	3803700	1	13	
6346971	3803701	1	12	
6346973	3791926	1	18	
6346974	3803703	1	13	
6346975	3803703	2	18	
6346976	3803704	1	13	
6346977	3803705	1	13	
6346978	3803706	1	12	
6346979	3803707	1	13	
6346980	3803708	1	13	
6346981	3803709	1	14	
6346982	3803709	2	9	
6346983	3803710	1	13	
6346984	3803711	1	13	
6346985	3803712	1	13	
6346986	3803713	1	13	
6346988	3803715	1	16	
6346989	3803716	1	13	
6346990	3803717	1	13	
6346991	3803718	1	13	
6346992	3803719	1	13	
6346993	3803720	1	13	
6346994	3803721	1	13	
6346995	3803722	1	13	
6346996	3803723	1	13	
6346997	3803724	1	13	
6346998	3803725	1	13	
6346999	3803726	1	13	
6347000	3803727	1	13	
6347001	3803728	1	13	
6347002	3803729	1	13	
6347003	3803730	1	14	
6347004	3803731	1	13	
6347006	3803733	1	13	
6347007	3803734	1	14	
6347008	3803734	2	12	
6347009	3803734	3	18	
6347010	3803735	1	13	
6347011	3803736	1	13	
6347012	3803737	1	13	
6347013	3803738	1	13	
6347014	3803739	1	13	
6238764	3736394	1	13	
6238765	3736395	1	13	
6238766	3736396	1	13	
6238767	3736397	1	13	
6238772	3726868	1	13	
6238773	3726868	2	1	
6238777	3736398	1	13	
6238778	3736398	2	1	
6238779	3736399	1	2	
6238780	3736399	2	1	
6238781	3736399	3	14	
6238782	3736399	4	13	
6271294	3755118	2	13	
6271295	3755119	1	13	
6271296	3755119	2	3	
6271297	3755120	1	13	
6271298	3755121	1	13	
6271299	3755121	2	13	
6271293	3755118	1	13	
6271302	3755123	1	1	
6271303	3755123	2	18	
6271304	3755123	3	18	
6271305	3755124	1	13	
6271307	3755126	1	13	
6271308	3755127	1	13	
6271309	3755128	1	13	
6271310	3755128	2	1	
6271311	3755128	3	8	
6271312	3755128	4	13	
6271313	3755129	1	13	
6271315	3755131	1	13	
6271316	3755132	1	13	
6271317	3755133	1	13	
6271318	3755134	1	13	
6271319	3755135	1	13	
6271320	3755135	2	13	
6271321	3755136	1	14	
6271322	3755137	1	13	
6271323	3755138	1	13	
6271325	3755140	1	13	
6271327	3755142	1	13	
6271328	3755143	1	13	
6271329	3755144	1	14	
6271330	3755145	1	13	
6238656	3736339	1	14	
6238657	3736340	1	13	
6238658	3736341	1	13	
6238659	3736342	1	13	
6238660	3736343	1	13	
6238661	3736344	1	13	
6238662	3736345	1	12	
6238663	3736346	1	13	
6238664	3736347	1	13	
6238665	3736348	1	13	
6228448	3730675	1	13	
6228449	3730676	1	14	
6228451	3730678	1	10	
6228452	3730678	2	18	
6228454	3730680	1	13	
6228455	3730681	1	13	
6228456	3730682	1	13	
6228457	3730683	1	13	
6228459	3730685	1	13	
6228460	3730686	1	18	
6228461	3730687	1	18	
6228462	3730688	1	13	
6228463	3730689	1	13	
6228464	3730690	1	13	
6228466	3729915	1	13	
6228467	3729917	1	13	
6228468	3729917	2	13	
6228469	3729921	1	3	
6228481	3730693	1	13	
6228485	3730697	1	13	
6228487	3730699	1	13	
6228488	3730699	2	1	
6228489	3730700	1	13	
6228490	3730701	1	1	
6228491	3730701	2	18	
6228492	3730701	3	3	
6228493	3730702	1	13	
6228494	3729975	1	13	
6228495	3729975	2	1	
6228496	3729976	1	1	
6228497	3729976	2	13	
6228498	3729976	3	3	
6228499	3730703	1	1	
6228500	3730703	2	7	
6228501	3730703	3	3	
6228502	3730704	1	9	
6228503	3730704	2	1	
6228504	3730704	3	18	
6228505	3730705	1	3	
6228506	3730706	1	1	
6228507	3730706	2	18	
6228508	3730706	3	3	
6228509	3730706	4	5	
6228510	3730707	1	10	
6339031	3798410	1	18	
6339032	3798411	1	13	
6339033	3798412	1	16	
6339034	3788841	1	14	
6339035	3788846	1	13	
6339036	3791424	1	13	
6339038	3791434	1	13	
6339039	3791435	1	13	
6339040	3791435	2	13	
6339041	3791451	1	13	
6339042	3791452	1	13	
6339043	3791454	1	13	
6339059	3788918	1	13	
6339060	3798414	1	1	
6339061	3798414	2	18	
6339062	3798414	3	18	
6339063	3798414	4	3	
6339064	3798415	1	13	
6339065	3798416	1	13	
6339067	3798418	1	1	
6339068	3798418	2	14	
6339069	3798418	3	18	
6339070	3798418	4	18	
6339071	3798419	1	13	
6339072	3798420	1	13	
6339074	3798422	1	13	
6339075	3798423	1	3	
6339076	3798424	1	13	
6339077	3798425	1	13	
6339078	3798425	2	1	
6339079	3798425	3	1	
6339080	3798425	4	18	
6339081	3798426	1	13	
6339082	3798427	1	13	
6339083	3798428	1	13	
6339084	3798429	1	13	
6339085	3798430	1	6	
6339088	3798432	1	1	
6339089	3798432	2	18	
6339090	3798432	3	3	
6339091	3798433	1	1	
6339092	3798433	2	18	
6339093	3798434	1	13	
6230544	3731797	1	1	
6230545	3731797	2	8	
6230546	3731797	3	1	
6230547	3731797	4	3	
6230548	3731798	1	13	
6230549	3731799	1	13	
6230550	3731800	1	13	
6230551	3731801	1	13	
6230552	3731802	1	17	
6230553	3731803	1	1	
6230554	3731803	2	18	
6230555	3731804	1	13	
6230556	3731805	1	1	
6230557	3731805	2	3	
6230558	3731805	3	18	
6230559	3731806	1	18	
6230560	3731806	2	98	
6230561	3731806	3	18	
6230562	3731807	1	13	
6230563	3731808	1	13	
6230564	3731809	1	13	
6230565	3731810	1	13	
6230566	3731810	2	13	
6230567	3727844	1	13	
6230568	3727845	1	13	
6230569	3727846	1	13	
6230570	3731811	1	10	
6230571	3731811	2	1	
6230572	3731811	3	18	
6230573	3731812	1	13	
6230574	3731813	1	17	
6230575	3731814	1	98	Loss of traction/Pre
6230576	3731814	2	8	
6230577	3731814	3	18	
6230578	3731814	4	2	
6230579	3731815	1	13	
6230580	3731815	2	1	
6230581	3731816	1	13	
6230582	3731817	1	3	
6230583	3731818	1	2	
6230584	3731819	1	13	
6230585	3731820	1	13	
6230586	3731821	1	13	
6291374	3767609	1	13	
6291377	3752810	1	20	
6291380	3734288	1	13	
6291381	3734289	1	13	
6291382	3734289	2	5	
6291389	3757537	1	1	
6291390	3757537	2	2	
6291394	3756834	1	2	
6291395	3756834	2	1	
6291396	3756834	3	18	
6291397	3756834	4	13	
6291398	3759396	1	13	
6291400	3747928	1	13	
6291401	3752819	1	13	
6291409	3735337	1	13	
6291410	3747930	1	13	
6291414	3748891	1	1	
6291415	3748891	2	2	
6244515	3739872	1	13	
6244516	3739873	1	13	
6244517	3739874	1	13	
6244519	3739876	1	13	
6244520	3739877	1	13	
6244535	3715023	1	13	
6244540	3739879	1	13	
6244541	3739880	1	13	
6244542	3739881	1	15	
6244543	3739882	1	13	
6244544	3739883	1	1	
6244545	3739883	2	18	
6244546	3735767	1	13	
6244547	3739884	1	13	
6244548	3739885	1	10	
6244549	3739886	1	18	
6244550	3739886	2	1	
6244551	3739887	1	13	
6244552	3739888	1	1	
6244553	3739888	2	3	
6244554	3739889	1	3	
6244555	3739889	2	18	
6244556	3739889	3	18	
6244557	3739890	1	13	
6244558	3739891	1	1	
6244559	3739891	2	3	
6244560	3739892	1	13	
6244561	3739893	1	13	
6244562	3739894	1	13	
6244563	3739895	1	13	
6244564	3739896	1	1	
6244565	3739896	2	18	
6244566	3739896	3	3	
6244567	3739897	1	1	
6244568	3739897	2	18	
6244569	3739897	3	3	
6244570	3739897	4	18	
6244571	3739898	1	13	
6244572	3739899	1	13	
6361439	3812995	1	13	
6361440	3812996	1	13	
6361441	3812997	1	13	
6361442	3812998	1	13	
6361443	3812999	1	12	
6361444	3813000	1	13	
6361445	3813001	1	13	
6361446	3813002	1	13	
6361447	3813003	1	13	
6361448	3813004	1	13	
6361449	3813005	1	13	
6361450	3813006	1	13	
6361451	3813007	1	13	
6361452	3813008	1	13	
6361453	3813009	1	13	
6361454	3813010	1	13	
6361455	3813011	1	13	
6361456	3813012	1	13	
6361457	3813013	1	13	
6361458	3813014	1	13	
6361459	3813015	1	13	
6361460	3813017	1	13	
6361461	3813018	1	13	
6361462	3813019	1	14	
6361463	3813020	1	13	
6361464	3813021	1	13	
6361465	3813021	2	1	
6361466	3813021	3	18	
6361467	3813021	4	18	
6361468	3813022	1	13	
6361469	3813023	1	13	
6361470	3813024	1	13	
6361471	3813025	1	6	
6361472	3813026	1	6	
6361473	3813027	1	14	
6361474	3813028	1	18	
6361475	3813028	2	3	
6361476	3813029	1	13	
6361477	3813030	1	1	
6361478	3813030	2	18	
6361479	3813030	3	3	
6361480	3813031	1	13	
6361481	3813032	1	18	
6361482	3813033	1	13	
6361483	3813033	2	13	
6361484	3813033	3	13	
6361485	3813033	4	13	
6361486	3813034	1	20	
6361487	3813034	2	20	
6361488	3813034	3	20	
6361489	3813034	4	20	
6361490	3813035	1	6	
6361491	3813037	1	20	
6361492	3813038	1	13	
6361493	3813038	2	11	
6361494	3813038	3	11	
6361495	3813038	4	11	
6361496	3813039	1	13	
6361497	3813040	1	12	
6203713	3715786	1	3	
6203714	3715787	1	13	
6203715	3715788	1	13	
6203716	3715789	1	13	
6203717	3715790	1	13	
6203718	3715790	2	18	
6203719	3715791	1	13	
6203720	3715791	2	18	
6203721	3715791	3	18	
6203722	3715791	4	6	
6203723	3715792	1	13	
6203725	3715794	1	1	
6203726	3715795	1	17	
6203727	3715796	1	13	
6203728	3715797	1	13	
6203729	3715798	1	13	
6203730	3715799	1	3	
6203731	3715799	2	18	
6203732	3715799	3	18	
6203733	3715799	4	18	
6203734	3715800	1	1	
6203755	3715806	1	13	
6203756	3715807	1	13	
6238651	3736336	1	12	
6238652	3736336	2	13	
6238653	3736337	1	13	
6238654	3736338	1	1	
6238655	3736338	2	18	
6228701	3730736	1	14	
6228702	3730044	1	10	
6228703	3730044	2	1	
6228704	3730044	3	2	
6228705	3730044	4	18	
6228706	3730046	1	13	
6228707	3730048	1	13	
6228708	3730049	1	13	
6228709	3730051	1	13	
6228710	3730055	1	1	
6228711	3730055	2	18	
6228712	3730056	1	13	
6228713	3730057	1	14	
6228714	3730058	1	13	
6228715	3730059	1	13	
6228716	3730059	2	18	
6228717	3730060	1	13	
6228718	3730060	2	12	
6228719	3730061	1	10	
6228720	3730061	2	1	
6228721	3730061	3	18	
6228722	3730062	1	1	
6228723	3730062	2	18	
6228745	3725861	1	13	
6228746	3730748	1	13	
6228747	3730749	1	18	
6228748	3730750	1	13	
6228758	3730753	1	13	
6228761	3730755	1	13	
6410011	3838811	1	13	
6410012	3838812	1	13	
6410013	3838812	2	98	
6410014	3838813	1	13	
6410015	3838813	2	98	
6410016	3838814	1	13	
6410017	3838814	2	98	
6410018	3838815	1	13	
6410019	3838815	2	98	
6410020	3838816	1	13	
6410021	3838816	2	98	
6410022	3838817	1	13	
6410023	3838817	2	13	
6410024	3838818	1	13	
6410025	3838818	2	98	
6410026	3838819	1	13	
6410027	3838819	2	18	
6410028	3838820	1	13	
6410029	3838820	2	13	
6410030	3838821	1	13	
6410031	3838821	2	98	
6410032	3838822	1	18	
6410033	3838822	2	98	
6410034	3838823	1	13	
6410035	3838823	2	13	
6410036	3838824	1	13	
6410037	3838824	2	98	
6410038	3838825	1	13	
6410039	3838825	2	98	
6410040	3838826	1	13	
6410041	3838826	2	98	
6410042	3838827	1	13	
6410043	3838827	2	98	
6410044	3838828	1	13	
6410045	3838828	2	98	
6410046	3838829	1	13	
6410047	3838829	2	18	
6410048	3838830	1	13	
6410049	3838830	2	98	
6410050	3838831	1	18	
6410051	3838831	2	3	
6410052	3838832	1	13	
6410053	3838832	2	98	
6410054	3838833	1	13	
6410055	3838833	2	18	
6410056	3838834	1	13	
6410057	3838834	2	13	
6410058	3838835	1	18	
6410059	3838835	2	3	
6410060	3838836	1	13	
6410061	3838836	2	1	
6410062	3838837	1	13	
6410063	3838837	2	98	
6410064	3838838	1	13	
6410065	3838838	2	98	
6410066	3838839	1	13	
6410067	3838839	2	13	
6410068	3838840	1	14	
6410069	3838840	2	14	
6341131	3799855	1	13	
6341132	3799856	1	13	
6341133	3799857	1	13	
6341134	3799858	1	13	
6341135	3799859	1	13	
6341136	3799860	1	13	
6341137	3799861	1	13	
6341138	3799862	1	13	
6341139	3799863	1	13	
6341141	3798867	1	14	
6341142	3799865	1	13	
6341143	3799866	1	13	
6341144	3799867	1	13	
6341145	3799868	1	13	
6341146	3799869	1	16	
6341147	3799870	1	13	
6341148	3799871	1	13	
6341149	3799872	1	13	
6341150	3799873	1	13	
6341151	3799874	1	12	
6341152	3799875	1	13	
6341154	3799877	1	13	
6341155	3799878	1	13	
6341156	3799879	1	13	
6341157	3799880	1	13	
6341158	3799882	1	13	
6341159	3799883	1	13	
6341160	3799884	1	13	
6341161	3799885	1	14	
6341162	3799886	1	13	
6341163	3799887	1	10	
6341164	3799888	1	13	
6341165	3799889	1	13	
6341166	3799890	1	18	
6341167	3799891	1	12	
6341168	3799892	1	13	
6341169	3799893	1	13	
6341170	3799894	1	13	
6341171	3799896	1	14	
6341172	3799897	1	13	
6341173	3798856	1	13	
6341174	3799898	1	17	
6341175	3799899	1	13	
6341176	3799900	1	20	
6341177	3799901	1	3	
6341178	3799902	1	13	
6341179	3799903	1	13	
6341180	3799904	1	13	
6341181	3799906	1	13	
6341182	3799907	1	13	
6341183	3799908	1	13	
6341184	3799909	1	8	
6341185	3799909	2	1	
6341186	3799909	3	3	
6341187	3799910	1	21	
6300609	3770907	1	13	
6300610	3770907	2	13	
6300611	3773259	1	18	
6300612	3773260	1	13	
6300613	3773261	1	13	
6300614	3773262	1	13	
6300615	3773262	2	13	
6300616	3773263	1	18	
6300617	3773264	1	1	
6300618	3773264	2	18	
6300619	3773264	3	18	
6300620	3773265	1	13	
6300622	3773267	1	18	
6300623	3773268	1	13	
6300624	3773269	1	13	
6300625	3773270	1	3	
6300626	3773270	2	18	
6300627	3773271	1	13	
6300628	3773272	1	13	
6300629	3773273	1	13	
6300630	3773273	2	8	
6300631	3772174	1	13	
6300632	3772174	2	13	
6300633	3773274	1	13	
6300634	3773274	2	98	HIT & RUN
6300635	3773275	1	18	
6300636	3773276	1	18	
6300637	3773276	2	18	
6300638	3773277	1	13	
6300639	3773278	1	13	
6300640	3773279	1	9	
6300641	3773279	2	13	
6300642	3773280	1	13	
6300644	3773282	1	13	
6300645	3773283	1	13	
6300646	3773284	1	18	
6300647	3773285	1	13	
6300648	3773286	1	13	
6300649	3773286	2	13	
6300650	3773287	1	13	
6300651	3773288	1	9	
6300652	3773288	2	13	
6300653	3773289	1	13	
6300654	3773290	1	18	
6300655	3773291	1	13	
6300656	3773292	1	2	
6300657	3773293	1	13	
6300658	3773294	1	13	
6300659	3773295	1	13	
6300660	3773296	1	13	
6300661	3773297	1	13	
6300662	3773298	1	13	
6300663	3773299	1	3	
6300664	3773300	1	2	
6300665	3773300	2	18	
6300666	3770920	1	13	
6315910	3782990	1	14	
6315911	3782991	1	1	
6315912	3782991	2	18	
6315913	3782991	3	3	
6315914	3782992	1	13	
6315915	3782993	1	13	
6315916	3780219	1	13	
6315917	3780220	1	13	
6315921	3780911	1	13	
6315924	3782995	1	13	
6315925	3782996	1	13	
6315927	3782998	1	13	
6315928	3782999	1	13	
6315929	3782999	2	13	
6315930	3783000	1	13	
6315932	3783002	1	13	
6315933	3783003	1	20	
6315934	3783004	1	13	
6315935	3783005	1	13	
6315936	3783006	1	13	
6315937	3783007	1	13	
6315938	3783008	1	13	
6315939	3783009	1	13	
6315940	3783010	1	13	
6315942	3783012	1	13	
6315944	3783014	1	13	
6315945	3783015	1	18	
6315946	3783015	2	12	
6315947	3783016	1	13	
6315948	3783017	1	13	
6315950	3783019	1	13	
6315951	3783020	1	8	
6315952	3783021	1	13	
6315953	3783022	1	13	
6315954	3783023	1	13	
6315955	3783024	1	5	
6315956	3783024	2	8	
6315957	3783025	1	1	
6315958	3783025	2	3	
6315959	3783026	1	20	
6315960	3783027	1	13	
6315961	3783028	1	13	
6315963	3783030	1	10	
6315964	3783030	2	13	
6315966	3783032	1	9	
6315967	3783033	1	13	
6202486	3714286	1	1	
6202487	3714286	2	18	
6202488	3714286	3	18	
6202489	3714286	4	18	
6202492	3714289	1	13	
6202493	3714290	1	1	
6202494	3714291	1	13	
6202495	3714292	1	98	DITCH
6202498	3714295	1	13	
6202499	3714296	1	13	
6202500	3714297	1	13	
6202501	3714298	1	13	
6202502	3714299	1	13	
6202503	3714300	1	17	
6202504	3714301	1	13	
6202517	3715353	1	1	
6202518	3715353	2	2	
6202519	3715354	1	13	
6202520	3715355	1	13	
6202521	3715356	1	13	
6202522	3715357	1	13	
6234139	3731386	1	1	
6234140	3731386	2	18	
6234141	3726850	1	13	
6234142	3726851	1	13	
6234143	3726851	2	20	
6234144	3731387	1	13	
6234145	3731387	2	13	
6234150	3726853	1	14	
6234152	3724251	1	6	
6234155	3726855	1	13	
6234156	3726856	1	17	
6234157	3731388	1	2	
6234158	3731388	2	1	
6234159	3731388	3	18	
6234160	3729443	1	1	
6234161	3729443	2	18	
6234162	3729443	3	2	
6234164	3726857	1	13	
6234165	3731389	1	13	
6234171	3726858	1	13	
6234172	3726859	1	8	
6234173	3726859	2	1	
6234174	3726859	3	18	
6234175	3726859	4	18	
6234176	3726860	1	13	
6234178	3726862	1	14	
6234179	3726862	2	7	
6234180	3731391	1	98	
6234183	3726863	1	13	
6234184	3733830	1	13	
6234185	3726864	1	13	
6234186	3731392	1	13	
6234187	3731393	1	13	
6234188	3729446	1	13	
6234189	3733831	1	18	
6234190	3726865	1	20	
6234191	3726865	2	1	
6234192	3726865	3	18	
6234193	3726865	4	3	
6234195	3729447	1	13	
6234196	3729447	2	14	
6234202	3729449	1	13	
6234206	3729450	1	13	
6234207	3726866	1	13	
6234208	3726867	1	13	
6234211	3729451	1	13	
6234212	3729452	1	14	
6234213	3733832	1	13	
6234214	3726869	1	13	
6234215	3729453	1	13	
6234216	3731394	1	13	
6234217	3733833	1	1	
6234218	3733833	2	18	
6234219	3729454	1	1	
6234220	3729454	2	18	
6234222	3726870	1	13	
6234225	3729458	1	17	
6234226	3726871	1	18	
6207404	3717604	1	3	
6207405	3717605	1	13	
6207406	3717606	1	13	
6207407	3717607	1	13	
6207408	3717608	1	13	
6207409	3717608	2	1	
6207410	3717609	1	13	
6207411	3717610	1	1	
6207412	3717610	2	18	
6207413	3717610	3	18	
6207414	3717611	1	13	
6207415	3717612	1	13	
6207416	3717613	1	13	
6207417	3717614	1	13	
6207419	3717616	1	13	
6207420	3717617	1	13	
6207423	3717620	1	13	
6207424	3717621	1	13	
6207428	3717625	1	13	
6207430	3717627	1	13	
6207452	3717647	1	20	
6236845	3735318	1	13	
6236846	3735318	2	1	
6236847	3735318	3	1	
6236848	3735318	4	3	
6236849	3735319	1	14	
6236850	3735320	1	8	
6236851	3735320	2	1	
6236852	3735321	1	13	
6236853	3735321	2	8	
6236854	3735321	3	1	
6236855	3735322	1	1	
6236856	3735322	2	3	
6236857	3735322	3	10	
6236858	3735323	1	13	
6236859	3735324	1	13	
6236864	3735329	1	13	
6236867	3735332	1	13	
6236868	3735333	1	13	
6236872	3735335	1	13	
6236879	3722537	1	13	
6236880	3734304	1	13	
6236887	3734306	1	13	
6344527	3802118	1	13	
6344528	3802119	1	13	
6344529	3802120	1	13	
6344530	3802121	1	13	
6344531	3802122	1	13	
6344532	3802123	1	1	
6344533	3802123	2	3	
6344534	3802124	1	13	
6344535	3802125	1	13	
6344536	3802126	1	13	
6344538	3802128	1	13	
6344539	3802129	1	13	
6344540	3802130	1	13	
6344541	3802131	1	13	
6344542	3802132	1	13	
6344544	3801669	1	13	
6344545	3802134	1	17	
6344546	3802135	1	10	
6344547	3802135	2	13	
6344548	3802135	3	18	
6344549	3802136	1	13	
6344550	3802137	1	13	
6344552	3802139	1	8	
6344553	3801670	1	13	
6344554	3802141	1	13	
6344555	3802142	1	1	
6344556	3802142	2	3	
6344557	3802143	1	13	
6344558	3802143	2	7	
6344559	3801671	1	9	
6344560	3801671	2	1	
6344561	3801671	3	18	
6344562	3802144	1	13	
6344563	3802145	1	17	
6344564	3802146	1	19	
6344569	3802149	1	13	
6344570	3802150	1	14	
6344571	3802151	1	13	
6344572	3802152	1	13	
6344576	3802156	1	13	
6344577	3802156	2	1	
6344578	3802156	3	18	
6344579	3802157	1	13	
6211647	3719526	3	18	
6211648	3719527	1	13	
6211649	3719527	2	3	
6211650	3719527	3	18	
6211651	3719528	1	2	
6211652	3719528	2	18	
6211653	3720067	1	7	
6211654	3720068	1	2	
6211655	3720068	2	18	
6211656	3719529	1	2	
6211657	3719529	2	1	
6211658	3719529	3	18	
6211659	3719529	4	18	
6211660	3720069	1	13	
6211661	3720070	1	13	
6211662	3719530	1	18	
6211663	3719531	1	1	
6211664	3719531	2	2	
6211665	3719531	3	18	
6211666	3719532	1	18	
6211667	3719532	2	2	
6211668	3719533	1	13	
6211669	3719534	1	13	
6211670	3719536	1	13	
6211671	3720071	1	13	
6211672	3719537	1	8	
6211673	3719537	2	98	DITCH
6211674	3719538	1	13	
6211675	3719539	1	1	
6211676	3719539	2	3	
6211677	3720072	1	1	
6211678	3720072	2	3	
6211679	3720073	1	5	
6211680	3720074	1	13	
6211681	3720074	2	1	
6211682	3720075	1	13	
6211683	3720076	1	13	
6211684	3720077	1	13	
6211685	3720078	1	13	
6211686	3720079	1	13	
6211688	3720081	1	13	
6211707	3720093	1	13	
6211710	3720096	1	13	
6386878	3826013	1	13	
6386879	3826014	1	13	
6386880	3826015	1	3	
6386881	3826016	1	3	
6386882	3826017	1	13	
6386883	3826017	2	13	
6386884	3826017	3	13	
6386885	3826018	1	13	
6386886	3826019	1	13	
6386887	3826020	1	13	
6386888	3826020	2	1	
6386889	3826021	1	13	
6386890	3826022	1	13	
6386891	3826023	1	13	
6386893	3826025	1	18	
6386894	3826026	1	13	
6386895	3826027	1	13	
6386896	3826028	1	18	
6386897	3826029	1	13	
6386898	3826030	1	18	
6386899	3826031	1	13	
6386900	3826032	1	13	
6386901	3826033	1	13	
6386902	3826033	2	13	
6386903	3826034	1	13	
6386904	3826035	1	13	
6386905	3826036	1	13	
6386906	3826037	1	18	
6386911	3826039	1	1	
6386912	3826039	2	18	
6386913	3826040	1	13	
6386914	3826041	1	13	
6386915	3826042	1	13	
6386916	3826043	1	13	
6386918	3826045	1	13	
6386919	3826046	1	18	
6386920	3826047	1	13	
6386921	3826048	1	13	
6386922	3826049	1	13	
6386923	3826049	2	3	
6386924	3826050	1	13	
6386925	3826051	1	13	
6386926	3826052	1	13	
6386927	3826053	1	13	
6386928	3826054	1	13	
6386929	3826055	1	13	
6386930	3826056	1	13	
6386931	3826057	1	13	
6386932	3826058	1	13	
6386933	3826059	1	13	
6386934	3826060	1	13	
6386935	3826061	1	13	
6386936	3826062	1	18	
6324909	3789317	1	19	
6324910	3789317	2	12	
6324911	3789318	1	13	
6324912	3789319	1	13	
6324913	3789320	1	13	
6324914	3789321	1	13	
6324915	3789322	1	13	
6324916	3789323	1	13	
6324917	3789324	1	13	
6324918	3789325	1	13	
6324919	3789326	1	13	
6324920	3789327	1	13	
6324921	3789328	1	13	
6324922	3789329	1	13	
6324923	3789330	1	13	
6324924	3789331	1	13	
6324925	3789332	1	13	
6324926	3789333	1	13	
6324927	3789334	1	13	
6324928	3789335	1	13	
6324929	3789336	1	1	
6324930	3789336	2	18	
6324931	3789337	1	13	
6386817	3825964	1	13	
6386818	3825965	1	13	
6386819	3825966	1	13	
6386820	3825967	1	13	
6386821	3825968	1	13	
6386822	3825969	1	13	
6386823	3825970	1	13	
6386824	3825971	1	13	
6386825	3825972	1	13	
6386826	3825973	1	13	
6386827	3825974	1	13	
6386828	3825975	1	13	
6386829	3825976	1	13	
6386830	3825977	1	13	
6386831	3825978	1	13	
6386832	3745691	1	13	
6386833	3825587	1	13	
6386834	3825587	2	13	
6386835	3825979	1	17	
6386836	3825980	1	13	
6386837	3825981	1	13	
6386838	3825981	2	13	
6386839	3825981	3	13	
6386840	3825981	4	13	
6386841	3825982	1	13	
6386842	3825983	1	13	
6386843	3825984	1	13	
6386844	3825985	1	3	
6386845	3825985	2	1	
6386846	3825985	3	18	
6386847	3825986	1	13	
6386848	3825987	1	13	
6386849	3825988	1	13	
6386850	3825989	1	13	
6386851	3825990	1	3	
6386852	3825991	1	13	
6386853	3825992	1	18	
6386854	3825993	1	13	
6386855	3825994	1	13	
6386856	3825995	1	13	
6386857	3825996	1	13	
6386858	3825997	1	13	
6386859	3825998	1	13	
6386860	3825999	1	13	
6386861	3825999	2	13	
6386862	3826000	1	13	
6386863	3826000	2	13	
6386864	3826001	1	18	
6386865	3826002	1	13	
6386866	3826003	1	13	
6386867	3826004	1	13	
6386868	3823057	1	13	
6386869	3826005	1	12	
6386870	3826006	1	13	
6386871	3826006	2	13	
6386872	3826007	1	13	
6386873	3826008	1	13	
6386875	3826010	1	13	
6386876	3826011	1	13	
6386877	3826012	1	13	
6313557	3781462	1	14	
6313558	3781463	1	13	
6313559	3781464	1	13	
6313561	3781466	1	98	COLLISION WITH A LOW HANGING UTILITY WIRE
6313562	3781467	1	13	
6313563	3781468	1	13	
6313564	3781469	1	13	
6313565	3781470	1	13	
6313566	3781471	1	13	
6313567	3781472	1	13	
6313568	3781473	1	13	
6313569	3781474	1	13	
6313570	3781475	1	18	
6313571	3781475	2	1	
6313572	3781475	3	18	
6313579	3781478	1	13	
6313580	3781479	1	13	
6313581	3781479	2	13	
6313582	3781480	1	13	
6313583	3781481	1	13	
6313584	3781482	1	13	
6313585	3781483	1	13	
6313586	3781484	1	18	
6313587	3781485	1	13	
6313588	3781486	1	13	
6313589	3781487	1	13	
6313590	3781488	1	13	
6313591	3781489	1	13	
6313592	3781490	1	13	
6313593	3781491	1	18	
6313594	3781492	1	13	
6313595	3781493	1	13	
6313596	3781495	1	18	
6313597	3781496	1	13	
6313598	3781497	1	13	
6313599	3781498	1	18	
6313600	3772771	1	13	
6313601	3772771	2	98	
6313602	3778396	1	14	
6313603	3778396	2	13	
6313604	3781499	1	98	
6313605	3781499	2	98	
6313606	3781500	1	13	
6313607	3781500	2	98	
6313608	3781501	1	13	
6313609	3781501	2	98	
6313610	3781502	1	13	
6313611	3781502	2	98	
6313612	3781503	1	13	
6313613	3781503	2	98	
6313614	3781504	1	14	
6269740	3753948	1	13	
6269741	3753949	1	13	
6269742	3753950	1	13	
6269754	3748871	1	13	
6269755	3748872	1	13	
6269756	3752815	1	13	
6269757	3753956	1	2	
6269758	3753956	2	18	
6269759	3753956	3	13	
6269763	3753959	1	13	
6269764	3734274	1	1	
6269765	3734274	2	2	
6269773	3732101	1	13	
6269776	3752822	1	2	
6269777	3752822	2	13	
6269780	3719679	1	13	
6269792	3753972	1	13	
6269793	3740537	1	13	
6269794	3753973	1	14	
6269795	3736230	1	13	
6269796	3753974	1	13	
6269797	3753975	1	13	
6269798	3753976	1	1	
6269799	3753976	2	3	
6340174	3799188	2	1	
6340175	3799189	1	13	
6340176	3789606	1	8	
6340177	3789606	2	13	
6340178	3799190	1	13	
6340179	3799191	1	1	
6340180	3799192	1	13	
6340181	3789615	1	2	
6340182	3799193	1	2	
6340183	3799194	1	13	
6340184	3790238	1	13	
6340185	3799195	1	10	
6390741	3827885	1	13	
6340187	3799196	1	13	
6340188	3799197	1	13	
6390742	3827886	1	13	
6340190	3799198	1	14	
6340191	3791273	1	13	
6340192	3799199	1	2	
6340193	3799200	1	13	
6340194	3791280	1	13	
6340195	3799201	1	8	
6340196	3799201	2	1	
6340197	3799201	3	18	
6340198	3799201	4	3	
6340199	3799202	1	1	
6340200	3799202	2	18	
6340201	3791298	1	13	
6340202	3791303	1	13	
6340203	3791304	1	13	
6340204	3799203	1	1	
6340205	3799203	2	8	
6340206	3799203	3	1	
6340207	3799203	4	18	
6340208	3799204	1	13	
6340209	3799204	2	8	
6340210	3799204	3	1	
6340211	3799204	4	18	
6340212	3799205	1	1	
6340213	3799205	2	3	
6340214	3791311	1	8	
6340215	3791311	2	13	
6340216	3791312	1	13	
6340217	3791315	1	13	
6340218	3799206	1	13	
6340219	3799207	1	14	
6340220	3799208	1	13	
6340221	3799209	1	13	
6340222	3799210	1	13	
6340223	3797351	1	13	
6340224	3793117	1	13	
6340225	3793117	2	3	
6340226	3799211	1	13	
6340227	3799212	1	13	
6340228	3799213	1	8	
6340229	3799213	2	1	
6340230	3799213	3	18	
6340231	3799214	1	1	
6340232	3799214	2	18	
6340233	3799215	1	13	
6340234	3799216	1	13	
6340235	3799217	1	1	
6340236	3799218	1	14	
6390743	3827887	1	13	
6340238	3799220	1	14	
6340239	3799220	2	13	
6340240	3799221	1	13	
6390744	3827888	1	1	
6340242	3799223	1	13	
6340243	3799223	2	13	
6340244	3799224	1	13	
6390745	3827888	2	18	
6340246	3799226	1	14	
6340247	3799227	1	14	
6340248	3799228	1	13	
6340249	3799229	1	13	
6340250	3799230	1	13	
6340251	3799231	1	13	
6390746	3827888	3	18	
6340253	3799233	1	13	
6340254	3799234	1	13	
6340255	3799235	1	13	
6340256	3799236	1	13	
6340258	3799238	1	14	
6340259	3799239	1	14	
6340260	3799240	1	13	
6340261	3799241	1	14	
6340262	3799241	2	13	
6340263	3799242	1	20	
6340264	3799243	1	1	
6340265	3799243	2	18	
6390747	3827889	1	1	
6390748	3827889	2	18	
6390749	3827890	1	13	
6340269	3799246	1	13	
6340270	3799246	2	13	
6340271	3780254	1	13	
6340272	3786146	1	1	
6340273	3786146	2	18	
6340274	3786146	3	3	
6390750	3827891	1	13	
6340278	3777858	1	13	
6340279	3781019	1	13	
6340280	3786270	1	5	
6340281	3788843	1	14	
6340282	3788859	1	1	
6340283	3788859	2	13	
6340284	3788859	3	18	
6340285	3788859	4	2	
6340286	3788906	1	13	
6340287	3791429	1	14	
6340288	3791432	1	98	
6340289	3791458	1	13	
6340290	3791460	1	13	
6340291	3799249	1	13	
6340292	3799250	1	13	
6390751	3827892	1	13	
6340294	3799252	1	13	
6340295	3799253	1	13	
6340296	3799254	1	10	
6340297	3799254	2	3	
6340298	3799254	3	18	
6340299	3799255	1	14	
6340300	3799255	2	12	
6340301	3799256	1	13	
6390752	3827893	1	13	
6340303	3799258	1	13	
6390753	3827894	1	13	
6390754	3827895	1	13	
6390755	3827896	1	13	
6390756	3827897	1	13	
6390757	3827898	1	13	
6390758	3827899	1	8	
6390759	3827899	2	13	
6390760	3827900	1	1	
6390761	3827900	2	1	
6390762	3827900	3	18	
6390763	3827901	1	13	
6390764	3827902	1	13	
6390765	3827903	1	1	
6390766	3827903	2	3	
6390767	3827904	1	13	
6390768	3827905	1	13	
6390770	3827907	1	13	
6390771	3827908	1	13	
6390772	3827908	2	13	
6390773	3827908	3	18	
6390774	3827909	1	13	
6390775	3827909	2	13	
6390776	3827909	3	18	
6390777	3827910	1	13	
6390778	3827911	1	13	
6390779	3827912	1	13	
6390780	3827913	1	13	
6390781	3827914	1	18	
6390782	3827915	1	13	
6390783	3827916	1	1	
6390784	3827916	2	18	
6390785	3827917	1	13	
6390786	3827918	1	13	
6390788	3827920	1	1	
6390789	3827920	2	18	
6390790	3827920	3	18	
6390791	3827921	1	13	
6390792	3827922	1	13	
6390794	3827924	1	9	
6390795	3827924	2	98	
6390796	3827925	1	13	
6390797	3827926	1	13	
6390798	3827927	1	98	UTILITY POLE/LIGHT SUPPORT
6390799	3827928	1	13	
6340351	3799295	1	13	
6340352	3799295	2	18	
6340353	3799296	1	13	
6390800	3827928	2	98	GUARDRAIL FACE
6390801	3827929	1	13	
6390802	3827930	1	13	
6390803	3827931	1	13	
6390804	3827932	1	13	
6390805	3827933	1	13	
6390806	3827934	1	13	
6390807	3827935	1	13	
6390808	3827936	1	13	
6390809	3827937	1	13	
6390810	3827938	1	98	TRAFFIC SIGN SUPPORT
6390811	3827939	1	13	
6340366	3799306	1	13	
6340367	3799307	1	14	
6340368	3799308	1	13	
6340382	3799320	1	1	
6340383	3799320	2	3	
6340384	3799321	1	13	
6340385	3799322	1	13	
6340386	3799323	1	8	
6340387	3799323	2	1	
6340388	3799323	3	3	
6340389	3799324	1	13	
6340390	3799324	2	18	
6340391	3799325	1	98	
6340392	3799326	1	13	
6340393	3799326	2	3	
6340394	3799327	1	13	
6340395	3799328	1	1	
6340396	3799328	2	18	
6340397	3799328	3	3	
6340398	3799329	1	13	
6340399	3799330	1	1	
6340400	3799330	2	18	
6340401	3799331	1	1	
6340402	3799331	2	18	
6340403	3799331	3	18	
6340404	3799332	1	14	
6340405	3799333	1	13	
6340406	3799334	1	13	
6340407	3792422	1	13	
6340410	3799337	1	98	
6340414	3799340	1	13	
6340415	3799341	1	1	
6340416	3799341	2	18	
6340417	3799342	1	13	
6340418	3799343	1	18	
6340419	3799343	2	98	Evasive action/Pre
6340420	3799343	3	1	
6340421	3799343	4	3	
6340422	3799344	1	13	
6340424	3795451	1	10	
6340425	3799345	1	13	
6340426	3799346	1	13	
6340427	3799347	1	13	
6340428	3799348	1	13	
6340429	3799349	1	13	
6340430	3799350	1	13	
6340431	3799351	1	13	
6340432	3799352	1	13	
6340433	3799353	1	13	
6340434	3799354	1	13	
6340435	3799355	1	13	
6340436	3799356	1	13	
6340437	3799357	1	13	
6340438	3799358	1	13	
6340439	3799359	1	13	
6340440	3799360	1	13	
6340441	3799361	1	13	
6340442	3799362	1	13	
6340443	3799363	1	13	
6340446	3750975	1	13	
6340448	3799364	1	12	
6340449	3799365	1	13	
6340450	3799366	1	13	
6340451	3799367	1	13	
6340452	3799368	1	13	
6340453	3799369	1	13	
6340454	3799370	1	17	
6340455	3799371	1	13	
6340456	3799372	1	1	
6340457	3799372	2	18	
6340458	3799373	1	13	
6340459	3799374	1	13	
6340460	3799375	1	13	
6340461	3799376	1	13	
6340462	3799377	1	13	
6340463	3799378	1	14	
6340464	3799379	1	13	
6340465	3799380	1	13	
6340466	3799381	1	13	
6340467	3799382	1	13	
6340468	3799383	1	13	
6340469	3799384	1	13	
6340472	3799387	1	13	
6340473	3799388	1	13	
6340474	3799389	1	13	
6340475	3799390	1	13	
6340476	3799391	1	13	
6340477	3799392	1	1	
6340478	3799392	2	3	
6340479	3799392	3	18	
6340480	3799393	1	13	
6340481	3799394	1	13	
6340482	3799395	1	13	
6340483	3799396	1	14	
6340484	3799397	1	13	
6340485	3799398	1	13	
6340486	3799399	1	13	
6340487	3799400	1	18	
6340488	3799401	1	13	
6265211	3733658	1	98	RAN_OFF_ROAD_RIGHT
6265212	3733658	2	18	
6265230	3751106	1	2	
6285372	3763587	1	13	
6285373	3763587	2	18	
6285374	3763588	1	13	
6285375	3763588	2	98	
6285376	3763589	1	18	
6285377	3763589	2	6	
6285378	3763590	1	13	
6285379	3763590	2	98	
6285380	3763591	1	18	
6285381	3763592	1	13	
6285382	3763593	1	13	
6285383	3759694	1	13	
6285384	3763594	1	13	
6285385	3763595	1	13	
6285386	3759697	1	13	
6285387	3763596	1	13	
6285388	3763597	1	13	
6285389	3763598	1	13	
6285390	3763599	1	13	
6285391	3763600	1	13	
6285392	3763601	1	13	
6285393	3763602	1	13	
6285394	3763603	1	13	
6285395	3763604	1	13	
6285396	3763605	1	13	
6285397	3763605	2	14	
6285398	3763606	1	13	
6285399	3763607	1	13	
6285400	3763608	1	13	
6285401	3763609	1	13	
6285402	3763610	1	13	
6285403	3763611	1	13	
6285404	3763612	1	3	
6285405	3763613	1	13	
6285406	3763613	2	3	
6285407	3763614	1	13	
6285408	3763615	1	13	
6285409	3763616	1	13	
6285410	3763617	1	13	
6285411	3763617	2	8	
6285412	3763617	3	1	
6285413	3763618	1	13	
6285414	3763619	1	13	
6285415	3763620	1	13	
6285416	3763621	1	13	
6285417	3763622	1	13	
6285418	3763623	1	13	
6285419	3763624	1	1	
6285420	3763624	2	18	
6285421	3763624	3	8	
6285422	3763624	4	3	
6285423	3763625	1	13	
6285424	3763626	1	13	
6285425	3763627	1	13	
6285426	3763628	1	13	
6285427	3763629	1	13	
6285428	3763630	1	13	
6285429	3763631	1	13	
6285430	3763632	1	13	
6285431	3759730	1	13	
6285432	3763633	1	3	
6285433	3763634	1	13	
6285434	3763634	2	18	
6285435	3763635	1	1	
6285436	3763635	2	18	
6285437	3763635	3	18	
6285438	3763636	1	13	
6285439	3763637	1	13	
6285440	3763638	1	14	
6285441	3763639	1	13	
6285442	3763640	1	13	
6285443	3763641	1	13	
6285444	3763642	1	18	
6285445	3763642	2	18	
6285446	3763642	3	18	
6285447	3763642	4	3	
6285450	3763645	1	13	
6285451	3763646	1	13	
6285452	3763647	1	13	
6285453	3763648	1	13	
6285454	3763649	1	13	
6285455	3763650	1	13	
6285456	3763651	1	13	
6285457	3763651	2	1	
6285458	3763652	1	13	
6285459	3763653	1	13	
6285460	3763654	1	1	
6285461	3763654	2	18	
6285462	3763654	3	3	
6285463	3763655	1	13	
6285464	3763656	1	13	
6285465	3763657	1	13	
6285466	3763658	1	13	
6285467	3763659	1	13	
6285468	3763660	1	13	
6285469	3759749	1	18	
6285470	3763661	1	18	
6285471	3763661	2	18	
6285472	3763662	1	13	
6285473	3763663	1	13	
6285474	3763663	2	13	
6285475	3763663	3	18	
6285476	3763663	4	1	
6285477	3763664	1	13	
6285478	3763665	1	13	
6285479	3763666	1	1	
6285480	3763666	2	18	
6285481	3763667	1	13	
6285482	3763668	1	13	
6285483	3763669	1	13	
6285484	3763670	1	13	
6285485	3763671	1	13	
6285486	3763672	1	13	
6285487	3763673	1	13	
6285488	3763674	1	13	
6285489	3763674	2	14	
6285490	3763675	1	13	
6285491	3763676	1	13	
6285492	3763677	1	13	
6285493	3763678	1	13	
6285494	3763679	1	13	
6285495	3763680	1	9	
6285496	3763681	1	14	
6285497	3763682	1	13	
6285498	3763683	1	13	
6285499	3763684	1	13	
6285500	3763685	1	13	
6285501	3763686	1	13	
6285502	3763687	1	13	
6285503	3763687	2	1	
6285504	3763688	1	13	
6285505	3763689	1	13	
6285506	3763690	1	13	
6285507	3763691	1	13	
6285508	3763692	1	8	
6285509	3763692	2	1	
6285510	3763692	3	18	
6285511	3763693	1	8	
6285512	3763693	2	13	
6285513	3763694	1	13	
6285514	3763695	1	13	
6285515	3763696	1	13	
6285516	3763697	1	13	
6285517	3763698	1	18	
6285518	3763699	1	13	
6285519	3763700	1	13	
6285520	3763701	1	13	
6285521	3763702	1	13	
6285522	3763703	1	1	
6285523	3763703	2	18	
6285524	3763704	1	13	
6285525	3763705	1	13	
6285526	3759758	1	13	
6285527	3763706	1	13	
6285528	3763707	1	13	
6285529	3763708	1	13	
6285530	3763709	1	13	
6285531	3763710	1	13	
6285532	3763711	1	13	
6285533	3763712	1	13	
6285534	3763713	1	3	
6285535	3763713	2	1	
6285536	3763713	3	18	
6285537	3763714	1	18	
6285538	3763715	1	13	
6285539	3763716	1	13	
6285540	3763717	1	14	
6285541	3763718	1	13	
6285542	3763719	1	13	
6285543	3763720	1	13	
6285544	3763721	1	14	
6285545	3763722	1	13	
6285546	3763723	1	13	
6285547	3763724	1	13	
6285548	3763725	1	13	
6285549	3763726	1	13	
6285550	3763727	1	13	
6285551	3763728	1	14	
6285552	3763729	1	5	
6285553	3763729	2	3	
6285554	3763729	3	18	
6285555	3763729	4	18	
6285556	3763730	1	13	
6285557	3763731	1	13	
6285558	3763731	2	3	
6285559	3763732	1	13	
6285560	3763733	1	8	
6285561	3763733	2	13	
6285562	3763733	3	18	
6285563	3763733	4	1	
6285564	3763734	1	13	
6285565	3763735	1	13	
6285566	3763736	1	13	
6285567	3763737	1	13	
6285568	3763738	1	13	
6285569	3763739	1	13	
6285570	3763740	1	13	
6285571	3763741	1	13	
6285572	3763742	1	13	
6285573	3763743	1	13	
6285574	3759793	1	13	
6285575	3763744	1	13	
6285576	3763745	1	13	
6285577	3763746	1	13	
6285578	3763747	1	13	
6285579	3763748	1	13	
6285580	3763749	1	13	
6285581	3763750	1	18	
6285582	3763751	1	13	
6285583	3763752	1	13	
6285584	3763753	1	1	
6285585	3763753	2	18	
6285586	3763753	3	18	
6285587	3763754	1	13	
6285588	3763755	1	13	
6285589	3763756	1	13	
6285590	3763757	1	14	
6285591	3763758	1	13	
6285592	3763759	1	13	
6285593	3763760	1	13	
6285594	3763761	1	13	
6285595	3763762	1	5	
6285596	3763762	2	3	
6285597	3763763	1	13	
6285598	3759805	1	13	
6285599	3759806	1	13	
6285600	3759811	1	13	
6285601	3759818	1	13	
6285602	3759819	1	3	
6285603	3759819	2	13	
6285604	3759819	3	13	
6285606	3759823	1	13	
6285607	3763764	1	13	
6285608	3759825	1	13	
6285609	3759834	1	10	
6285610	3759839	1	13	
6285611	3759841	1	10	
6285612	3763765	1	13	
6285613	3763766	1	13	
6340598	3799492	1	13	
6340599	3799493	1	13	
6340600	3799494	1	13	
6340601	3799495	1	1	
6340602	3799495	2	18	
6340603	3799496	1	13	
6340604	3799497	1	3	
6340605	3799498	1	13	
6340606	3799499	1	13	
6340607	3799500	1	13	
6340608	3799501	1	17	
6340609	3799501	2	2	
6340610	3799501	3	3	
6340611	3799501	4	1	
6340612	3799502	1	13	
6340613	3799503	1	14	
6340614	3799504	1	14	
6340615	3799505	1	13	
6340616	3799506	1	13	
6340617	3799507	1	13	
6340618	3799508	1	13	
6340619	3799509	1	3	
6340620	3799510	1	13	
6340621	3799511	1	13	
6340622	3799512	1	13	
6340623	3799513	1	13	
6340624	3799514	1	13	
6340626	3799516	1	13	
6340627	3799517	1	13	
6340628	3799518	1	13	
6340629	3799519	1	13	
6340630	3799520	1	13	
6340631	3799521	1	3	
6340632	3799522	1	13	
6340633	3799522	2	13	
6340634	3799523	1	13	
6340635	3799524	1	13	
6340636	3799525	1	18	
6340637	3799526	1	13	
6340638	3799527	1	13	
6340639	3799527	2	13	
6340640	3799527	3	13	
6340641	3799527	4	13	
6340642	3799528	1	13	
6340643	3799529	1	13	
6340644	3799529	2	1	
6340645	3799530	1	13	
6340646	3799531	1	18	
6340647	3799532	1	13	
6340648	3799533	1	13	
6340649	3799534	1	13	
6340650	3799535	1	8	
6340651	3799535	2	13	
6340652	3799535	3	7	
6340653	3799536	1	13	
6340654	3799537	1	1	
6340655	3799537	2	18	
6340656	3799538	1	13	
6340657	3799539	1	13	
6340658	3799540	1	17	
6340659	3799541	1	13	
6340660	3799542	1	13	
6340661	3799543	1	13	
6340662	3799544	1	13	
6340663	3799545	1	13	
6340664	3799546	1	13	
6340665	3799547	1	1	
6340666	3799547	2	18	
6340667	3799548	1	13	
6340668	3799549	1	13	
6340669	3799550	1	13	
6340670	3799551	1	13	
6340671	3799552	1	13	
6340672	3799553	1	1	
6340673	3799553	2	3	
6340674	3799554	1	5	
6340675	3799555	1	18	
6340676	3799556	1	13	
6340677	3799557	1	5	
6340678	3799558	1	13	
6340679	3799559	1	1	
6340680	3799559	2	3	
6340681	3799560	1	13	
6340682	3799561	1	13	
6340683	3799562	1	13	
6340684	3799563	1	13	
6340686	3799565	1	13	
6340690	3799567	1	98	OTHER
6340691	3799567	2	13	
6340692	3799567	3	13	
6340693	3799568	1	98	OTHER
6340694	3799568	2	13	
6340695	3799568	3	13	
6340696	3799569	1	98	OTHER
6340697	3799569	2	98	OTHER
6340698	3799569	3	8	
6340699	3799569	4	13	
6340700	3799570	1	98	OTHER
6340701	3799570	2	98	OTHER
6340702	3799570	3	98	OTHER
6340703	3799570	4	18	
6340704	3799571	1	98	OTHER
6340705	3799571	2	98	OTHER
6340706	3799571	3	13	
6340707	3799571	4	13	
6340708	3799572	1	98	OTHER
6340709	3799572	2	98	OTHER
6340710	3799572	3	13	
6340711	3799572	4	13	
6340712	3799573	1	98	OTHER
6340713	3799573	2	98	OTHER
6340714	3799573	3	1	
6340715	3799573	4	18	
6340716	3799574	1	98	OTHER
6340717	3799574	2	8	
6340718	3799574	3	98	
6340719	3799574	4	18	
6340720	3799575	1	98	OTHER
6340721	3799575	2	9	
6340722	3799575	3	8	
6340723	3799575	4	1	
6340724	3799576	1	98	OTHER
6340725	3799576	2	1	
6340726	3799576	3	18	
6340727	3799576	4	18	
6340728	3799577	1	98	OTHER
6340729	3799577	2	7	
6340730	3799577	3	1	
6340731	3799577	4	8	
6340732	3799578	1	98	OTHER
6340733	3799578	2	98	OTHER
6340734	3799578	3	13	
6340735	3799578	4	1	
6340736	3799579	1	98	OTHER
6340737	3799579	2	98	OTHER
6340738	3799579	3	19	
6340739	3799579	4	1	
6340740	3799580	1	98	OTHER
6340741	3799580	2	98	OTHER
6340742	3799580	3	1	
6340743	3799580	4	13	
6340744	3799581	1	98	OTHER
6340745	3799581	2	13	
6340746	3799581	3	1	
6340747	3799581	4	13	
6340748	3799582	1	98	OTHER
6340749	3799582	2	2	
6340750	3799582	3	1	
6340751	3799582	4	18	
6340752	3799583	1	98	OTHER
6340753	3799583	2	13	
6340754	3799583	3	1	
6340755	3799583	4	18	
6340756	3799584	1	98	OTHER
6340757	3799584	2	98	OTHER
6340758	3799584	3	1	
6340759	3799584	4	18	
6340760	3799585	1	98	OTHER
6340761	3799585	2	9	
6340762	3799585	3	1	
6340763	3799585	4	8	
6340764	3799586	1	98	OTHER
6340765	3799586	2	1	
6340766	3799586	3	18	
6340767	3799586	4	18	
6340768	3799587	1	98	OTHER
6340769	3799587	2	98	OTHER
6340770	3799587	3	98	OTHER
6340771	3799587	4	13	
6340772	3799588	1	98	OTHER
6340773	3799588	2	98	OTHER
6340774	3799588	3	1	
6340775	3799588	4	2	
6340776	3799589	1	98	OTHER
6340777	3799589	2	98	OTHER
6340778	3799589	3	98	OTHER
6340779	3799589	4	13	
6340780	3799590	1	98	OTHER
6340781	3799590	2	98	OTHER
6340782	3799590	3	8	
6340783	3799590	4	13	
6340784	3799591	1	98	OTHER
6340785	3799591	2	98	OTHER
6340786	3799591	3	98	OTHER
6340787	3799591	4	8	
6340788	3799592	1	98	OTHER
6340789	3799592	2	98	OTHER
6340790	3799592	3	13	
6340791	3799592	4	8	
6340792	3799593	1	98	OTHER
6340793	3799593	2	13	
6340794	3799593	3	13	
6340795	3799593	4	8	
6340796	3799594	1	98	OTHER
6340797	3799594	2	98	OTHER
6340798	3799594	3	13	
6340799	3799594	4	8	
6340800	3799595	1	98	OTHER
6340801	3799595	2	98	OTHER
6340802	3799595	3	13	
6340803	3799595	4	8	
6340804	3799596	1	98	OTHER
6340805	3799596	2	9	
6340806	3799596	3	13	
6340807	3799596	4	1	
6340808	3799597	1	98	OTHER
6340809	3799597	2	8	
6340810	3799597	3	13	
6340811	3799597	4	1	
6340812	3799598	1	98	OTHER
6340813	3799598	2	98	OTHER
6340814	3799598	3	98	OTHER
6340815	3799598	4	20	
6340816	3799599	1	98	OTHER
6340817	3799599	2	8	
6340818	3799599	3	13	
6340819	3799599	4	20	
6340820	3799600	1	98	OTHER
6340821	3799600	2	1	
6340822	3799600	3	3	
6340823	3799600	4	98	OTHER
6340824	3799601	1	98	OTHER
6340825	3799601	2	1	
6340826	3799601	3	98	OTHER
6340827	3799601	4	98	OTHER
6340828	3799602	1	98	OTHER
6340829	3799602	2	98	OTHER
6340830	3799602	3	13	
6340832	3796480	1	98	RAN_OFF_ROAD_RIGHT
6340833	3796480	2	3	
6340834	3796481	1	13	
6340835	3797455	1	13	
6340836	3797456	1	13	
6340837	3797456	2	13	
6340838	3797456	3	13	
6340841	3797458	1	13	
6340842	3797459	1	18	
6340843	3794349	1	13	
6340844	3794350	1	13	
6340845	3796483	1	13	
6340847	3797460	1	13	
6340848	3796484	1	98	RAN_OFF_ROAD_RIGHT
6340849	3796484	2	98	RAN_OFF_ROAD_LEFT
6340850	3796484	3	98	RAN_OFF_ROAD_RIGHT
6340851	3796484	4	3	
6340852	3794351	1	98	EQUIPMENT_FAILURE_TIRES_BRAKES
6340853	3794351	2	5	
6340854	3796485	1	13	
6340855	3796486	1	13	
6340856	3796487	1	98	EQUIPMENT_FAILURE_TIRES_BRAKES
6340857	3796487	2	5	
6340858	3796487	3	98	RAN_OFF_ROAD_RIGHT
6340859	3797463	1	98	EQUIPMENT_FAILURE_TIRES_BRAKES
6340860	3797463	2	98	RAN_OFF_ROAD_RIGHT
6340861	3797463	3	18	
6340862	3797463	4	18	
6340863	3797464	1	5	
6340866	3797465	1	98	EQUIPMENT_FAILURE_TIRES_BRAKES
6340867	3797466	1	13	
6340870	3797467	1	13	
6340871	3797467	2	98	SEPARATION_OF_UNITS
6340872	3797470	1	13	
6340873	3797471	1	13	
6340882	3799604	1	13	
6395577	3830572	2	13	
6395578	3830573	1	13	
6395579	3830574	1	13	
6395580	3830575	1	13	
6395581	3830576	1	1	
6395582	3830576	2	13	
6395583	3830577	1	13	
6395584	3830578	1	10	
6395585	3830578	2	3	
6395587	3830580	1	13	
6395588	3830581	1	13	
6395589	3830582	1	10	
6395590	3830582	2	18	
6395591	3830583	1	13	
6395592	3830584	1	13	
6395593	3830585	1	13	
6395594	3830586	1	3	
6395595	3830587	1	13	
6395596	3830588	1	5	
6395597	3830588	2	3	
6395598	3830024	1	13	
6395599	3830025	1	13	
6395600	3830028	1	13	
6395601	3830029	1	1	
6395602	3830029	2	18	
6395603	3830589	1	13	
6395604	3830031	1	18	
6395605	3830032	1	10	
6395606	3830033	1	13	
6395607	3830590	1	13	
6395608	3830591	1	13	
6395609	3830592	1	13	
6395610	3830593	1	13	
6395611	3830594	1	13	
6395612	3830595	1	13	
6395613	3830596	1	18	
6395614	3830597	1	1	
6395615	3830597	2	3	
6395616	3830598	1	13	
6395617	3830599	1	3	
6395618	3830600	1	13	
6395619	3830601	1	13	
6395620	3830602	1	13	
6395621	3809712	1	13	
6395622	3809724	1	13	
6395623	3809762	1	13	
6395624	3809787	1	13	
6395625	3809801	1	13	
6395626	3809802	1	13	
6395627	3809808	1	13	
6395628	3809830	1	13	
6395629	3809831	1	13	
6395630	3809832	1	13	
6395631	3809833	1	13	
6395632	3809834	1	13	
6395633	3809837	1	6	
6395634	3809840	1	13	
6395635	3809851	1	13	
6395636	3809856	1	13	
6395637	3810116	1	10	
6395638	3810319	1	13	
6395639	3810346	1	8	
6395640	3810346	2	10	
6395641	3810565	1	13	
6395642	3810570	1	13	
6395643	3810572	1	13	
6395644	3810600	1	13	
6395645	3810630	1	10	
6395646	3810667	1	13	
6395647	3819965	1	1	
6395648	3819965	2	14	
6395649	3830603	1	13	
6395650	3830604	1	13	
6395651	3830605	1	1	
6395652	3830605	2	18	
6395653	3830605	3	7	
6395654	3830605	4	3	
6395655	3830606	1	13	
6395656	3830606	2	1	
6395657	3830607	1	13	
6395658	3830608	1	16	
6395659	3830609	1	13	
6395660	3830610	1	13	
6395661	3830611	1	13	
6395662	3830612	1	13	
6395663	3830613	1	13	
6395664	3830614	1	13	
6395665	3830615	1	13	
6395666	3830616	1	13	
6395667	3830616	2	17	
6395668	3830616	3	1	
6395669	3830616	4	3	
6395761	3756719	1	13	
6395762	3753926	1	13	
6395763	3790283	1	13	
6395764	3796471	1	13	
6395776	3830069	1	13	
6395777	3830069	2	98	RAN_OFF_ROAD_RIGHT
6395778	3830069	3	13	
6395779	3830069	4	98	RAN_OFF_ROAD_LEFT
6395813	3826351	1	13	
6395814	3740552	1	1	
6395815	3740552	2	2	
6395816	3740552	3	18	
6395817	3826368	1	13	
6395818	3826371	1	1	
6395819	3826371	2	3	
6395820	3829607	1	13	
6395821	3830084	1	13	
6395822	3830085	1	13	
6395823	3830085	2	13	
6395824	3830086	1	13	
6395825	3830087	1	13	
6395826	3830641	1	13	
6395827	3830642	1	13	
6395828	3811581	1	16	
6395829	3823729	1	12	
6395830	3821510	1	12	
6395831	3829598	1	13	
6395833	3830643	1	13	
6395834	3830644	1	13	
6395835	3830645	1	13	
6395836	3830646	1	13	
6395837	3830647	1	13	
6395838	3830648	1	9	
6395839	3830648	2	1	
6395840	3830648	3	18	
6395841	3830649	1	13	
6395842	3830649	2	13	
6395843	3830650	1	13	
6395844	3830651	1	13	
6395845	3830652	1	13	
6395846	3830653	1	13	
6395847	3830654	1	13	
6395848	3830655	1	13	
6395849	3830656	1	17	
6395850	3830657	1	10	
6395851	3830657	2	1	
6395852	3830657	3	18	
6395853	3830658	1	13	
6395854	3830659	1	13	
6395855	3830660	1	13	
6395857	3830734	1	13	
6395858	3830735	1	13	
6395859	3830736	1	13	
6395860	3830737	1	13	
6395861	3830738	1	10	
6395862	3830738	2	13	
6395863	3830739	1	13	
6395864	3830740	1	13	
6395867	3830741	1	13	
6395868	3830742	1	13	
6395869	3830743	1	14	
6395870	3830744	1	13	
6395871	3830745	1	13	
6395872	3830746	1	13	
6395873	3830747	1	13	
6395874	3830748	1	13	
6395875	3830749	1	13	
6395876	3830750	1	13	
6395877	3830750	2	1	
6395878	3830750	3	3	
6395879	3830750	4	18	
6375078	3820497	1	13	
6392647	3828901	1	5	
6375080	3820499	1	13	
6375081	3820500	1	13	
6375082	3820501	1	13	
6375083	3820502	1	13	
6375084	3820503	1	13	
6375085	3815703	1	13	
6375086	3820504	1	13	
6375087	3820505	1	5	
6375088	3820505	2	3	
6375089	3815704	1	13	
6375090	3820506	1	13	
6392648	3828902	1	98	
6392649	3828903	1	1	
6375093	3820509	1	13	
6375094	3820510	1	13	
6392650	3828903	2	13	
6375095	3815705	1	13	
6375096	3820511	1	13	
6375097	3820512	1	13	
6392651	3828904	1	8	
6392652	3828904	2	1	
6375098	3820513	1	13	
6375099	3820514	1	3	
6375100	3820514	2	18	
6375101	3820515	1	13	
6375102	3820516	1	13	
6375103	3820517	1	13	
6375104	3820518	1	13	
6392653	3828904	3	18	
6392654	3828905	1	8	
6375106	3820519	1	13	
6375107	3820520	1	13	
6375108	3820520	2	1	
6392655	3828905	2	13	
6392656	3828906	1	13	
6375109	3820520	3	18	
6392657	3828907	1	1	
6392658	3828907	2	18	
6392659	3828907	3	3	
6375110	3820521	1	13	
6375111	3820522	1	4	
6375112	3820522	2	18	
6375113	3820522	3	13	
6375114	3820522	4	14	
6392660	3828907	4	5	
6392662	3828909	1	1	
6392663	3828909	2	1	
6392664	3828909	3	18	
6392665	3828909	4	2	
6392666	3828910	1	13	
6392667	3828911	1	9	
6392668	3828911	2	8	
6392669	3828911	3	1	
6392671	3828913	1	13	
6392672	3828914	1	13	
6392673	3828915	1	18	
6392675	3828917	1	13	
6392676	3813416	1	13	
6392677	3813421	1	13	
6392678	3817644	1	13	
6392679	3826795	1	13	
6392680	3826796	1	13	
6392681	3826885	1	13	
6392682	3828918	1	13	
6392683	3826996	1	13	
6375118	3820526	1	13	
6375119	3820527	1	13	
6366163	3815679	1	13	
6375120	3820528	1	1	
6375121	3820528	2	18	
6375122	3820529	1	13	
6375123	3801158	1	14	
6392695	3823683	1	98	OTHER
6392696	3823683	2	98	OTHER
6366192	3803893	1	13	
6366193	3815706	1	13	
6366194	3813063	1	18	
6366195	3815707	1	13	
6366196	3815707	2	18	
6366197	3815708	1	13	
6366198	3815709	1	13	
6366200	3815711	1	13	
6366201	3815712	1	18	
6366202	3815712	2	18	
6366203	3815713	1	13	
6366204	3815714	1	13	
6366205	3815715	1	13	
6366206	3815716	1	13	
6366207	3800054	1	13	
6366208	3802697	1	20	
6366209	3804202	1	13	
6366210	3804202	2	1	
6366211	3804202	3	18	
6366212	3815717	1	13	
6366213	3815718	1	20	
6366214	3815719	1	13	
6366215	3815720	1	13	
6366216	3815721	1	13	
6366217	3815722	1	1	
6366218	3815722	2	18	
6366219	3815723	1	13	
6366220	3807631	1	9	
6366221	3807631	2	20	
6392697	3823683	3	98	OTHER
6392698	3823683	4	13	
6392699	3825318	1	98	OTHER
6392700	3825318	2	98	OTHER
6366226	3807634	1	1	
6366227	3807634	2	18	
6366228	3807634	3	18	
6366229	3807634	4	13	
6366230	3813130	1	13	
6366231	3813130	2	3	
6366232	3815724	1	13	
6366233	3815725	1	13	
6366234	3815726	1	13	
6366235	3815727	1	13	
6366236	3815728	1	13	
6366237	3815729	1	10	
6366238	3815730	1	13	
6366239	3815730	2	6	
6366240	3815731	1	13	
6366241	3815732	1	13	
6366242	3815733	1	1	
6366243	3815733	2	13	
6366244	3815734	1	8	
6366245	3815734	2	3	
6366246	3815734	3	13	
6366247	3815734	4	1	
6366248	3815735	1	13	
6366249	3815736	1	13	
6366250	3815737	1	13	
6366251	3815738	1	13	
6366252	3815739	1	10	
6392701	3825318	3	98	OTHER
6366254	3815741	1	13	
6366255	3815742	1	13	
6366256	3815743	1	1	
6366257	3815743	2	18	
6366258	3815743	3	3	
6366259	3815743	4	18	
6366260	3815744	1	13	
6366261	3815744	2	1	
6366262	3815745	1	1	
6366263	3815745	2	13	
6366266	3815748	1	13	
6366267	3815749	1	1	
6366268	3815749	2	3	
6366269	3815749	3	5	
6366270	3815750	1	1	
6366271	3815750	2	3	
6366272	3815751	1	13	
6366273	3815752	1	1	
6366274	3815752	2	18	
6366275	3815753	1	13	
6366278	3815755	1	13	
6366279	3815756	1	13	
6366280	3815757	1	13	
6366281	3815758	1	13	
6366282	3815759	1	13	
6366283	3815760	1	13	
6366284	3815761	1	13	
6366285	3815761	2	1	
6366286	3815761	3	18	
6366287	3815762	1	13	
6366288	3815763	1	13	
6366289	3815764	1	13	
6366290	3815765	1	13	
6366293	3796314	1	13	
6366294	3815766	1	13	
6366295	3815767	1	13	
6366296	3815768	1	13	
6366297	3815769	1	13	
6366298	3815770	1	6	
6392702	3825318	4	13	
6392703	3828926	1	98	OTHER
6366303	3815772	1	13	
6366304	3815773	1	1	
6366305	3815773	2	8	
6366306	3815773	3	1	
6366307	3815773	4	18	
6366308	3815774	1	13	
6366309	3815775	1	1	
6366310	3815775	2	14	
6366311	3812008	1	10	
6366312	3815776	1	13	
6366313	3815777	1	13	
6366314	3815778	1	13	
6366315	3815779	1	14	
6366316	3815780	1	13	
6366317	3815780	2	13	
6366318	3815781	1	13	
6366319	3815782	1	13	
6366320	3815783	1	15	
6366321	3815784	1	13	
6366322	3815785	1	13	
6366323	3795478	1	13	
6366324	3795482	1	13	
6366330	3788023	1	13	
6366331	3789666	1	18	
6366332	3790918	1	1	
6366333	3790918	2	18	
6366334	3812010	1	13	
6366336	3789762	1	13	
6366337	3815787	1	13	
6366338	3815788	1	13	
6366339	3815789	1	13	
6366340	3815790	1	13	
6366341	3815791	1	18	
6366342	3815792	1	13	
6366343	3815793	1	98	
6366344	3815794	1	13	
6366345	3815795	1	13	
6366347	3815797	1	13	
6366348	3815798	1	13	
6366349	3815799	1	13	
6366350	3815800	1	13	
6366351	3815802	1	16	
6366352	3815803	1	13	
6366353	3815804	1	13	
6366354	3815804	2	1	
6366355	3815804	3	18	
6366356	3815805	1	18	
6366357	3815806	1	13	
6366358	3815807	1	10	
6366359	3815808	1	1	
6366360	3815808	2	18	
6366361	3815808	3	3	
6366362	3815809	1	18	
6366363	3815810	1	1	
6366364	3815810	2	18	
6366365	3815810	3	3	
6366366	3815811	1	13	
6366367	3815812	1	13	
6366368	3815813	1	13	
6366369	3815814	1	13	
6366370	3815815	1	13	
6366371	3815816	1	13	
6366372	3815817	1	18	
6366373	3815818	1	13	
6366374	3815819	1	7	
6366375	3815820	1	13	
6366376	3815821	1	13	
6366377	3815822	1	13	
6366378	3815823	1	13	
6366379	3815824	1	13	
6366380	3815825	1	13	
6366381	3815826	1	3	
6366382	3815827	1	13	
6366383	3815828	1	13	
6366384	3815829	1	13	
6366385	3815830	1	13	
6366386	3815831	1	13	
6366387	3815832	1	3	
6366388	3815833	1	13	
6366389	3815834	1	13	
6366390	3815834	2	1	
6366391	3815834	3	3	
6366392	3815835	1	13	
6366393	3815836	1	13	
6291187	3749454	1	13	
6291188	3749455	1	13	
6291189	3749456	1	13	
6291190	3749457	1	13	
6291191	3749458	1	13	
6291192	3749459	1	13	
6291194	3749462	1	13	
6291195	3749463	1	13	
6291196	3749464	1	13	
6291197	3749465	1	13	
6291198	3749466	1	13	
6291199	3749468	1	13	
6291200	3749469	1	13	
6291201	3749470	1	3	
6291202	3749472	1	13	
6291203	3749473	1	13	
6291204	3749474	1	13	
6291205	3767547	1	13	
6291206	3767548	1	13	
6291207	3767549	1	13	
6291208	3767550	1	1	
6291209	3767550	2	18	
6291210	3767551	1	13	
6291211	3767552	1	13	
6291212	3767553	1	13	
6291213	3751077	1	98	OTHER
6291214	3751077	2	98	OTHER
6291215	3751077	3	13	
6291216	3751077	4	1	
6291217	3767554	1	98	OTHER
6291218	3767554	2	98	OTHER
6291219	3767554	3	13	
6291220	3767554	4	5	
6291225	3767556	1	98	OTHER
6291226	3767556	2	98	OTHER
6291227	3767556	3	98	OTHER
6291228	3767556	4	13	
6291229	3767557	1	98	OTHER
6291230	3767557	2	98	OTHER
6291231	3767557	3	98	OTHER
6291232	3767557	4	1	
6291233	3767558	1	98	OTHER
6291234	3767558	2	13	
6291235	3767558	3	98	OTHER
6291236	3767558	4	1	
6291237	3767559	1	98	OTHER
6291238	3767559	2	13	
6291239	3767559	3	98	OTHER
6291240	3767559	4	1	
6291249	3767562	1	13	
6291250	3767562	2	18	
6291251	3767562	3	18	
6291252	3767562	4	18	
6291253	3767563	1	1	
6291254	3767563	2	18	
6291255	3767564	1	13	
6291256	3767565	1	13	
6291257	3767566	1	5	
6291258	3767567	1	13	
6291259	3767568	1	13	
6291260	3767569	1	13	
6291261	3767570	1	13	
6291262	3767571	1	13	
6291263	3767572	1	13	
6291264	3767573	1	13	
6291265	3767574	1	13	
6291266	3767575	1	13	
6291267	3767576	1	13	
6291268	3767577	1	13	
6291269	3767578	1	13	
6291270	3767579	1	8	
6291271	3767579	2	13	
6291272	3767579	3	8	
6291276	3762714	1	98	EQUIPMENT_FAILURE_TIRES_BRAKES
6291277	3762714	2	98	RAN_OFF_ROAD_RIGHT
6291280	3767581	1	13	
6291281	3767582	1	13	
6291282	3767583	1	98	EQUIPMENT_FAILURE_TIRES_BRAKES
6291283	3767583	2	98	RAN_OFF_ROAD_RIGHT
6291284	3767583	3	18	
6291285	3767583	4	3	
6291288	3767586	1	13	
6291289	3766326	1	13	
6291290	3767587	1	5	
6291291	3767588	1	13	
6291292	3767589	1	3	
6291293	3767589	2	98	RAN_OFF_ROAD_RIGHT
6291294	3767589	3	98	SEPARATION_OF_UNITS
6291295	3767589	4	5	
6291296	3767590	1	98	EQUIPMENT_FAILURE_TIRES_BRAKES
6291297	3767590	2	98	RAN_OFF_ROAD_RIGHT
6291298	3767590	3	18	
6291299	3767590	4	18	
6291301	3767592	1	13	
6291302	3767593	1	13	
6291304	3767595	1	13	
6291305	3767596	1	13	
6291306	3767596	2	1	
6291307	3767596	3	18	
6291308	3767596	4	2	
6291309	3767598	1	13	
6291310	3767598	2	1	
6291311	3767598	3	18	
6291312	3767599	1	13	
6291313	3767599	2	1	
6291314	3767599	3	18	
6291315	3767600	1	20	
6291316	3767600	2	1	
6291317	3767600	3	18	
6291318	3767601	1	13	
6291336	3730455	1	13	
6291338	3767603	1	3	
6291339	3767603	2	18	
6291340	3767604	1	6	
6291341	3767605	1	8	
6291342	3767605	2	19	
6291343	3755914	1	3	
6291344	3767606	1	13	
6291345	3767607	1	13	
6291346	3767607	2	1	
6291347	3767607	3	2	
6291348	3767608	1	1	
6291349	3767608	2	98	
6291350	3767608	3	2	
6291433	3767621	1	13	
6291434	3767622	1	13	
6291435	3767623	1	13	
6291436	3767624	1	9	
6291437	3767624	2	7	
6291438	3767645	1	13	
6291439	3767646	1	13	
6291440	3767647	1	13	
6291441	3767648	1	13	
6291442	3767649	1	13	
6291443	3767650	1	13	
6291444	3767651	1	13	
6291445	3767652	1	13	
6291446	3767653	1	13	
6291447	3767654	1	13	
6291448	3767655	1	13	
6291449	3767656	1	13	
6291450	3767657	1	13	
6291451	3767658	1	13	
6291452	3767659	1	13	
6291453	3767660	1	13	
6291454	3767661	1	13	
6291455	3767662	1	13	
6291456	3767663	1	12	
6291457	3767664	1	18	
6291458	3767665	1	13	
6291459	3767666	1	12	
6291460	3767667	1	13	
6291461	3767668	1	13	
6291462	3767669	1	13	
6291463	3767670	1	13	
6291464	3767671	1	14	
6291465	3767672	1	13	
6291466	3767673	1	13	
6291467	3767674	1	14	
6291468	3767675	1	13	
6291469	3767676	1	13	
6291470	3767677	1	13	
6291471	3767678	1	13	
6291472	3767679	1	13	
6291473	3767680	1	13	
6291474	3767681	1	1	
6291475	3767681	2	18	
6291476	3767681	3	3	
6291477	3767682	1	1	
6291478	3767682	2	3	
6291479	3767683	1	1	
6291480	3767683	2	8	
6291481	3767683	3	3	
6291482	3767684	1	13	
6291483	3767685	1	1	
6291484	3767685	2	18	
6291485	3767685	3	3	
6291486	3767686	1	13	
6291487	3767687	1	2	
6291488	3767687	2	1	
6291489	3767687	3	18	
6291490	3767688	1	13	
6291491	3767689	1	13	
6291493	3767691	1	13	
6291494	3767692	1	18	
6291495	3767692	2	2	
6291496	3767693	1	13	
6291497	3767694	1	13	
6291498	3767695	1	13	
6291499	3767696	1	13	
6291500	3767696	2	13	
6291501	3767696	3	18	
6291502	3767697	1	10	
6291503	3767697	2	13	
6291504	3767698	1	13	
6291505	3767699	1	13	
6291506	3767700	1	3	
6291507	3767701	1	1	
6291508	3767701	2	18	
6291509	3767701	3	3	
6291510	3767702	1	13	
6291511	3767703	1	13	
6291512	3767704	1	13	
6291513	3767705	1	13	
6291514	3767706	1	13	
6291515	3767707	1	13	
6291516	3767708	1	13	
6291517	3767709	1	13	
6291518	3767710	1	13	
6291519	3767711	1	3	
6291520	3767711	2	18	
6291521	3767712	1	1	
6291522	3767712	2	3	
6291523	3767713	1	1	
6291524	3767713	2	3	
6291525	3767714	1	13	
6291526	3767715	1	13	
6291527	3767716	1	1	
6291528	3767716	2	3	
6291529	3767717	1	13	
6291534	3767719	1	13	
6291535	3767720	1	13	
6291536	3767721	1	13	
6291537	3767722	1	13	
6291538	3767723	1	13	
6291539	3767724	1	13	
6291540	3767725	1	13	
6291541	3767726	1	13	
6291542	3767727	1	1	
6291543	3767727	2	3	
6291544	3767727	3	5	
6394499	3829939	2	1	
6394500	3829939	3	18	
6394501	3829939	4	6	
6394502	3829940	1	13	
6394503	3829941	1	8	
6394504	3829941	2	13	
6394505	3829942	1	1	
6394506	3829942	2	18	
6394507	3829942	3	3	
6394508	3829943	1	1	
6394509	3829943	2	13	
6394510	3829944	1	13	
6394511	3829945	1	10	
6394512	3829945	2	13	
6394513	3829945	3	1	
6394514	3829945	4	3	
6394515	3829946	1	1	
6394516	3829946	2	8	
6394517	3829946	3	1	
6394518	3829946	4	3	
6394519	3829947	1	13	
6394520	3829947	2	8	
6394521	3829947	3	1	
6394522	3829947	4	18	
6394523	3829948	1	13	
6394524	3829949	1	13	
6394525	3829950	1	13	
6394526	3829951	1	13	
6394527	3829952	1	18	
6394528	3829953	1	13	
6394529	3829954	1	13	
6394530	3829955	1	13	
6394531	3829956	1	13	
6394532	3829957	1	6	
6394538	3762615	1	13	
6394539	3800128	1	5	
6394540	3800128	2	1	
6394541	3800128	3	18	
6394547	3829965	1	13	
6394548	3829966	1	13	
6394549	3829967	1	13	
6394550	3829968	1	1	
6394551	3829968	2	18	
6394552	3829968	3	3	
6394553	3829969	1	13	
6394554	3829970	1	13	
6394555	3829971	1	1	
6394556	3829971	2	18	
6394557	3829972	1	13	
6394558	3829972	2	3	
6394559	3829973	1	13	
6394560	3829974	1	5	
6394561	3829975	1	3	
6394562	3828843	1	18	
6394563	3828843	2	98	CULVERT
6394564	3828844	1	13	
6394565	3826250	1	13	
6394566	3828848	1	13	
6394567	3829976	1	1	
6394568	3829976	2	3	
6394569	3828856	1	13	
6394570	3828873	1	13	
6394571	3828897	1	5	
6394572	3829977	1	3	
6394573	3829978	1	3	
6394574	3829978	2	8	
6394575	3829978	3	1	
6394577	3829980	1	13	
6394578	3829981	1	13	
6394580	3829983	1	13	
6394581	3829984	1	13	
6394582	3829984	2	1	
6394583	3829985	1	20	
6394584	3829986	1	1	
6394585	3829986	2	3	
6394586	3829987	1	13	
6394587	3829987	2	5	
6394588	3829987	3	18	
6394590	3829989	1	13	
6394591	3829990	1	13	
6394592	3829991	1	13	
6394593	3829992	1	1	
6394594	3829992	2	2	
6394599	3829995	1	1	
6394600	3829995	2	3	
6394601	3829996	1	13	
6394602	3829996	2	1	
6394603	3829997	1	1	
6394604	3829997	2	3	
6394605	3829999	1	13	
6394606	3830000	1	13	
6394607	3830001	1	13	
6394608	3830002	1	13	
6394609	3830003	1	13	
6394610	3830004	1	13	
6394611	3830005	1	13	
6394612	3830006	1	18	
6394613	3830007	1	3	
6394614	3830007	2	18	
6394615	3830008	1	13	
6394616	3830009	1	13	
6394617	3830010	1	13	
6394618	3830011	1	9	
6394619	3830011	2	1	
6394620	3830011	3	13	
6394621	3830012	1	3	
6394622	3830013	1	13	
6394623	3830014	1	1	
6394624	3830014	2	10	
6394625	3830014	3	3	
6394626	3830015	1	13	
6394627	3830016	1	13	
6394628	3830017	1	12	
6394629	3830018	1	13	
6394630	3830019	1	13	
6394631	3830020	1	13	
6394632	3830021	1	13	
6394633	3830022	1	13	
6394634	3830023	1	13	
6394638	3830027	1	3	
6394639	3830027	2	18	
6394640	3830027	3	18	
6394645	3830030	1	18	
6394649	3830034	1	13	
6394650	3830035	1	13	
6394651	3830035	2	18	
6394652	3830036	1	13	
6394653	3830037	1	13	
6394654	3830038	1	13	
6394655	3830039	1	13	
6394656	3830040	1	18	
6394662	3808894	1	13	
6394663	3808924	1	13	
6394664	3830041	1	13	
6394665	3830042	1	13	
6394666	3830043	1	5	
6394667	3830044	1	20	
6394668	3830044	2	18	
6394669	3830045	1	13	
6394670	3830046	1	13	
6394671	3830047	1	13	
6394672	3830048	1	1	
6394673	3830048	2	18	
6394674	3830049	1	5	
6394675	3830049	2	3	
6394676	3830050	1	16	
6394677	3830051	1	13	
6394678	3830051	2	1	
6394679	3830051	3	18	
6394680	3830052	1	13	
6394681	3830052	2	13	
6394682	3830053	1	13	
6394683	3830054	1	18	
6394684	3830054	2	2	
6394685	3812144	1	13	
6394686	3815347	1	13	
6394687	3815349	1	13	
6394688	3830055	1	13	
6394689	3820637	1	13	
6394690	3822803	1	98	RAN_OFF_ROAD_RIGHT
6394691	3822803	2	3	
6394692	3820640	1	98	EQUIPMENT_FAILURE_TIRES_BRAKES
6394693	3821435	1	98	EQUIPMENT_FAILURE_TIRES_BRAKES
6394694	3828974	1	14	
6394695	3828974	2	18	
6394696	3828974	3	18	
6394697	3828974	4	3	
6394698	3830056	1	98	RAN_OFF_ROAD_RIGHT
6394699	3830056	2	3	
6394700	3824608	1	13	
6394702	3830058	1	13	
6394703	3830059	1	13	
6394704	3830060	1	14	
6394705	3830060	2	6	
6394706	3830060	3	98	RAN_OFF_ROAD_RIGHT
6394707	3830061	1	13	
6394708	3830062	1	13	
6394709	3830063	1	98	EQUIPMENT_FAILURE_TIRES_BRAKES
6394710	3830063	2	13	
6394711	3830063	3	98	RAN_OFF_ROAD_RIGHT
6394712	3830063	4	18	
6394713	3830064	1	13	
6394716	3830067	1	98	RAN_OFF_ROAD_RIGHT
6394717	3830067	2	3	
6394718	3830067	3	98	RAN_OFF_ROAD_LEFT
6394719	3830068	1	13	
6394724	3830070	1	13	
6394725	3830071	1	13	
6394729	3830073	1	98	EQUIPMENT_FAILURE_TIRES_BRAKES
6394730	3830073	2	98	CROSS_MEDIAN
6394731	3830073	3	18	
6394732	3830074	1	13	
6394733	3830075	1	13	
6394736	3830076	1	13	
6394737	3830077	1	13	
6394740	3828991	1	13	
6394741	3824613	1	13	
6394742	3830079	1	13	
6394743	3830080	1	13	
6394745	3830083	1	13	
6394746	3829583	1	18	
6394747	3829584	1	8	
6394748	3829584	2	18	
6394749	3829585	1	13	
6394750	3829586	1	13	
6394764	3830237	1	14	
6394765	3830238	1	1	
6394766	3830238	2	8	
6394767	3830238	3	1	
6394768	3830238	4	3	
6394769	3830239	1	13	
6394770	3830240	1	13	
6394771	3830241	1	13	
6394772	3830242	1	13	
6394773	3830243	1	13	
6394774	3830243	2	1	
6394775	3830243	3	14	
6394776	3830244	1	13	
6394777	3830245	1	13	
6394778	3830246	1	13	
6394779	3830247	1	13	
6394783	3768733	1	13	
6394784	3779609	1	13	
6394785	3830248	1	13	
6394786	3830249	1	13	
6394787	3830250	1	13	
6394788	3830251	1	13	
6394789	3803167	1	13	
6394790	3830252	1	13	
6394791	3773145	1	1	
6394792	3773145	2	18	
6394797	3830253	1	13	
6394798	3830254	1	13	
6239701	3736733	1	13	
6239702	3736734	1	1	
6239703	3736735	1	1	
6239704	3736735	2	98	DITCH
6239705	3736736	1	1	
6239706	3736736	2	2	
6239707	3736736	3	98	DITCH
6239708	3736737	1	2	
6239709	3736738	1	2	
6239710	3736738	2	1	
6239711	3736738	3	98	DITCH
6239712	3736739	1	13	
6239713	3736740	1	13	
6239714	3736741	1	13	
6239715	3736742	1	1	
6239716	3736742	2	18	
6239717	3736743	1	1	
6239718	3736744	1	13	
6239719	3736745	1	13	
6239720	3736745	2	1	
6239721	3736745	3	18	
6239722	3736746	1	1	
6239723	3736747	1	13	
6239724	3736748	1	18	
6239725	3736748	2	18	
6239726	3736749	1	13	
6239727	3736750	1	13	
6239728	3736751	1	13	
6239729	3736752	1	13	
6239730	3736753	1	13	
6239731	3736754	1	13	
6239732	3736755	1	13	
6239733	3736756	1	13	
6239734	3736757	1	18	
6239735	3736758	1	13	
6239736	3736759	1	1	
6239737	3736759	2	18	
6239738	3736760	1	1	
6239739	3736760	2	18	
6239740	3736760	3	98	DITCH
6239741	3736761	1	98	OTHER - EXPLAIN IN NARRATIVE
6239742	3736762	1	13	
6239743	3736763	1	13	
6239744	3736764	1	18	
6239745	3736765	1	13	
6239746	3736766	1	13	
6239747	3736767	1	13	
6239748	3736768	1	13	
6239749	3736769	1	13	
6239750	3736770	1	13	
6239751	3736771	1	13	
6239753	3736773	1	13	
6239754	3736773	2	13	
6239755	3736774	1	2	
6239756	3736774	2	1	
6239757	3736774	3	98	DITCH
6239758	3736775	1	13	
6239759	3736775	2	13	
6239760	3736775	3	13	
6239761	3736776	1	13	
6239762	3736777	1	13	
6239763	3736778	1	1	
6239764	3736778	2	18	
6239765	3736779	1	13	
6239766	3736780	1	13	
6239767	3736781	1	1	
6239768	3736781	2	18	
6239769	3736782	1	13	
6239770	3736783	1	13	
6239771	3736784	1	2	
6239772	3736784	2	18	
6239773	3736784	3	18	
6239774	3736784	4	98	DITCH
6239775	3736785	1	1	
6239776	3736785	2	18	
6239777	3736786	1	13	
6239778	3736787	1	13	
6239779	3736788	1	13	
6239780	3736789	1	13	
6239781	3736790	1	18	
6239782	3736791	1	13	
6239783	3736792	1	1	
6239784	3736792	2	18	
6239785	3736792	3	13	
6239786	3736792	4	13	
6239787	3736793	1	13	
6239788	3736794	1	13	
6239789	3736794	2	18	
6239790	3736795	1	13	
6239791	3736796	1	13	
6239792	3736797	1	13	
6239793	3736798	1	13	
6239794	3736799	1	13	
6239795	3736800	1	2	
6239796	3736800	2	13	
6239797	3736800	3	18	
6239798	3736800	4	98	DITCH
6239799	3736801	1	13	
6239800	3736802	1	13	
6239801	3736803	1	13	
6239802	3736803	2	1	
6239803	3736803	3	18	
6239804	3736804	1	13	
6239805	3736805	1	98	OTHER - EXPLAIN IN NARRATIVE
6239806	3736806	1	13	
6239807	3736807	1	13	
6239808	3736808	1	13	
6239809	3736809	1	13	
6239810	3736809	2	13	
6239811	3736810	1	13	
6239812	3736811	1	13	
6239813	3736812	1	13	
6239814	3736813	1	1	
6239815	3736813	2	98	DITCH
6239816	3736813	3	2	
6239817	3736814	1	18	
6239818	3736814	2	8	
6239819	3736814	3	18	
6239820	3736814	4	13	
6239821	3736815	1	13	
6239822	3736816	1	13	
6239823	3736817	1	13	
6239824	3736818	1	98	OTHER
6239825	3736818	2	1	
6239826	3736818	3	98	OTHER
6239827	3736818	4	1	
6239828	3736819	1	98	OTHER
6239829	3736819	2	13	
6239830	3736819	3	98	OTHER
6239831	3736819	4	1	
6239832	3736820	1	98	OTHER
6239833	3736820	2	98	OTHER
6239834	3736820	3	13	
6239835	3736820	4	1	
6239836	3736821	1	98	OTHER
6239837	3736821	2	9	
6239838	3736821	3	10	
6239839	3736821	4	98	OTHER
6239840	3736822	1	98	OTHER
6239841	3736822	2	98	OTHER
6239842	3736822	3	1	
6239843	3736822	4	18	
6239844	3736823	1	98	OTHER
6239845	3736823	2	98	OTHER
6239846	3736823	3	1	
6239847	3736823	4	98	OTHER
6239848	3736824	1	98	OTHER
6239849	3736824	2	9	
6239850	3736824	3	10	
6239851	3736824	4	13	
6239852	3736825	1	98	OTHER
6239853	3736825	2	13	
6239854	3736825	3	10	
6239855	3736825	4	13	
6239856	3736826	1	98	OTHER
6239857	3736826	2	98	OTHER
6239858	3736826	3	98	OTHER
6239859	3736826	4	13	
6239860	3736827	1	98	OTHER
6239861	3736827	2	8	
6239862	3736827	3	13	
6239863	3736827	4	13	
6239864	3736828	1	8	
6239865	3736828	2	13	
6239866	3736828	3	98	OTHER
6239867	3736828	4	8	
6239868	3736829	1	98	OTHER
6239869	3736829	2	98	OTHER
6239870	3736829	3	8	
6239871	3736829	4	1	
6239872	3736830	1	98	OTHER
6239873	3736830	2	98	OTHER
6239874	3736830	3	1	
6239875	3736830	4	18	
6239876	3736831	1	98	OTHER
6239877	3736831	2	98	OTHER
6239878	3736831	3	1	
6239879	3736831	4	13	
6239880	3736832	1	98	OTHER
6239881	3736832	2	13	
6239882	3736832	3	1	
6239883	3736832	4	13	
6239888	3736834	1	98	OTHER
6239889	3736834	2	13	
6239890	3736834	3	13	
6239891	3736834	4	13	
6239892	3736835	1	98	OTHER
6239893	3736835	2	98	OTHER
6239894	3736835	3	1	
6239895	3736835	4	3	
6239896	3736836	1	98	OTHER
6239897	3736836	2	13	
6239898	3736836	3	1	
6239899	3736836	4	3	
6239900	3736837	1	98	OTHER
6239901	3736837	2	4	
6239902	3736837	3	1	
6239903	3736837	4	14	
6239904	3736838	1	98	OTHER
6239905	3736838	2	98	OTHER
6239906	3736838	3	98	OTHER
6239907	3736838	4	13	
6239908	3736839	1	98	OTHER
6239909	3736839	2	13	
6239910	3736839	3	98	OTHER
6239911	3736839	4	13	
6239912	3736840	1	98	OTHER
6239913	3736840	2	8	
6239914	3736840	3	13	
6239915	3736840	4	13	
6239916	3736841	1	98	OTHER
6239917	3736841	2	98	OTHER
6239918	3736841	3	3	
6239919	3736841	4	13	
6239920	3736842	1	98	OTHER
6239921	3736842	2	98	OTHER
6239922	3736842	3	12	
6239923	3736842	4	7	
6239924	3736843	1	98	OTHER
6239925	3736843	2	98	OTHER
6239926	3736843	3	13	
6239927	3736843	4	13	
6239928	3736844	1	98	OTHER
6239929	3736844	2	98	OTHER
6239930	3736844	3	13	
6239931	3736844	4	13	
6239932	3736845	1	98	OTHER
6239933	3736845	2	13	
6239934	3736845	3	13	
6239935	3736845	4	13	
6422870	3846301	1	13	
6422871	3846302	1	13	
6422872	3846303	1	13	
6422873	3846303	2	13	
6422874	3846304	1	13	
6422875	3846305	1	13	
6422876	3846306	1	13	
6422877	3846307	1	13	
6422878	3846308	1	18	
6422879	3846309	1	13	
6422880	3846310	1	13	
6422881	3846311	1	18	
6422882	3846312	1	13	
6422883	3846313	1	13	
6422884	3846314	1	13	
6422885	3846315	1	13	
6422886	3846316	1	13	
6422888	3846318	1	13	
6422889	3846319	1	13	
6422890	3846320	1	13	
6422891	3846321	1	13	
6422892	3846322	1	10	
6422893	3846322	2	1	
6422894	3846322	3	3	
6422895	3846323	1	1	
6422896	3846323	2	1	
6422897	3846323	3	18	
6422898	3846323	4	3	
6422899	3846324	1	13	
6422900	3846325	1	1	
6422901	3846325	2	3	
6422902	3846326	1	13	
6422903	3846327	1	13	
6422904	3846328	1	13	
6422905	3846329	1	1	
6422906	3846329	2	18	
6422907	3846330	1	13	
6422911	3846332	1	6	
6422912	3846333	1	13	
6422916	3846335	1	13	
6422917	3846336	1	13	
6422918	3846337	1	13	
6422919	3846338	1	13	
6422920	3846338	2	13	
6422921	3846338	3	1	
6422922	3846338	4	18	
6422923	3846339	1	13	
6422924	3846340	1	13	
6422925	3846341	1	1	
6422926	3846341	2	3	
6422927	3836297	1	98	OTHER
6422928	3836297	2	98	OTHER
6422929	3836297	3	13	
6422930	3836297	4	19	
6422931	3836786	1	98	OTHER
6422932	3836786	2	98	OTHER
6422933	3836786	3	13	
6422934	3836786	4	13	
6422935	3840468	1	98	OTHER
6422936	3840468	2	98	OTHER
6422937	3840468	3	98	OTHER
6422938	3840468	4	1	
6422939	3841726	1	98	OTHER
6422940	3841726	2	98	OTHER
6422941	3841726	3	13	
6422942	3841726	4	13	
6422943	3842239	1	98	OTHER
6422944	3842239	2	98	OTHER
6422945	3842239	3	98	OTHER
6422946	3842239	4	13	
6422947	3843099	1	98	OTHER
6422948	3843099	2	98	OTHER
6422949	3843099	3	98	OTHER
6422950	3843099	4	8	
6422959	3846344	1	98	OTHER
6422960	3846344	2	13	
6422961	3846344	3	13	
6422962	3846344	4	3	
6422963	3846345	1	98	OTHER
6422964	3846345	2	98	OTHER
6422965	3846345	3	13	
6422966	3846345	4	3	
6422967	3846346	1	98	OTHER
6422968	3846346	2	98	OTHER
6422969	3846346	3	13	
6422970	3846346	4	98	OTHER
6422971	3846347	1	98	OTHER
6422972	3846347	2	98	OTHER
6422973	3846347	3	98	OTHER
6422974	3846347	4	1	
6422975	3846348	1	98	OTHER
6422976	3846348	2	13	
6422977	3846348	3	98	OTHER
6422978	3846348	4	1	
6422979	3846349	1	98	OTHER
6422980	3846349	2	13	
6422981	3846349	3	98	OTHER
6422982	3846349	4	1	
6422983	3846350	1	98	OTHER
6422984	3846350	2	13	
6422985	3846350	3	98	OTHER
6422986	3846350	4	1	
6422987	3846351	1	98	OTHER
6422988	3846351	2	13	
6422989	3846351	3	1	
6422990	3846351	4	1	
6422991	3846352	1	98	OTHER
6422992	3846352	2	13	
6422993	3846352	3	1	
6422994	3846352	4	1	
6422995	3846353	1	98	OTHER
6422996	3846353	2	13	
6422997	3846353	3	13	
6422998	3846353	4	1	
6422999	3846354	1	98	OTHER
6423000	3846354	2	98	OTHER
6423001	3846354	3	13	
6423002	3846354	4	1	
6423003	3846355	1	98	OTHER
6423004	3846355	2	98	OTHER
6423005	3846355	3	13	
6423006	3846355	4	1	
6423007	3846356	1	98	OTHER
6423008	3846356	2	9	
6423009	3846356	3	1	
6423010	3846356	4	3	
6423011	3846357	1	98	OTHER
6423012	3846357	2	98	OTHER
6423013	3846357	3	1	
6423014	3846357	4	18	
6423015	3846358	1	98	OTHER
6423016	3846358	2	98	OTHER
6423017	3846358	3	1	
6423018	3846358	4	98	OTHER
6423019	3846359	1	98	OTHER
6423020	3846359	2	98	OTHER
6423021	3846359	3	98	OTHER
6423022	3846359	4	13	
6423023	3846360	1	98	OTHER
6423024	3846360	2	98	OTHER
6423025	3846360	3	13	
6423026	3846360	4	13	
6423027	3846361	1	98	OTHER
6423028	3846361	2	1	
6423029	3846361	3	98	OTHER
6423030	3846361	4	18	
6423031	3846362	1	98	OTHER
6423032	3846362	2	13	
6423033	3846362	3	98	OTHER
6423034	3846362	4	18	
6423035	3846363	1	98	OTHER
6423036	3846363	2	98	OTHER
6423037	3846363	3	13	
6423038	3846363	4	18	
6423039	3846364	1	1	
6423040	3846364	2	3	
6423041	3846364	3	18	
6423042	3846364	4	18	
6423043	3846365	1	98	OTHER
6423044	3846365	2	98	OTHER
6423045	3846365	3	1	
6423046	3846365	4	3	
6423047	3846366	1	98	OTHER
6423048	3846366	2	98	OTHER
6423049	3846366	3	98	OTHER
6423050	3846366	4	1	
6423051	3846367	1	98	OTHER
6423052	3846367	2	3	
6423053	3846367	3	1	
6423054	3846367	4	1	
6423055	3846368	1	98	OTHER
6423056	3846368	2	13	
6423057	3846368	3	1	
6423058	3846368	4	1	
6423059	3846369	1	98	OTHER
6423060	3846369	2	13	
6423061	3846369	3	5	
6423062	3846369	4	1	
6423063	3819014	1	13	
6423064	3819014	2	18	
6423065	3840494	1	13	
6423066	3840519	1	13	
6423067	3840554	1	13	
6423068	3840578	1	1	
6423069	3840578	2	18	
6423070	3840613	1	1	
6423071	3840680	1	13	
6423072	3840680	2	7	
6423073	3840689	1	13	
6423074	3840727	1	13	
6423075	3840736	1	1	
6423076	3840736	2	3	
6423077	3840736	3	18	
6423078	3840736	4	18	
6423079	3840778	1	13	
6423080	3840789	1	13	
6423081	3840803	1	13	
6423082	3840850	1	1	
6423083	3840850	2	18	
6423084	3840850	3	3	
6423085	3840850	4	18	
6423086	3840966	1	13	
6423087	3840967	1	18	
6423088	3840967	2	1	
6423089	3840967	3	18	
6423090	3840969	1	13	
6423091	3841070	1	13	
6423092	3841103	1	13	
6423093	3843161	1	13	
6423094	3843164	1	17	
6423095	3843253	1	13	
6423096	3843253	2	1	
6423097	3843278	1	13	
6423098	3843283	1	1	
6423099	3843283	2	18	
6423100	3843283	3	18	
6423101	3843290	1	1	
6423102	3843290	2	18	
6423103	3843290	3	3	
6423104	3843291	1	13	
6423105	3843302	1	1	
6423106	3843302	2	18	
6423107	3843302	3	2	
6423108	3843303	1	13	
6423109	3843318	1	8	
6423110	3843318	2	13	
6423111	3843392	1	13	
6423112	3843408	1	13	
6423113	3843425	1	1	
6423114	3843425	2	3	
6423115	3843439	1	1	
6423116	3843439	2	18	
6423117	3843439	3	18	
6423118	3843439	4	98	
6423119	3843444	1	5	
6423120	3843464	1	13	
6423121	3843472	1	1	
6423122	3843472	2	18	
6423123	3843496	1	13	
6423124	3843502	1	13	
6423125	3843522	1	13	
6423126	3843549	1	13	
6423127	3843549	2	98	
6423128	3843550	1	13	
6423129	3843567	1	98	
6423130	3843569	1	13	
6423131	3843587	1	13	
6423132	3843604	1	1	
6423133	3843604	2	3	
6423134	3843604	3	18	
6423135	3843665	1	13	
6423137	3846371	1	13	
6423139	3846373	1	17	
6423140	3846373	2	98	RAN_OFF_ROAD_RIGHT
6423141	3846373	3	3	
6423142	3846373	4	18	
6423143	3846374	1	13	
6423146	3846376	1	98	RAN_OFF_ROAD_RIGHT
6423147	3846376	2	18	
6423148	3846376	3	3	
6423153	3846378	1	6	
6423156	3846381	1	13	
6423159	3846383	1	13	
6423160	3846384	1	13	
6423162	3846386	1	13	
6423163	3846387	1	10	
6372770	3819318	1	13	
6372771	3819318	2	1	
6372772	3819318	3	18	
6372773	3819318	4	3	
6372795	3819326	1	13	
6372796	3819326	2	1	
6372797	3819326	3	18	
6372870	3819349	1	1	
6372871	3819349	2	98	
6372872	3819349	3	18	
6372873	3819349	4	18	
6372888	3819355	1	1	
6372889	3819355	2	1	
6372890	3819355	3	3	
6372891	3819355	4	18	
6372909	3819361	1	13	
6372910	3819361	2	1	
6372911	3819361	3	18	
6372912	3819361	4	18	
6372919	3819364	1	17	
6372920	3819364	2	1	
6372921	3819364	3	18	
6372922	3819365	1	13	
6372923	3819365	2	1	
6372924	3819365	3	3	
6372925	3819365	4	18	
6372934	3819368	1	1	
6372935	3819368	2	18	
6373021	3819396	1	1	
6373022	3819396	2	18	
6373037	3819401	1	13	
6373038	3819401	2	1	
6373039	3819401	3	18	
6251868	3743577	1	10	
6251869	3743577	2	1	
6251870	3743577	3	3	
6352109	3806787	1	13	
6352110	3806788	1	1	
6251874	3743581	1	13	
6251875	3743582	1	13	
6251876	3743583	1	13	
6352111	3806788	2	18	
6352112	3806788	3	13	
6352113	3806788	4	14	
6251881	3743587	1	1	
6251882	3743587	2	18	
6352115	3806790	1	13	
6251885	3743590	1	13	
6251886	3743591	1	13	
6251887	3743592	1	13	
6251888	3743593	1	8	
6251889	3743593	2	1	
6251890	3743593	3	18	
6251891	3743593	4	3	
6251892	3743594	1	13	
6251893	3743595	1	13	
6352116	3806791	1	13	
6251895	3743597	1	13	
6251896	3743598	1	10	
6251897	3743598	2	1	
6251898	3743598	3	2	
6251900	3743600	1	98	
6352117	3806792	1	13	
6251902	3743602	1	13	
6251903	3743603	1	13	
6251904	3743604	1	13	
6251905	3743605	1	13	
6251906	3743606	1	8	
6251907	3743606	2	13	
6352118	3806793	1	13	
6251909	3743608	1	1	
6251910	3743608	2	18	
6251911	3743608	3	3	
6251912	3743609	1	13	
6251913	3743610	1	13	
6251914	3743611	1	13	
6251917	3739350	1	2	
6251918	3730233	1	10	
6251919	3730233	2	13	
6251920	3730233	3	13	
6251921	3730233	4	13	
6251922	3730236	1	10	
6251923	3730236	2	18	
6251924	3730236	3	1	
6251925	3743612	1	13	
6251926	3743613	1	13	
6251927	3739498	1	13	
6251928	3739498	2	18	
6251929	3743614	1	13	
6251930	3739624	1	13	
6251931	3743615	1	13	
6251932	3740418	1	13	
6251933	3743616	1	1	
6251934	3743616	2	18	
6251935	3743616	3	21	
6352119	3806794	1	13	
6352120	3806795	1	13	
6352121	3806796	1	13	
6352122	3806796	2	13	
6251940	3743618	1	13	
6251941	3743619	1	13	
6251942	3743620	1	13	
6251944	3743622	1	13	
6251945	3743623	1	1	
6251946	3743623	2	18	
6251947	3743623	3	13	
6251948	3743624	1	13	
6251949	3743625	1	13	
6251950	3743626	1	13	
6251951	3743627	1	13	
6352123	3806797	1	13	
6352124	3806798	1	13	
6251954	3743630	1	13	
6251955	3743631	1	10	
6251956	3743631	2	13	
6251957	3743631	3	13	
6251958	3743631	4	2	
6251959	3743632	1	10	
6251960	3743632	2	13	
6352125	3806799	1	13	
6251962	3743634	1	13	
6251963	3743635	1	13	
6251964	3743636	1	10	
6251965	3743636	2	13	
6251966	3743636	3	13	
6251967	3743637	1	13	
6251968	3743638	1	10	
6251969	3743638	2	13	
6251970	3743639	1	13	
6251971	3743640	1	13	
6251972	3743641	1	13	
6352126	3806800	1	13	
6352127	3806801	1	13	
6251976	3725885	1	13	
6251977	3725886	1	13	
6251978	3725888	1	2	
6251979	3725888	2	1	
6251980	3725888	3	18	
6251981	3725891	1	13	
6251982	3725893	1	13	
6251983	3725894	1	13	
6251984	3725895	1	13	
6251985	3725896	1	18	
6251986	3725897	1	13	
6251987	3725898	1	13	
6352128	3806802	1	13	
6352129	3806803	1	9	
6352130	3806803	2	13	
6352131	3806804	1	13	
6251992	3743646	1	1	
6251993	3743646	2	2	
6352132	3806805	1	13	
6352133	3806806	1	1	
6352134	3806806	2	18	
6352135	3806807	1	13	
6352136	3806808	1	13	
6352137	3806808	2	18	
6352138	3806809	1	13	
6352139	3806810	1	1	
6352140	3806810	2	3	
6352141	3806811	1	13	
6352142	3806811	2	1	
6352143	3806811	3	18	
6252006	3743655	1	13	
6252007	3743655	2	13	
6252008	3743655	3	13	
6252009	3743655	4	7	
6252010	3743656	1	13	
6252011	3743656	2	7	
6252012	3743657	1	3	
6252013	3743658	1	13	
6252014	3743658	2	2	
6252015	3743658	3	18	
6252016	3743659	1	13	
6252017	3743660	1	13	
6252018	3743660	2	2	
6252019	3743661	1	13	
6252020	3743662	1	13	
6252021	3743663	1	13	
6252022	3743664	1	13	
6252023	3743665	1	13	
6352144	3806812	1	13	
6252025	3743667	1	13	
6352145	3806813	1	13	
6352146	3806814	1	13	
6352147	3806814	2	3	
6352148	3806815	1	18	
6352149	3806815	2	3	
6352150	3806816	1	13	
6352151	3806817	1	13	
6252033	3743673	1	13	
6252034	3743674	1	13	
6352152	3806817	2	13	
6352153	3806817	3	13	
6252037	3743676	1	13	
6252038	3743677	1	13	
6252039	3743677	2	1	
6252040	3743677	3	18	
6252041	3743678	1	13	
6252042	3743679	1	13	
6352154	3806817	4	13	
6252044	3743681	1	13	
6252045	3743682	1	13	
6252046	3743683	1	13	
6252047	3743684	1	13	
6352155	3806818	1	13	
6252049	3743686	1	13	
6252050	3743687	1	13	
6252051	3743688	1	13	
6252052	3743688	2	18	
6252053	3743689	1	13	
6352156	3806819	1	13	
6252055	3743691	1	13	
6252056	3743692	1	10	
6252057	3743692	2	10	
6252058	3743692	3	10	
6252059	3743692	4	13	
6252060	3743693	1	13	
6252061	3743694	1	13	
6252062	3743695	1	13	
6252063	3743696	1	13	
6252064	3743697	1	13	
6252065	3743698	1	13	
6252066	3743699	1	13	
6252067	3743700	1	13	
6252068	3743701	1	13	
6252069	3743702	1	13	
6252070	3743703	1	13	
6252071	3743704	1	6	
6252072	3743705	1	1	
6352157	3806820	1	13	
6252074	3743707	1	13	
6252075	3743708	1	13	
6252076	3743709	1	13	
6352158	3806821	1	13	
6252078	3743711	1	13	
6352159	3806821	2	18	
6352160	3806822	1	13	
6352161	3806823	1	1	
6352162	3806823	2	3	
6352163	3806823	3	5	
6352164	3806824	1	13	
6352165	3806825	1	13	
6352166	3806825	2	13	
6352167	3806826	1	13	
6352168	3806827	1	13	
6352169	3806828	1	1	
6352170	3806828	2	18	
6352171	3806829	1	13	
6352172	3806830	1	13	
6352173	3806831	1	13	
6352174	3806832	1	13	
6352175	3806832	2	14	
6352176	3806833	1	13	
6352177	3806834	1	13	
6352178	3806835	1	13	
6352179	3806836	1	13	
6352180	3806837	1	13	
6376212	3821040	1	14	
6376213	3821041	1	12	
6376214	3821042	1	13	
6376215	3821043	1	13	
6376216	3821044	1	14	
6376217	3821045	1	13	
6376218	3821046	1	13	
6376219	3821047	1	14	
6376220	3821048	1	13	
6376221	3821049	1	14	
6376222	3821050	1	13	
6376223	3821051	1	13	
6252113	3743738	1	13	
6252114	3743739	1	13	
6252115	3743739	2	2	
6252116	3743739	3	1	
6252117	3743740	1	13	
6376224	3821052	1	13	
6376225	3821053	1	13	
6376226	3821054	1	13	
6376227	3821055	1	13	
6376228	3821056	1	13	
6252123	3743745	1	13	
6252124	3743745	2	1	
6252125	3743746	1	13	
6252126	3743746	2	2	
6376229	3821057	1	12	
6252128	3743748	1	2	
6252129	3743748	2	1	
6252130	3743748	3	18	
6252131	3743749	1	2	
6376230	3821058	1	13	
6376231	3821059	1	13	
6376233	3821061	1	13	
6376234	3821062	1	13	
6376235	3821063	1	13	
6376236	3821064	1	13	
6252139	3743755	1	13	
6252140	3743756	1	13	
6252141	3743757	1	13	
6252142	3743758	1	13	
6252143	3743759	1	13	
6252144	3743760	1	13	
6252145	3743761	1	13	
6252146	3743762	1	13	
6252147	3743763	1	13	
6252148	3743764	1	13	
6252149	3743765	1	13	
6252150	3743766	1	13	
6252151	3743767	1	13	
6252152	3743767	2	3	
6252153	3743768	1	1	
6252154	3743768	2	3	
6252155	3743769	1	13	
6376237	3821065	1	13	
6376238	3821066	1	13	
6252169	3743771	1	13	
6252170	3743771	2	10	
6376239	3821067	1	13	
6376240	3821068	1	13	
6252173	3743773	1	10	
6252174	3743774	1	13	
6252175	3743774	2	10	
6252176	3743774	3	20	
6252177	3743774	4	18	
6252178	3743775	1	13	
6252179	3743775	2	20	
6390216	3827510	2	98	OTHER
6390217	3827510	3	13	
6390218	3827510	4	1	
6390223	3827512	1	98	OTHER
6390224	3827512	2	13	
6390225	3827512	3	13	
6390226	3827512	4	1	
6390227	3827513	1	98	OTHER
6390228	3827513	2	18	
6390229	3827513	3	13	
6390230	3827513	4	1	
6390231	3827514	1	98	OTHER
6390232	3827514	2	13	
6390233	3827514	3	13	
6390234	3827514	4	1	
6390235	3827515	1	98	OTHER
6390236	3827515	2	1	
6390237	3827515	3	3	
6390238	3827515	4	1	
6390239	3827516	1	98	OTHER
6390240	3827516	2	13	
6390241	3827516	3	3	
6390242	3827516	4	1	
6390243	3827517	1	98	OTHER
6390244	3827517	2	13	
6390245	3827517	3	3	
6390246	3827517	4	1	
6390247	3827518	1	98	OTHER
6390248	3827518	2	98	OTHER
6390249	3827518	3	98	OTHER
6390250	3827518	4	13	
6390251	3827519	1	98	OTHER
6390252	3827519	2	98	OTHER
6390253	3827519	3	98	OTHER
6390254	3827519	4	19	
6390255	3827520	1	98	OTHER
6390256	3827520	2	13	
6390257	3827520	3	98	OTHER
6390258	3827520	4	19	
6390259	3827521	1	98	OTHER
6390260	3827521	2	9	
6390261	3827521	3	6	
6390262	3827521	4	19	
6390263	3827522	1	98	OTHER
6390264	3827522	2	98	OTHER
6390265	3827522	3	98	OTHER
6390266	3827522	4	98	OTHER
6390267	3827523	1	98	OTHER
6390268	3827523	2	98	OTHER
6390269	3827523	3	1	
6390270	3827523	4	13	
6390271	3827524	1	98	OTHER
6390272	3827524	2	2	
6390273	3827524	3	98	OTHER
6390274	3827524	4	1	
6390275	3827525	1	98	OTHER
6390276	3827525	2	13	
6390277	3827525	3	98	OTHER
6390278	3827525	4	1	
6390279	3827526	1	98	OTHER
6390280	3827526	2	9	
6390281	3827526	3	98	OTHER
6390282	3827526	4	6	
6390283	3827527	1	98	OTHER
6390284	3827527	2	98	OTHER
6390285	3827527	3	1	
6390286	3827527	4	3	
6390287	3827528	1	98	OTHER
6390288	3827528	2	98	OTHER
6390289	3827528	3	98	OTHER
6390290	3827528	4	98	OTHER
6390291	3827529	1	98	OTHER
6390292	3827529	2	98	OTHER
6390293	3827529	3	2	
6390294	3827529	4	1	
6390295	3827530	1	98	OTHER
6390296	3827530	2	98	OTHER
6390297	3827530	3	1	
6390298	3827530	4	18	
6390299	3827531	1	98	OTHER
6390300	3827531	2	98	OTHER
6390301	3827531	3	13	
6390302	3827531	4	18	
6390303	3827532	1	98	OTHER
6390304	3827532	2	1	
6390305	3827532	3	3	
6390306	3827532	4	18	
6390307	3827533	1	98	OTHER
6390308	3827533	2	98	OTHER
6390309	3827533	3	1	
6390310	3827533	4	3	
6390311	3778040	1	13	
6390312	3796467	1	13	
6390313	3803533	1	10	
6390314	3803533	2	18	
6390315	3825331	1	17	
6390316	3825755	1	18	
6390317	3826328	1	13	
6390318	3826328	2	20	
6390319	3826329	1	14	
6390320	3826329	2	13	
6390321	3826330	1	10	
6390322	3826330	2	3	
6390323	3825333	1	13	
6390324	3826331	1	8	
6390325	3826331	2	3	
6390326	3826331	3	18	
6390327	3826331	4	18	
6390328	3792626	1	13	
6390329	3792627	1	20	
6390337	3808815	1	13	
6390338	3808816	1	13	
6390339	3808823	1	13	
6390340	3808826	1	13	
6390341	3808828	1	13	
6390342	3808833	1	13	
6390343	3808837	1	13	
6390344	3808840	1	13	
6390345	3808854	1	13	
6390346	3808860	1	13	
6390347	3808983	1	13	
6390348	3809095	1	13	
6390349	3809115	1	13	
6390350	3809125	1	13	
6390351	3809131	1	13	
6390352	3809131	2	1	
6390353	3809142	1	13	
6390354	3809153	1	13	
6390355	3809246	1	5	
6390356	3809246	2	3	
6390357	3809249	1	13	
6390358	3809377	1	13	
6390359	3809378	1	13	
6390360	3809379	1	13	
6390361	3809381	1	13	
6390362	3809423	1	13	
6390363	3819066	1	1	
6390364	3819066	2	18	
6390365	3819066	3	18	
6390366	3819066	4	3	
6390367	3827534	1	13	
6390368	3827535	1	13	
6390369	3827535	2	18	
6390370	3827536	1	13	
6390371	3827537	1	13	
6390372	3827538	1	13	
6390373	3827539	1	13	
6390374	3827540	1	19	
6390375	3827540	2	13	
6390376	3827541	1	16	
6390377	3827542	1	13	
6390378	3827543	1	13	
6390379	3827544	1	13	
6390380	3827545	1	13	
6390381	3827546	1	13	
6390382	3827547	1	3	
6390383	3827548	1	1	
6390384	3827548	2	3	
6390385	3827549	1	13	
6390386	3827550	1	13	
6390387	3827551	1	8	
6390388	3827551	2	13	
6390389	3827552	1	1	
6390390	3827552	2	8	
6390391	3827552	3	1	
6390392	3827552	4	3	
6390393	3827553	1	13	
6390394	3827554	1	1	
6390395	3827554	2	98	Reentering Roadway
6390396	3827554	3	1	
6390397	3827554	4	3	
6390398	3827555	1	13	
6390399	3827556	1	13	
6390400	3827557	1	13	
6390401	3827558	1	3	
6390402	3827559	1	13	
6390403	3827559	2	13	
6390404	3827560	1	13	
6390405	3827561	1	3	
6390406	3827561	2	18	
6390407	3827561	3	18	
6390408	3827562	1	13	
6390409	3827563	1	9	
6390410	3827563	2	1	
6390411	3827563	3	18	
6390412	3827563	4	20	
6390413	3827564	1	13	
6390414	3827565	1	13	
6390415	3827566	1	13	
6390416	3827567	1	13	
6390417	3827568	1	13	
6390418	3827569	1	13	
6390419	3827569	2	13	
6390420	3827570	1	13	
6390421	3827571	1	13	
6390422	3827571	2	13	
6390423	3827572	1	13	
6390424	3827573	1	13	
6390425	3827574	1	13	
6390426	3827575	1	1	
6390427	3827575	2	18	
6390428	3827575	3	18	
6390429	3827575	4	18	
6390430	3827576	1	13	
6390431	3827577	1	1	
6390432	3827578	1	13	
6390433	3827579	1	13	
6390434	3827580	1	3	
6390435	3827581	1	13	
6390436	3827581	2	13	
6390437	3827581	3	13	
6390439	3827594	1	13	
6390440	3817753	1	13	
6390441	3827595	1	13	
6390442	3827596	1	13	
6390449	3827600	1	13	
6390450	3814930	1	3	
6390451	3814930	2	5	
6390452	3814933	1	13	
6390453	3827601	1	13	
6390454	3827602	1	13	
6390455	3827603	1	13	
6390456	3827604	1	13	
6390457	3827605	1	13	
6390459	3821491	1	1	
6390460	3821491	2	14	
6390464	3821493	1	13	
6390465	3793849	1	13	
6390466	3794405	1	5	
6390471	3817765	1	1	
6390472	3817765	2	14	
6390478	3827610	1	13	
6390479	3827611	1	13	
6390480	3805144	1	13	
6390481	3827612	1	1	
6390482	3827612	2	3	
6390483	3827612	3	18	
6390484	3827683	1	13	
6390485	3827684	1	13	
6390486	3827685	1	13	
6390487	3827686	1	13	
6390488	3827687	1	13	
6390489	3827688	1	13	
6390491	3827690	1	13	
6390492	3827691	1	13	
6390493	3827692	1	13	
6390494	3827692	2	14	
6390495	3827693	1	14	
6390496	3827694	1	13	
6390497	3827695	1	13	
6390498	3827695	2	14	
6390499	3827695	3	14	
6390500	3827695	4	14	
6390501	3827696	1	1	
6390502	3827696	2	3	
6390503	3827697	1	13	
6390504	3827698	1	13	
6390505	3827699	1	13	
6390506	3827700	1	13	
6390507	3827701	1	13	
6390508	3827702	1	13	
6390509	3827703	1	13	
6390510	3827704	1	13	
6390511	3827705	1	13	
6390512	3827706	1	10	
6390513	3827706	2	13	
6390514	3827707	1	3	
6390515	3827708	1	13	
6390516	3827709	1	13	
6390517	3827710	1	9	
6390518	3827710	2	18	
6295475	3753967	1	13	
6295476	3760274	1	13	
6295477	3764008	1	13	
6295491	3764014	1	13	
6295493	3764015	1	13	
6295494	3761938	1	13	
6295495	3731129	1	20	
6295496	3769904	1	1	
6295497	3769904	2	3	
6295498	3769904	3	5	
6295499	3769905	1	1	
6295500	3769905	2	3	
6295501	3769906	1	1	
6295502	3769906	2	3	
6295503	3769906	3	18	
6295504	3769907	1	13	
6295505	3769908	1	13	
6295506	3769908	2	1	
6295507	3769909	1	1	
6295508	3769909	2	3	
6295509	3769910	1	13	
6295510	3769910	2	1	
6295511	3769910	3	3	
6295512	3769911	1	1	
6295513	3769911	2	3	
6295532	3769928	1	10	
6295533	3769929	1	10	
6295534	3750398	1	13	
6295535	3750451	1	13	
6295536	3769930	1	13	
6295537	3769931	1	13	
6295538	3769932	1	13	
6295539	3769933	1	13	
6295540	3769934	1	18	
6295541	3769935	1	13	
6295542	3769936	1	13	
6295543	3769937	1	13	
6295544	3769938	1	13	
6295545	3769939	1	13	
6295546	3769940	1	13	
6295547	3769941	1	13	
6295548	3769942	1	13	
6295549	3769943	1	3	
6295550	3769944	1	13	
6295551	3769945	1	13	
6295552	3769946	1	18	
6295553	3769947	1	13	
6295554	3769948	1	13	
6295558	3769950	1	13	
6295559	3769951	1	13	
6295561	3769952	1	13	
6295562	3769953	1	13	
6295563	3769954	1	13	
6295564	3769955	1	13	
6295565	3769956	1	13	
6295566	3769957	1	13	
6295567	3769957	2	18	
6295568	3769958	1	13	
6295569	3769959	1	13	
6295570	3769960	1	13	
6295571	3769961	1	13	
6295572	3769962	1	13	
6295573	3769963	1	13	
6295574	3769963	2	18	
6295575	3769964	1	13	
6295576	3769965	1	13	
6295577	3769965	2	18	
6295578	3769966	1	13	
6295579	3769967	1	13	
6295580	3769968	1	13	
6295581	3769969	1	13	
6295582	3769970	1	13	
6295583	3769971	1	13	
6295584	3769971	2	18	
6295585	3769972	1	13	
6295586	3769973	1	13	
6295587	3769974	1	13	
6295588	3769975	1	18	
6295589	3769975	2	18	
6295590	3769976	1	3	
6295591	3769977	1	13	
6295592	3769978	1	18	
6295593	3769979	1	13	
6295595	3769981	1	13	
6295596	3769982	1	13	
6295597	3769983	1	13	
6295598	3769984	1	10	
6295599	3769985	1	13	
6295600	3769986	1	13	
6295601	3769987	1	13	
6295602	3769988	1	13	
6295603	3769989	1	13	
6295604	3769989	2	13	
6295605	3769990	1	13	
6295606	3769990	2	18	
6295607	3769990	3	3	
6295608	3769991	1	13	
6295609	3769992	1	13	
6295610	3769993	1	13	
6295611	3769994	1	13	
6295613	3769996	1	18	
6295614	3769997	1	13	
6295615	3769998	1	13	
6295616	3769999	1	13	
6295617	3769999	2	13	
6295618	3770000	1	13	
6295619	3770001	1	13	
6295620	3770002	1	13	
6295621	3770003	1	18	
6295622	3770004	1	10	
6295623	3770005	1	18	
6295624	3770006	1	13	
6295625	3770007	1	18	
6295626	3770008	1	13	
6295627	3770009	1	13	
6295628	3770010	1	13	
6295629	3770011	1	13	
6295630	3770012	1	13	
6295631	3770013	1	13	
6295632	3770014	1	13	
6295633	3770015	1	13	
6295634	3770015	2	18	
6295635	3770016	1	13	
6295636	3770017	1	18	
6295638	3770019	1	18	
6295639	3770019	2	18	
6295640	3770020	1	18	
6295641	3770021	1	13	
6295642	3770022	1	13	
6295643	3770023	1	13	
6295644	3770024	1	18	
6295645	3770025	1	3	
6295646	3770026	1	13	
6295647	3770027	1	18	
6295648	3770028	1	18	
6295649	3770029	1	13	
6295650	3770030	1	13	
6295651	3770031	1	13	
6295652	3770032	1	13	
6295653	3770033	1	13	
6295654	3770034	1	13	
6295655	3770035	1	18	
6295656	3770036	1	18	
6295657	3770037	1	13	
6295658	3770038	1	13	
6295659	3770039	1	13	
6295660	3770040	1	13	
6295661	3770041	1	13	
6295662	3770042	1	13	
6295663	3770043	1	13	
6295664	3770044	1	13	
6295665	3770045	1	13	
6295666	3770046	1	13	
6295667	3770047	1	13	
6295668	3770048	1	13	
6295669	3770049	1	13	
6295670	3770050	1	13	
6295671	3770051	1	13	
6295672	3770052	1	13	
6295673	3770053	1	13	
6295675	3770055	1	13	
6295676	3770056	1	13	
6295677	3770057	1	18	
6295678	3770058	1	13	
6295679	3770059	1	13	
6295680	3770060	1	13	
6295681	3770061	1	18	
6295682	3770062	1	13	
6295683	3770063	1	13	
6295684	3770064	1	13	
6295685	3770065	1	13	
6295686	3770066	1	18	
6295687	3770066	2	10	
6295688	3770066	3	3	
6295689	3770067	1	13	
6295690	3770068	1	13	
6295691	3770069	1	18	
6295692	3770070	1	13	
6295693	3770071	1	13	
6295694	3770072	1	18	
6295695	3770073	1	13	
6295696	3770073	2	18	
6295697	3770074	1	13	
6295698	3770074	2	13	
6295699	3770075	1	13	
6295700	3770076	1	3	
6295701	3770076	2	18	
6295702	3770076	3	18	
6295703	3770077	1	18	
6295704	3770078	1	13	
6295705	3770079	1	13	
6295706	3770080	1	13	
6295707	3770081	1	13	
6295708	3770082	1	18	
6295709	3770082	2	13	
6295710	3770083	1	13	
6295711	3770084	1	13	
6295712	3770084	2	13	
6295713	3770085	1	13	
6295714	3770086	1	13	
6295715	3770087	1	13	
6295716	3770088	1	13	
6295717	3770089	1	13	
6295718	3770090	1	13	
6295719	3770090	2	13	
6295720	3770090	3	13	
6295721	3770091	1	13	
6295722	3770092	1	13	
6295723	3770093	1	13	
6295724	3770093	2	13	
6295725	3770094	1	18	
6295726	3770094	2	3	
6295727	3770095	1	13	
6295728	3770096	1	13	
6295729	3770097	1	13	
6295730	3770098	1	13	
6295731	3770099	1	18	
6295732	3770100	1	6	
6295733	3770101	1	18	
6295734	3770101	2	3	
6295735	3770101	3	18	
6295736	3770102	1	18	
6295737	3770103	1	13	
6295738	3770104	1	13	
6295739	3770104	2	13	
6295740	3770105	1	13	
6295741	3770106	1	13	
6295742	3770107	1	18	
6295743	3770108	1	13	
6295744	3770109	1	13	
6295745	3770110	1	13	
6295746	3770111	1	13	
6295747	3770111	2	18	
6295748	3770111	3	18	
6295749	3770111	4	18	
6295750	3770112	1	13	
6295751	3770113	1	13	
6295752	3770114	1	3	
6295753	3770115	1	18	
6295754	3770115	2	3	
6295755	3770116	1	13	
6295756	3770117	1	13	
6295757	3770118	1	13	
6295758	3770119	1	13	
6295759	3770120	1	13	
6295760	3770121	1	18	
6295761	3770121	2	18	
6295762	3770121	3	18	
6295763	3770121	4	3	
6295764	3770122	1	13	
6295765	3770123	1	13	
6295766	3770124	1	13	
6295767	3770125	1	13	
6295768	3770126	1	13	
6295769	3770127	1	13	
6295770	3770128	1	13	
6295771	3770129	1	18	
6295772	3770130	1	13	
6295773	3770131	1	3	
6295774	3770132	1	18	
6295775	3770132	2	18	
6295776	3770133	1	13	
6295777	3770134	1	13	
6295778	3770135	1	13	
6295779	3770136	1	13	
6295780	3770137	1	13	
6295781	3770138	1	13	
6295782	3770139	1	13	
6295783	3770139	2	18	
6295784	3770140	1	13	
6295785	3770141	1	13	
6295786	3770142	1	13	
6295787	3770143	1	13	
6295788	3770144	1	13	
6295789	3770145	1	13	
6295790	3770146	1	13	
6409382	3838386	1	13	
6409383	3838386	2	3	
6409384	3838386	3	5	
6409385	3838387	1	13	
6409386	3838388	1	9	
6409387	3838388	2	3	
6409388	3838389	1	3	
6409390	3838390	1	13	
6409392	3838391	1	13	
6409393	3838392	1	13	
6409394	3838393	1	13	
6409395	3838394	1	13	
6409397	3838395	1	13	
6409398	3838396	1	13	
6409400	3838397	1	13	
6409401	3838397	2	13	
6409402	3838397	3	13	
6409403	3838398	1	13	
6409404	3838399	1	13	
6409405	3838400	1	13	
6409406	3838401	1	6	
6409407	3838402	1	13	
6409408	3838403	1	13	
6409409	3838404	1	13	
6409410	3838405	1	13	
6409411	3838406	1	13	
6409412	3838407	1	13	
6409413	3838408	1	13	
6409414	3838408	2	18	
6409416	3838410	1	13	
6409417	3838411	1	13	
6409418	3838412	1	13	
6409419	3838413	1	13	
6409420	3838414	1	13	
6409421	3838415	1	13	
6409423	3838417	1	13	
6409424	3838418	1	13	
6409425	3838419	1	13	
6409431	3838420	1	13	
6409432	3838421	1	13	
6409433	3838422	1	13	
6409434	3838423	1	13	
6409435	3838424	1	13	
6409436	3838424	2	13	
6409437	3838425	1	13	
6409439	3838427	1	13	
6409440	3838427	2	13	
6409444	3838428	1	13	
6409445	3838429	1	13	
6409449	3838430	1	13	
6409455	3838432	1	13	
6409456	3838433	1	13	
6409457	3838434	1	13	
6409458	3838435	1	13	
6409459	3838436	1	13	
6409460	3838437	1	13	
6409462	3838438	1	13	
6409463	3838439	1	13	
6409464	3838440	1	13	
6409465	3838441	1	13	
6409470	3838442	1	13	
6409471	3838443	1	13	
6285614	3763766	2	1	
6285615	3763767	1	13	
6285616	3763767	2	1	
6285618	3763769	1	13	
6285619	3763770	1	13	
6285620	3763771	1	13	
6285621	3763772	1	13	
6285622	3763773	1	13	
6285623	3763774	1	2	
6285624	3763775	1	13	
6285625	3763776	1	5	
6285626	3763777	1	13	
6285627	3763778	1	13	
6285628	3763779	1	13	
6285629	3763780	1	18	
6285630	3763781	1	13	
6285632	3763783	1	13	
6285633	3763784	1	13	
6285634	3763785	1	1	
6285635	3763785	2	3	
6285636	3763785	3	18	
6285637	3763786	1	13	
6285638	3763787	1	13	
6285640	3763789	1	14	
6285643	3763791	1	13	
6285644	3763792	1	13	
6285645	3763793	1	6	
6285646	3763794	1	18	
6285647	3763795	1	1	
6285648	3763795	2	3	
6285649	3763795	3	18	
6285650	3763796	1	13	
6285651	3763797	1	12	
6285653	3763798	1	13	
6285654	3763799	1	10	
6285655	3763799	2	13	
6285656	3763800	1	13	
6285657	3763800	2	3	
6285658	3763801	1	13	
6285659	3763802	1	13	
6323278	3788377	1	13	
6323279	3788377	2	13	
6323280	3788377	3	13	
6323281	3788378	1	13	
6323282	3788379	1	18	
6323283	3788380	1	1	
6323284	3788380	2	18	
6323285	3788380	3	20	
6323286	3788381	1	13	
6323287	3788382	1	13	
6323288	3788382	2	13	
6323289	3788383	1	13	
6323290	3788384	1	13	
6323291	3788384	2	13	
6323292	3788385	1	13	
6323293	3788386	1	13	
6323294	3788386	2	13	
6323295	3788387	1	13	
6323296	3788387	2	13	
6323297	3788388	1	13	
6323298	3788389	1	13	
6323299	3788390	1	13	
6323300	3788391	1	13	
6323301	3788392	1	8	
6323302	3788392	2	1	
6323303	3788392	3	18	
6323304	3788392	4	18	
6323305	3788393	1	13	
6323306	3788393	2	98	
6323307	3788394	1	13	
6323308	3788394	2	98	
6323309	3788395	1	13	
6323310	3788395	2	98	
6323311	3788396	1	13	
6285708	3762428	1	13	
6285709	3763096	1	13	
6323312	3788396	2	98	
6285711	3763828	1	13	
6285712	3763829	1	13	
6285713	3763830	1	1	
6285714	3763830	2	18	
6323313	3788397	1	13	
6323314	3788397	2	13	
6285717	3763832	1	13	
6285718	3763833	1	13	
6323315	3788398	1	14	
6323316	3788398	2	98	
6323317	3788399	1	13	
6285740	3762499	1	13	
6285741	3762500	1	13	
6285742	3762501	1	13	
6285743	3762502	1	5	
6285744	3762503	1	2	
6285745	3762503	2	3	
6285746	3762503	3	18	
6285747	3762504	1	13	
6285748	3762505	1	13	
6285749	3762506	1	1	
6285750	3762506	2	18	
6285751	3762506	3	18	
6285752	3762506	4	20	
6323318	3788399	2	13	
6323319	3788400	1	13	
6285755	3762508	1	13	
6323320	3788400	2	18	
6323321	3788401	1	13	
6323322	3788401	2	98	
6285759	3762510	1	13	
6285760	3762511	1	13	
6285761	3762511	2	13	
6285762	3762511	3	18	
6285763	3762512	1	13	
6285764	3762513	1	13	
6285765	3762514	1	13	
6285766	3762515	1	13	
6285767	3762516	1	13	
6285768	3762516	2	13	
6285769	3762518	1	13	
6285770	3762519	1	20	
6285771	3762521	1	13	
6285772	3762522	1	13	
6285773	3762523	1	13	
6285774	3762525	1	13	
6285775	3762526	1	13	
6285776	3762527	1	13	
6285777	3762528	1	18	
6285778	3762529	1	13	
6285779	3762530	1	13	
6285780	3762531	1	13	
6285781	3762532	1	13	
6285782	3762534	1	13	
6285783	3762535	1	13	
6285784	3762536	1	18	
6285785	3762536	2	13	
6285786	3762536	3	18	
6285787	3762537	1	13	
6285788	3762538	1	13	
6285789	3762540	1	10	
6285790	3762541	1	13	
6285791	3762541	2	13	
6285792	3762542	1	13	
6285793	3762545	1	13	
6285794	3762546	1	13	
6285795	3762548	1	13	
6285796	3762551	1	13	
6285797	3762553	1	18	
6285799	3762564	1	13	
6285800	3762565	1	13	
6285801	3762566	1	13	
6285802	3762566	2	1	
6285803	3762566	3	18	
6285804	3762572	1	13	
6285805	3762572	2	10	
6285806	3762575	1	13	
6285807	3762575	2	13	
6285808	3762576	1	13	
6285809	3762577	1	13	
6285810	3762578	1	13	
6285811	3762601	1	13	
6285812	3763836	1	13	
6285813	3763836	2	13	
6285814	3727834	1	13	
6285815	3763837	1	13	
6285816	3763837	2	13	
6285817	3763838	1	3	
6285818	3763839	1	13	
6285819	3763840	1	13	
6285820	3763841	1	13	
6285821	3763841	2	3	
6285822	3763842	1	13	
6285823	3763843	1	13	
6285824	3763844	1	13	
6285825	3763845	1	3	
6285832	3763846	1	98	Evasive action/Pre
6285833	3763846	2	13	
6285834	3763846	3	1	
6285835	3763847	1	1	
6285836	3763847	2	18	
6285837	3763847	3	18	
6285838	3763848	1	13	
6285839	3763849	1	98	Re-entering roadway/Col
6285840	3763849	2	13	
6285841	3763850	1	13	
6285842	3763851	1	1	
6285843	3763851	2	18	
6285844	3763851	3	3	
6285845	3763852	1	13	
6285846	3763853	1	13	
6285847	3763854	1	13	
6285848	3763854	2	98	Hit and Run/misc
6285849	3763855	1	98	Evasive action/Pre
6285850	3763855	2	1	
6285851	3763855	3	3	
6285852	3763855	4	5	
6285853	3763856	1	13	
6285854	3763856	2	13	
6285855	3763856	3	13	
6285856	3763857	1	13	
6285857	3763858	1	13	
6285858	3763859	1	13	
6285859	3763860	1	13	
6285860	3763861	1	18	
6285861	3763861	2	18	
6285862	3763862	1	98	Other/misc
6285863	3763863	1	13	
6285864	3763864	1	18	
6285865	3763865	1	13	
6285866	3763866	1	13	
6285867	3763867	1	13	
6285868	3763868	1	13	
6285869	3763869	1	13	
6285870	3763870	1	13	
6285871	3763871	1	13	
6285872	3763872	1	13	
6285873	3763873	1	13	
6285874	3763874	1	13	
6285875	3763875	1	9	
6285876	3763875	2	1	
6285877	3763876	1	13	
6285878	3763877	1	18	
6285879	3763878	1	13	
6285880	3763879	1	13	
6285881	3763879	2	13	
6285882	3763880	1	13	
6285883	3763881	1	13	
6285884	3763882	1	13	
6285886	3739568	1	1	
6285887	3739568	2	18	
6285888	3763337	1	10	
6285889	3763337	2	1	
6285890	3763337	3	3	
6285891	3763883	1	13	
6285892	3763884	1	1	
6285893	3763884	2	18	
6285894	3763884	3	13	
6285895	3763885	1	13	
6285896	3763886	1	13	
6285897	3763887	1	13	
6285898	3763888	1	13	
6285899	3763889	1	8	
6285900	3763889	2	13	
6285901	3763890	1	13	
6285902	3763891	1	13	
6285903	3763892	1	21	
6323323	3788402	1	13	
6323324	3788402	2	18	
6285906	3763895	1	13	
6285907	3763896	1	13	
6323325	3788403	1	13	
6285909	3763898	1	13	
6285910	3763899	1	13	
6285911	3763900	1	13	
6285912	3763901	1	13	
6285913	3763902	1	6	
6323326	3788403	2	98	
6323327	3788404	1	13	
6285918	3733521	1	13	
6285919	3763904	1	13	
6285920	3763905	1	13	
6285921	3763906	1	13	
6285922	3763907	1	13	
6340883	3783230	1	13	
6340884	3799605	1	13	
6340885	3799606	1	13	
6340886	3799607	1	13	
6340887	3799608	1	13	
6340888	3799609	1	13	
6340889	3799609	2	13	
6340890	3799609	3	1	
6340891	3799610	1	13	
6340892	3799610	2	1	
6340893	3799611	1	13	
6340894	3799612	1	3	
6340896	3799614	1	13	
6340897	3799615	1	13	
6340898	3799616	1	18	
6340899	3799617	1	13	
6340900	3799618	1	13	
6340901	3799618	2	13	
6340902	3799618	3	13	
6340903	3799618	4	13	
6340904	3799619	1	18	
6340905	3799619	2	3	
6340906	3799620	1	13	
6340907	3799621	1	13	
6340908	3799622	1	1	
6340909	3799622	2	14	
6340910	3799623	1	13	
6340911	3799624	1	13	
6340912	3799626	1	13	
6340913	3799627	1	1	
6340914	3799627	2	98	Came Back on Road
6340915	3799627	3	2	
6340916	3799627	4	1	
6340917	3799628	1	13	
6340918	3799629	1	13	
6340919	3799630	1	13	
6340920	3799631	1	1	
6340921	3799631	2	3	
6340922	3799632	1	13	
6340923	3799633	1	1	
6340924	3799633	2	18	
6340925	3799633	3	1	
6340926	3799633	4	18	
6340927	3799634	1	1	
6340928	3799634	2	18	
6340929	3799635	1	98	Rear-End
6340930	3799636	1	98	Same Direction Turning
6340931	3799636	2	98	Loss of Control
6340932	3799636	3	3	
6340933	3799637	1	98	Loss of Control
6340934	3799637	2	3	
6340935	3799638	1	98	Rear-End
6340936	3799639	1	13	
6340937	3799640	1	13	
6340938	3799641	1	1	
6340939	3799641	2	3	
6340940	3799641	3	18	
6340941	3799642	1	1	
6340942	3799642	2	13	
6340943	3799642	3	18	
6340944	3799643	1	1	
6340945	3799643	2	8	
6340946	3799643	3	18	
6340947	3799644	1	13	
6340948	3799645	1	13	
6340949	3799646	1	13	
6340950	3799647	1	7	
6340951	3799648	1	13	
6340952	3799649	1	8	
6340953	3799650	1	1	
6340954	3799650	2	10	
6347784	3778356	1	13	
6340969	3794400	1	13	
6347785	3804102	1	13	
6347786	3804103	1	13	
6340972	3788199	1	13	
6340973	3770609	1	14	
6340979	3757548	1	1	
6340980	3757548	2	18	
6347787	3804103	2	12	
6340984	3798515	1	13	
6347788	3804104	1	13	
6340990	3778991	1	13	
6340991	3799656	1	1	
6340992	3799656	2	18	
6340993	3799656	3	3	
6340994	3799657	1	13	
6340995	3799658	1	13	
6340996	3799659	1	1	
6340997	3799659	2	18	
6340998	3780450	1	13	
6340999	3784131	1	12	
6341002	3794418	1	13	
6341003	3794423	1	13	
6341007	3795709	1	13	
6341008	3798527	1	17	
6341009	3798527	2	2	
6341010	3798527	3	18	
6341011	3750356	1	13	
6341012	3750356	2	7	
6341013	3750356	3	1	
6341014	3799660	1	1	
6341015	3799660	2	18	
6341016	3799660	3	10	
6341017	3799660	4	3	
6341018	3799661	1	13	
6341019	3799662	1	9	
6341020	3799662	2	13	
6341021	3799663	1	20	
6341022	3799772	1	14	
6341023	3799773	1	13	
6341024	3799774	1	13	
6341025	3799775	1	13	
6341026	3799776	1	13	
6341027	3799777	1	13	
6341028	3799778	1	18	
6341029	3799778	2	3	
6341030	3799779	1	1	
6341031	3799779	2	18	
6341032	3799779	3	3	
6341033	3799780	1	1	
6341034	3799780	2	18	
6341035	3799780	3	3	
6341036	3799781	1	13	
6341037	3799782	1	13	
6341038	3799783	1	13	
6341039	3799784	1	1	
6341040	3799785	1	13	
6341041	3799786	1	13	
6341042	3799787	1	13	
6341043	3799788	1	13	
6341044	3799789	1	13	
6341045	3799790	1	13	
6341046	3799791	1	13	
6341047	3799792	1	13	
6341048	3799793	1	18	
6341049	3799794	1	13	
6341050	3799795	1	14	
6341051	3799796	1	13	
6341052	3799797	1	18	
6341053	3799797	2	13	
6341054	3799797	3	3	
6341055	3799798	1	13	
6341056	3799799	1	13	
6341057	3799800	1	13	
6341058	3799801	1	1	
6341059	3799801	2	18	
6341060	3799801	3	2	
6341061	3799801	4	18	
6341062	3799802	1	18	
6341063	3799802	2	18	
6341064	3799803	1	2	
6341065	3799803	2	18	
6341066	3799804	1	13	
6341067	3799805	1	13	
6341068	3799806	1	18	
6341069	3799806	2	2	
6341070	3799807	1	1	
6341071	3799807	2	18	
6341072	3799807	3	3	
6341073	3799808	1	1	
6341074	3799808	2	18	
6341075	3799809	1	8	
6341076	3799809	2	13	
6341077	3799810	1	3	
6341078	3799811	1	13	
6341079	3799812	1	13	
6341080	3799813	1	13	
6341081	3799814	1	13	
6341082	3799815	1	13	
6341083	3799816	1	13	
6341084	3799817	1	13	
6341085	3799818	1	13	
6341086	3799819	1	2	
6341087	3799819	2	18	
6341088	3799820	1	18	
6341089	3799821	1	1	
6341090	3799821	2	18	
6341091	3799821	3	18	
6341092	3799822	1	1	
6341093	3799822	2	18	
6341094	3799822	3	13	
6341095	3799823	1	13	
6341096	3799824	1	13	
6341097	3799825	1	6	
6341098	3799826	1	13	
6341099	3799827	1	13	
6341100	3799828	1	13	
6341101	3799829	1	13	
6341102	3799830	1	13	
6341103	3799831	1	13	
6341104	3799832	1	13	
6341105	3799833	1	13	
6341106	3799834	1	13	
6341107	3799835	1	13	
6341108	3799836	1	13	
6341109	3799837	1	13	
6341110	3799838	1	1	
6341111	3799838	2	18	
6341112	3799839	1	13	
6341113	3799840	1	13	
6341114	3799841	1	13	
6341115	3799842	1	13	
6341116	3799843	1	13	
6341119	3799845	1	13	
6341120	3799846	1	13	
6341121	3799847	1	17	
6341122	3799848	1	1	
6341123	3799848	2	18	
6341124	3799848	3	3	
6341126	3799850	1	13	
6341127	3799851	1	13	
6341128	3799852	1	13	
6341129	3799853	1	14	
6347790	3804106	1	13	
6347791	3802147	1	18	
6347792	3756212	1	18	
6347793	3756212	2	18	
6347794	3756212	3	18	
6347795	3784461	1	12	
6347796	3784462	1	12	
6347797	3765676	1	13	
6347798	3763041	1	13	
6347799	3776922	1	13	
6347800	3772810	1	13	
6347801	3793419	1	13	
6347802	3765690	1	13	
6347803	3765692	1	14	
6347804	3765694	1	13	
6347805	3765696	1	12	
6347806	3765727	1	13	
6347807	3804107	1	14	
6347808	3790481	1	13	
6347809	3791922	1	13	
6347810	3772817	1	14	
6347811	3772846	1	13	
6347812	3776927	1	13	
6347813	3776944	1	12	
6347814	3778473	1	13	
6347815	3803246	1	13	
6347816	3778476	1	16	
6347817	3778488	1	13	
6347818	3778490	1	14	
6347819	3776955	1	14	
6347820	3778497	1	13	
6347821	3778515	1	14	
6347822	3778516	1	13	
6347823	3778521	1	13	
6347824	3779123	1	13	
6347825	3779125	1	13	
6347826	3779127	1	13	
6347827	3781659	1	13	
6347828	3785744	1	13	
6347829	3778531	1	14	
6347830	3779129	1	13	
6347831	3782329	1	13	
6347832	3781673	1	13	
6347833	3781674	1	12	
6347834	3799864	1	13	
6347835	3782343	1	13	
6347836	3782345	1	13	
6347837	3785034	1	13	
6347838	3788666	1	13	
6347839	3788669	1	13	
6347840	3793444	1	16	
6347841	3793453	1	13	
6347842	3793455	1	12	
6347843	3793459	1	13	
6347844	3793469	1	13	
6347845	3793474	1	14	
6347846	3793477	1	13	
6347847	3793478	1	12	
6347848	3793480	1	13	
6347849	3793481	1	13	
6347850	3793482	1	14	
6347851	3793483	1	13	
6347852	3793484	1	13	
6347853	3793487	1	13	
6347854	3793491	1	12	
6398791	3832277	1	13	
6398792	3832277	2	98	
6398793	3832278	1	13	
6398794	3832278	2	98	
6398795	3832279	1	5	
6398796	3832279	2	98	
6398797	3832280	1	13	
6398798	3832280	2	98	
6398799	3832281	1	1	
6398800	3832281	2	98	
6398801	3832282	1	13	
6398802	3832282	2	98	
6398803	3832283	1	13	
6398804	3832283	2	13	
6398805	3832284	1	13	
6398806	3832284	2	13	
6398807	3832285	1	13	
6398808	3832285	2	98	
6398809	3832286	1	13	
6398810	3832286	2	13	
6398811	3832287	1	98	
6398812	3832287	2	98	
6398813	3832288	1	13	
6398814	3832288	2	13	
6398815	3832289	1	13	
6398816	3832289	2	98	
6398817	3832290	1	13	
6398818	3832290	2	6	
6398819	3832291	1	13	
6398820	3832291	2	18	
6398821	3832292	1	13	
6398822	3832292	2	98	
6398823	3832293	1	13	
6398824	3832293	2	98	
6398825	3832294	1	13	
6398826	3832294	2	98	
6398827	3832295	1	1	
6398828	3832295	2	3	
6398829	3832296	1	18	
6398830	3832296	2	98	
6398831	3832297	1	13	
6398832	3832297	2	4	
6398833	3832298	1	13	
6398834	3832298	2	18	
6398835	3832299	1	13	
6398836	3832299	2	98	
6398837	3832300	1	13	
6398838	3832300	2	98	
6398839	3832301	1	13	
6398840	3832301	2	3	
6398841	3832302	1	13	
6398842	3832302	2	98	
6398843	3832303	1	13	
6398844	3832303	2	13	
6398845	3832304	1	13	
6398846	3832304	2	98	
6398847	3832305	1	13	
6398848	3832305	2	98	
6398849	3832306	1	18	
6398850	3832306	2	18	
6398851	3832307	1	13	
6398852	3832307	2	98	
6398853	3832308	1	13	
6398854	3832308	2	98	
6398855	3832309	1	13	
6398856	3832309	2	98	
6398859	3832311	1	13	
6398860	3832311	2	13	
6398861	3832312	1	13	
6398862	3832312	2	98	
6398863	3832313	1	18	
6398864	3832313	2	98	
6398865	3832314	1	13	
6398866	3832314	2	98	
6398867	3832315	1	18	
6398868	3832315	2	3	
6398869	3832316	1	13	
6398870	3832316	2	98	
6398871	3832317	1	13	
6398872	3832317	2	98	
6398873	3832318	1	13	
6398874	3832318	2	98	
6398875	3832319	1	13	
6398876	3832319	2	98	
6398877	3832320	1	18	
6398878	3832320	2	13	
6398879	3832321	1	13	
6398880	3832321	2	98	
6398881	3832322	1	98	
6398882	3832322	2	98	
6398883	3832323	1	13	
6398884	3832323	2	13	
6398885	3832324	1	13	
6398886	3832324	2	98	
6398887	3832325	1	13	
6398888	3827290	1	13	
6398900	3832333	1	13	
6398901	3832334	1	13	
6398902	3832335	1	13	
6398903	3832336	1	16	
6398904	3832337	1	13	
6398905	3832338	1	13	
6398906	3832339	1	12	
6398907	3832340	1	13	
6398908	3832341	1	12	
6398909	3832342	1	13	
6398910	3832343	1	13	
6398911	3832344	1	13	
6398912	3832345	1	16	
6398913	3832347	1	11	
6398914	3832348	1	13	
6398915	3832349	1	13	
6398916	3832350	1	13	
6398917	3832351	1	13	
6398918	3832352	1	13	
6398919	3832353	1	13	
6398920	3832354	1	13	
6398922	3832356	1	16	
6398923	3832357	1	13	
6398924	3832358	1	13	
6398925	3832359	1	13	
6398926	3832360	1	13	
6398927	3832361	1	13	
6398928	3832362	1	18	
6398929	3832363	1	13	
6398930	3832364	1	13	
6398931	3832365	1	16	
6398932	3832366	1	13	
6398933	3832367	1	16	
6398934	3832368	1	13	
6398935	3832369	1	13	
6398937	3832371	1	13	
6398938	3832372	1	13	
6398939	3832373	1	13	
6398940	3832374	1	13	
6398941	3832375	1	13	
6398942	3832376	1	9	
6398943	3832376	2	1	
6398944	3832377	1	13	
6398945	3832378	1	13	
6398946	3832379	1	13	
6398947	3832380	1	13	
6398948	3832381	1	13	
6398949	3832382	1	3	
6398950	3832382	2	98	EMBANKMENT
6398951	3832383	1	13	
6398952	3832384	1	1	
6398953	3832384	2	98	GUARDRAIL FACE
6398954	3832385	1	6	
6398955	3832386	1	13	
6398956	3832387	1	3	
6398957	3832388	1	13	
6398958	3832389	1	13	
6398959	3832390	1	13	
6398960	3737710	1	13	
6398961	3827990	1	13	
6398965	3831170	1	14	
6398966	3831170	2	1	
6398967	3831170	3	18	
6398968	3831170	4	98	
6366394	3815836	2	18	
6366395	3815836	3	18	
6366396	3815837	1	13	
6366397	3815838	1	98	
6366398	3815838	2	1	
6366399	3815839	1	14	
6366401	3815841	1	13	
6366402	3815842	1	18	
6366403	3815842	2	18	
6366404	3815843	1	10	
6366405	3815844	1	1	
6366406	3815844	2	18	
6366407	3815844	3	3	
6366408	3815845	1	13	
6366409	3815846	1	13	
6366410	3815847	1	13	
6366411	3815847	2	1	
6366412	3815847	3	18	
6366413	3815848	1	13	
6366414	3815849	1	13	
6366415	3815850	1	18	
6366416	3815850	2	5	
6366417	3815851	1	13	
6366418	3815852	1	13	
6366419	3815853	1	13	
6366420	3815854	1	13	
6366421	3815855	1	1	
6366422	3815855	2	18	
6366423	3815856	1	13	
6366424	3815856	2	1	
6366425	3815856	3	98	
6366426	3815857	1	13	
6366427	3815858	1	13	
6366428	3815859	1	13	
6366429	3815860	1	13	
6366430	3815861	1	13	
6366431	3815862	1	13	
6366432	3815862	2	1	
6366433	3815863	1	13	
6366434	3815864	1	13	
6366435	3815865	1	13	
6366436	3815866	1	13	
6366437	3815867	1	13	
6366438	3815868	1	13	
6366439	3815869	1	1	
6366440	3815869	2	18	
6366441	3815869	3	2	
6366442	3815870	1	13	
6366443	3815871	1	13	
6366445	3815873	1	13	
6366446	3815874	1	13	
6366447	3815875	1	13	
6366448	3815875	2	18	
6366449	3815876	1	13	
6366450	3815877	1	13	
6366451	3815878	1	13	
6366452	3815878	2	1	
6366453	3815878	3	18	
6366454	3815879	1	13	
6366455	3815880	1	13	
6366456	3815881	1	13	
6366457	3815882	1	13	
6366458	3815883	1	1	
6366459	3815883	2	3	
6366460	3815884	1	1	
6366461	3815884	2	2	
6366462	3815884	3	1	
6366463	3815885	1	13	
6366464	3815886	1	3	
6366465	3815887	1	13	
6366466	3815888	1	13	
6366467	3815888	2	1	
6366468	3815888	3	18	
6366469	3815889	1	13	
6366470	3815890	1	1	
6366471	3815890	2	18	
6366472	3815890	3	3	
6366473	3815891	1	5	
6366474	3815891	2	3	
6366475	3815891	3	18	
6366476	3815892	1	13	
6366477	3815893	1	13	
6366478	3815894	1	3	
6366479	3815895	1	13	
6366481	3815897	1	13	
6366482	3815898	1	13	
6366483	3815899	1	3	
6366484	3815900	1	1	
6366485	3815900	2	18	
6366486	3815900	3	18	
6366487	3815901	1	13	
6366488	3815902	1	1	
6366489	3815902	2	18	
6366490	3815903	1	13	
6366491	3815904	1	18	
6366492	3815905	1	98	
6366493	3815906	1	13	
6366494	3815907	1	13	
6366495	3815908	1	1	
6366496	3815908	2	3	
6366497	3815909	1	13	
6366498	3815910	1	10	
6366499	3815911	1	13	
6366500	3815912	1	13	
6366501	3815913	1	13	
6366502	3815914	1	13	
6366503	3815915	1	13	
6366504	3815916	1	7	
6366505	3815917	1	13	
6366506	3815918	1	13	
6366509	3815921	1	13	
6366510	3815922	1	13	
6366511	3815923	1	13	
6366512	3815924	1	13	
6366513	3815925	1	13	
6366514	3815926	1	13	
6366515	3815927	1	13	
6366516	3815928	1	13	
6366517	3815929	1	13	
6366518	3815930	1	13	
6366519	3815931	1	1	
6366520	3815931	2	18	
6366521	3815932	1	13	
6366522	3815933	1	13	
6366523	3815933	2	1	
6366524	3815934	1	13	
6366525	3815935	1	13	
6366526	3815936	1	1	
6366527	3815936	2	8	
6366528	3815936	3	1	
6366529	3815936	4	3	
6366531	3815938	1	13	
6366532	3815938	2	1	
6366540	3815941	1	98	
6366541	3815941	2	13	
6366542	3815942	1	13	
6366543	3815943	1	13	
6366544	3815944	1	1	
6366545	3815944	2	3	
6366546	3815944	3	18	
6366547	3815945	1	13	
6366548	3815946	1	13	
6366549	3815946	2	1	
6366550	3815947	1	1	
6366551	3815947	2	3	
6366552	3815947	3	8	
6366553	3815947	4	1	
6366554	3815948	1	1	
6366555	3815948	2	3	
6366556	3815948	3	18	
6366558	3815950	1	9	
6366559	3815950	2	1	
6366560	3815950	3	18	
6366561	3815951	1	13	
6366566	3815955	1	1	
6366567	3815955	2	18	
6366568	3815955	3	2	
6366570	3815957	1	1	
6366571	3815957	2	18	
6366572	3815958	1	13	
6366573	3815959	1	13	
6366574	3815960	1	13	
6366575	3815961	1	18	
6366576	3815961	2	18	
6366577	3815962	1	13	
6366578	3815963	1	13	
6366579	3815963	2	18	
6366580	3815964	1	18	
6366581	3815965	1	16	
6366582	3815966	1	98	OTHER
6366583	3815966	2	1	
6366584	3815966	3	3	
6366585	3815967	1	98	OTHER
6366586	3815967	2	13	
6366587	3815967	3	3	
6366588	3815968	1	98	OTHER
6366589	3815968	2	98	OTHER
6366590	3815968	3	98	OTHER
6366591	3815968	4	98	OTHER
6366592	3815969	1	98	OTHER
6366593	3815969	2	98	OTHER
6366594	3815969	3	13	
6366595	3815969	4	98	OTHER
6366596	3815970	1	98	OTHER
6366597	3815970	2	98	OTHER
6366598	3815970	3	1	
6366599	3815970	4	2	
6366600	3815971	1	98	OTHER
6366601	3815971	2	98	OTHER
6366602	3815971	3	13	
6366603	3815971	4	2	
6366604	3815972	1	98	OTHER
6366605	3815972	2	98	OTHER
6366606	3815972	3	8	
6366607	3815972	4	13	
6366620	3815976	1	98	OTHER
6366621	3815976	2	98	OTHER
6366622	3815976	3	98	OTHER
6366623	3815976	4	13	
6366624	3815977	1	11	
6366625	3815977	2	98	OTHER
6366626	3815977	3	98	OTHER
6366627	3815977	4	13	
6366628	3815978	1	98	OTHER
6366629	3815978	2	98	OTHER
6366630	3815978	3	98	OTHER
6366631	3815978	4	13	
6366632	3815979	1	98	OTHER
6366633	3815979	2	13	
6366634	3815979	3	98	OTHER
6366635	3815979	4	13	
6366636	3815980	1	98	OTHER
6366637	3815980	2	13	
6366638	3815980	3	98	OTHER
6366639	3815980	4	13	
6366640	3815981	1	98	OTHER
6366641	3815981	2	98	OTHER
6366642	3815981	3	13	
6366643	3815981	4	13	
6366644	3815982	1	98	OTHER
6366645	3815982	2	98	OTHER
6366646	3815982	3	13	
6366647	3815982	4	13	
6366648	3815983	1	98	OTHER
6366649	3815983	2	18	
6366650	3815983	3	13	
6366651	3815983	4	13	
6366652	3815984	1	98	OTHER
6366653	3815984	2	13	
6366654	3815984	3	13	
6366655	3815984	4	13	
6366656	3815985	1	98	OTHER
6366657	3815985	2	13	
6366658	3815985	3	13	
6366659	3815985	4	13	
6366660	3815986	1	98	OTHER
6366661	3815986	2	98	OTHER
6366662	3815986	3	13	
6366663	3815986	4	13	
6366664	3815987	1	98	OTHER
6366665	3815987	2	98	OTHER
6366666	3815987	3	13	
6366667	3815987	4	13	
6366668	3815988	1	98	OTHER
6366669	3815988	2	98	OTHER
6366670	3815988	3	98	OTHER
6366671	3815988	4	13	
6366672	3815989	1	98	OTHER
6366673	3815989	2	98	OTHER
6366674	3815989	3	98	OTHER
6366675	3815989	4	13	
6366676	3815990	1	98	OTHER
6366677	3815990	2	13	
6366678	3815990	3	98	OTHER
6366679	3815990	4	13	
6366680	3815991	1	98	OTHER
6366681	3815991	2	13	
6366682	3815991	3	98	OTHER
6366683	3815991	4	13	
6366684	3815992	1	98	OTHER
6366685	3815992	2	12	
6366686	3815992	3	98	OTHER
6366687	3815992	4	13	
6366688	3815993	1	98	OTHER
6366689	3815993	2	13	
6366690	3815993	3	98	OTHER
6366691	3815993	4	13	
6367188	3816123	1	13	
6291547	3767730	1	13	
6291548	3767731	1	3	
6291549	3767732	1	13	
6291550	3767732	2	18	
6291551	3767733	1	13	
6291552	3767734	1	13	
6291553	3767735	1	13	
6291554	3767736	1	13	
6291555	3767737	1	13	
6291556	3767738	1	1	
6291557	3767738	2	3	
6291559	3767739	1	1	
6291560	3767739	2	18	
6291561	3767739	3	2	
6291562	3767740	1	14	
6291563	3767741	1	13	
6291564	3767742	1	13	
6291565	3767743	1	18	
6291566	3767743	2	3	
6291567	3767744	1	1	
6291568	3767744	2	2	
6291569	3767744	3	18	
6291571	3767746	1	13	
6291572	3767747	1	13	
6291573	3767748	1	13	
6291574	3767749	1	1	
6291575	3767749	2	18	
6291576	3767750	1	13	
6291577	3767750	2	1	
6291578	3767751	1	13	
6291579	3767752	1	13	
6291580	3767753	1	13	
6291581	3767754	1	13	
6291582	3767755	1	18	
6291583	3767755	2	13	
6291584	3767756	1	13	
6291585	3767757	1	13	
6291586	3767758	1	13	
6291587	3767759	1	13	
6291588	3767760	1	1	
6291589	3767760	2	3	
6291590	3767761	1	13	
6291591	3767762	1	13	
6291592	3767763	1	13	
6291593	3767764	1	13	
6291594	3767765	1	13	
6291595	3767766	1	1	
6291596	3767766	2	3	
6291597	3767767	1	13	
6291598	3767768	1	1	
6291599	3767768	2	3	
6291600	3767769	1	13	
6291601	3767770	1	1	
6291602	3767770	2	3	
6291603	3767771	1	18	
6291604	3767772	1	13	
6291605	3767773	1	13	
6367189	3816124	1	13	
6291607	3767775	1	13	
6291608	3767776	1	13	
6291609	3767777	1	13	
6291610	3767777	2	13	
6291611	3767778	1	13	
6291612	3767779	1	13	
6291613	3767780	1	13	
6291614	3767781	1	13	
6291615	3767782	1	13	
6367190	3816125	1	13	
6291617	3767784	1	13	
6291618	3767785	1	13	
6291619	3767786	1	13	
6311398	3779853	1	98	OTHER
6311399	3779853	2	98	OTHER
6311400	3779853	3	98	OTHER
6311401	3779853	4	1	
6311402	3779854	1	98	OTHER
6311403	3779854	2	98	OTHER
6311404	3779854	3	98	OTHER
6311405	3779854	4	13	
6311406	3779855	1	98	OTHER
6311407	3779855	2	9	
6311408	3779855	3	5	
6311409	3779855	4	1	
6311410	3779856	1	98	OTHER
6311411	3779856	2	13	
6311412	3779856	3	5	
6311413	3779856	4	1	
6367191	3816126	1	13	
6311415	3779858	1	13	
6311416	3779860	1	13	
6311417	3779860	2	20	
6311418	3779861	1	13	
6311419	3779861	2	8	
6311420	3779861	3	18	
6367192	3816127	1	13	
6311422	3775951	1	8	
6311423	3775951	2	10	
6311424	3775951	3	2	
6311425	3779395	1	13	
6311426	3779396	1	2	
6311427	3779396	2	13	
6311428	3779863	1	10	
6367193	3754789	1	13	
6367194	3806217	1	13	
6367195	3816128	1	13	
6367196	3816129	1	13	
6367197	3816130	1	13	
6311434	3779866	1	13	
6311435	3779867	1	13	
6374564	3820260	1	13	
6374565	3820261	1	13	
6374566	3820262	1	13	
6311439	3779869	1	13	
6311440	3779869	2	10	
6374567	3820263	1	13	
6311442	3779871	1	13	
6311443	3779872	1	13	
6311444	3779872	2	8	
6374568	3820264	1	9	
6374569	3820264	2	1	
6311447	3779873	1	13	
6311448	3779873	2	98	RAN_OFF_ROAD_RIGHT
6374570	3820264	3	18	
6374571	3820265	1	13	
6374572	3820266	1	13	
6374573	3820267	1	8	
6311453	3779876	1	13	
6311454	3779877	1	13	
6311455	3729083	1	13	
6311456	3778960	1	18	
6311458	3779879	1	13	
6311459	3779880	1	13	
6311460	3779881	1	10	
6311461	3779881	2	13	
6311462	3779882	1	13	
6311463	3779885	1	13	
6311464	3779886	1	1	
6311465	3779886	2	3	
6311466	3779886	3	18	
6311467	3779886	4	5	
6311468	3779889	1	13	
6311469	3779890	1	2	
6311470	3779890	2	1	
6311471	3779891	1	13	
6311472	3779892	1	8	
6311473	3779892	2	13	
6311474	3779892	3	1	
6311475	3779893	1	13	
6311476	3779894	1	1	
6311477	3779894	2	3	
6311478	3779894	3	5	
6311479	3779895	1	1	
6311480	3779895	2	3	
6311481	3779896	1	2	
6311482	3779896	2	14	
6311483	3779896	3	1	
6311484	3779896	4	7	
6311493	3780006	1	13	
6311494	3780007	1	13	
6311497	3780008	1	13	
6311500	3780009	1	13	
6311501	3756077	1	13	
6311502	3780010	1	13	
6311504	3780011	1	13	
6311505	3780011	2	18	
6311506	3780012	1	13	
6311507	3780013	1	13	
6311508	3780014	1	13	
6311509	3780014	2	1	
6311510	3780014	3	18	
6311512	3780015	1	13	
6311513	3780016	1	13	
6311514	3780017	1	13	
6311515	3780018	1	13	
6311516	3780019	1	13	
6311517	3780020	1	13	
6311518	3780021	1	13	
6311519	3780022	1	9	
6311520	3780023	1	13	
6311521	3780024	1	13	
6311522	3780025	1	13	
6311523	3780026	1	98	
6311524	3780027	1	13	
6374574	3820267	2	19	
6374575	3820267	3	13	
6374576	3820268	1	13	
6374577	3820269	1	13	
6374578	3820270	1	13	
6374579	3820271	1	13	
6374580	3820272	1	13	
6374581	3820273	1	13	
6374582	3820274	1	13	
6374583	3820275	1	1	
6374584	3820275	2	3	
6374585	3820276	1	13	
6374586	3820277	1	13	
6374587	3820278	1	13	
6374588	3820279	1	13	
6374589	3820280	1	13	
6374590	3820280	2	1	
6374591	3820281	1	13	
6374592	3820281	2	5	
6374593	3820282	1	13	
6374594	3820283	1	13	
6374598	3798833	1	13	
6374599	3798833	2	13	
6374600	3798834	1	13	
6374601	3798835	1	13	
6374602	3798836	1	13	
6374603	3798836	2	13	
6374604	3796835	1	13	
6374605	3806360	1	13	
6374606	3806360	2	13	
6374607	3806360	3	1	
6374608	3806360	4	18	
6374609	3820286	1	1	
6374610	3820286	2	98	DITCH
6374611	3820287	1	10	
6374612	3820287	2	98	GUARDRAIL FACE
6374613	3820287	3	3	
6374614	3820288	1	13	
6374615	3820289	1	14	
6374616	3820290	1	13	
6374617	3820291	1	13	
6374618	3820292	1	14	
6374619	3820293	1	13	
6374620	3820294	1	20	
6374621	3820295	1	13	
6374623	3820297	1	13	
6374624	3820297	2	13	
6374625	3820298	1	13	
6374626	3820299	1	1	
6374627	3820299	2	3	
6374628	3749209	1	13	
6374631	3820302	1	13	
6374632	3820303	1	13	
6374633	3820304	1	13	
6374634	3820305	1	13	
6374635	3820305	2	1	
6374636	3820306	1	1	
6374637	3820306	2	13	
6374638	3820307	1	13	
6374639	3820308	1	13	
6374640	3820309	1	14	
6374641	3820310	1	13	
6374642	3820311	1	13	
6374643	3820312	1	13	
6374645	3718304	1	13	
6374646	3820313	1	14	
6374647	3815538	1	13	
6374648	3815539	1	13	
6374649	3815539	2	20	
6374650	3820314	1	3	
6374651	3820315	1	13	
6374652	3820316	1	13	
6374653	3713335	1	13	
6374655	3815540	1	13	
6374656	3820318	1	3	
6374658	3820319	1	13	
6374659	3820319	2	13	
6374660	3820319	3	13	
6374662	3815541	1	13	
6374663	3718310	1	13	
6374664	3718314	1	13	
6374667	3815543	1	13	
6374668	3815543	2	13	
6374669	3723466	1	13	
6374672	3815544	1	13	
6374673	3820321	1	3	
6374676	3820322	1	13	
6394799	3830255	1	18	
6394801	3763525	1	14	
6394802	3830256	1	13	
6394803	3830257	1	13	
6394804	3830258	1	13	
6394805	3830259	1	13	
6394806	3830259	2	2	
6394807	3796593	1	10	
6410129	3838877	1	20	
6394809	3830261	1	13	
6394810	3830262	1	3	
6394811	3830262	2	10	
6394812	3830263	1	13	
6394813	3830264	1	13	
6394814	3830264	2	13	
6394815	3830265	1	13	
6394816	3830265	2	13	
6394817	3830266	1	13	
6394818	3830266	2	13	
6394819	3830267	1	13	
6410130	3838878	1	12	
6394821	3830269	1	13	
6394822	3830270	1	13	
6394823	3830271	1	13	
6394824	3830272	1	13	
6394825	3830273	1	13	
6394826	3830274	1	13	
6394827	3830275	1	13	
6394828	3830275	2	18	
6394829	3830276	1	13	
6394830	3830277	1	13	
6394831	3830278	1	13	
6394832	3830279	1	13	
6422450	3845998	1	13	
6394834	3830281	1	13	
6394835	3830282	1	13	
6394836	3830283	1	13	
6394837	3830284	1	13	
6394838	3830285	1	13	
6394839	3830286	1	13	
6394840	3830287	1	13	
6394841	3830288	1	18	
6394842	3830288	2	3	
6394843	3830289	1	13	
6394844	3830290	1	13	
6394845	3830291	1	13	
6394846	3830292	1	13	
6394847	3830293	1	13	
6394848	3830294	1	13	
6394849	3830295	1	1	
6394850	3830295	2	1	
6394851	3830295	3	18	
6394852	3830295	4	14	
6394853	3830296	1	6	
6394854	3830297	1	13	
6410128	3838876	1	13	
6410131	3838879	1	3	
6422448	3845996	1	13	
6422449	3845997	1	13	
6422451	3845999	1	13	
6422452	3846000	1	13	
6422453	3846001	1	13	
6422454	3846002	1	13	
6422455	3846003	1	13	
6422456	3846004	1	14	
6422457	3846005	1	1	
6422458	3846005	2	18	
6422459	3846005	3	98	DITCH
6422460	3846006	1	13	
6422461	3846007	1	18	
6422462	3846007	2	18	
6422463	3846008	1	13	
6422464	3846008	2	14	
6422465	3846009	1	13	
6422466	3846010	1	13	
6422467	3846011	1	13	
6422468	3846012	1	13	
6422469	3846013	1	13	
6422470	3846013	2	13	
6422471	3846013	3	13	
6422472	3846014	1	13	
6422473	3846015	1	13	
6422474	3846016	1	13	
6422475	3846017	1	9	
6422476	3846018	1	13	
6410189	3838896	1	13	
6410190	3722373	1	13	
6410191	3730052	1	1	
6410192	3730052	2	18	
6410193	3730052	3	18	
6410194	3760879	1	13	
6410195	3763260	1	1	
6410196	3763260	2	18	
6410197	3777898	1	13	
6410198	3786289	1	13	
6410199	3791418	1	13	
6410200	3791418	2	12	
6410201	3799280	1	13	
6410202	3799315	1	13	
6410203	3802729	1	14	
6410204	3802744	1	13	
6410205	3811346	1	13	
6410206	3814227	1	13	
6410207	3822626	1	1	
6410208	3822626	2	18	
6422477	3846019	1	13	
6410210	3838898	1	21	
6422478	3846019	2	13	
6410212	3838900	1	13	
6422479	3846020	1	18	
6410215	3838903	1	13	
6410216	3838904	1	13	
6422481	3846022	1	13	
6410218	3838906	1	13	
6422482	3846022	2	14	
6410220	3838908	1	13	
6410222	3838910	1	1	
6410223	3838910	2	18	
6410224	3838911	1	13	
6422485	3837185	1	13	
6410227	3838913	1	13	
6410228	3838914	1	13	
6422486	3824938	1	13	
6422487	3806302	1	13	
6422488	3846023	1	20	
6422489	3846024	1	13	
6422490	3846025	1	13	
6422491	3846026	1	13	
6422492	3846027	1	13	
6422493	3846028	1	13	
6422494	3846029	1	13	
6422495	3846030	1	18	
6422496	3846031	1	14	
6422497	3846032	1	13	
6410241	3838922	1	12	
6422498	3846033	1	13	
6422499	3846034	1	13	
6422500	3846035	1	13	
6422501	3846036	1	13	
6422502	3846037	1	13	
6422503	3846038	1	13	
6410248	3838927	1	13	
6410249	3838928	1	13	
6422504	3846039	1	13	
6410251	3838930	1	13	
6422505	3846040	1	13	
6422506	3846041	1	13	
6422507	3846042	1	13	
6422508	3846043	1	13	
6410256	3838932	1	13	
6422509	3846044	1	13	
6410258	3838934	1	1	
6410259	3838934	2	18	
6410260	3838934	3	18	
6422510	3846045	1	13	
6410262	3838936	1	13	
6410263	3838937	1	13	
6410264	3838938	1	13	
6422511	3846046	1	13	
6422512	3846047	1	13	
6410267	3838941	1	13	
6410268	3838942	1	13	
6410269	3838943	1	13	
6410270	3838944	1	13	
6422513	3846048	1	18	
6410272	3838946	1	1	
6410273	3838946	2	18	
6410274	3838946	3	3	
6422514	3846048	2	13	
6422515	3846049	1	13	
6422516	3846050	1	13	
6422517	3846051	1	13	
6422518	3846052	1	13	
6422519	3846053	1	13	
6422520	3846054	1	17	
6410282	3838950	1	14	
6422521	3846055	1	18	
6422522	3846056	1	18	
6422523	3846057	1	18	
6422524	3846058	1	13	
6422525	3846059	1	13	
6422526	3846060	1	13	
6422527	3846061	1	13	
6422528	3846062	1	14	
6410291	3838954	1	13	
6410292	3838955	1	1	
6410293	3838955	2	1	
6410294	3838955	3	18	
6410295	3838955	4	18	
6410296	3838956	1	13	
6410297	3838956	2	8	
6410298	3838956	3	1	
6410299	3838956	4	18	
6410300	3838957	1	13	
6422529	3846063	1	13	
6422530	3846064	1	13	
6422531	3846065	1	3	
6422532	3846066	1	1	
6422533	3846066	2	18	
6422534	3846067	1	13	
6422535	3846068	1	13	
6422536	3846069	1	13	
6410309	3838961	1	13	
6410310	3838962	1	13	
6422537	3846070	1	13	
6410312	3838964	1	13	
6410313	3838965	1	14	
6410314	3838966	1	13	
6410315	3838967	1	13	
6410316	3838968	1	13	
6410317	3838969	1	13	
6410318	3838969	2	13	
6410319	3838970	1	1	
6410320	3838970	2	18	
6410321	3838970	3	1	
6410322	3838970	4	18	
6410323	3838971	1	13	
6410324	3838972	1	13	
6410325	3838973	1	13	
6410326	3838974	1	13	
6410327	3838974	2	3	
6410328	3838975	1	1	
6410329	3838975	2	2	
6410330	3838976	1	13	
6410331	3838977	1	13	
6410332	3838978	1	13	
6410333	3838979	1	13	
6410334	3838980	1	13	
6410335	3838981	1	13	
6410336	3838982	1	1	
6410337	3838982	2	18	
6410338	3838982	3	1	
6410339	3838983	1	1	
6410340	3838983	2	18	
6410341	3838983	3	18	
6410342	3838984	1	13	
6410343	3838985	1	13	
6410344	3838986	1	13	
6410346	3821372	1	13	
6410347	3838987	1	13	
6410348	3838988	1	13	
6410349	3838989	1	13	
6410350	3838990	1	13	
6410351	3838991	1	13	
6410352	3838992	1	13	
6410353	3838993	1	13	
6410354	3838994	1	13	
6410355	3838995	1	18	
6410356	3838996	1	13	
6410357	3838997	1	13	
6410358	3838998	1	13	
6410359	3838999	1	13	
6410360	3839000	1	9	
6410361	3839001	1	1	
6410362	3839001	2	98	DITCH
6410363	3839002	1	13	
6410364	3839002	2	13	
6410365	3839003	1	13	
6410366	3839004	1	13	
6410367	3839005	1	9	
6410368	3839005	2	1	
6410369	3839005	3	3	
6410370	3839006	1	13	
6410371	3839007	1	13	
6410372	3839008	1	13	
6410373	3839009	1	13	
6410374	3839010	1	98	OTHER - EXPLAIN IN NARRATIVE
6410375	3839011	1	13	
6410376	3839012	1	13	
6410377	3839013	1	13	
6410378	3839014	1	13	
6410379	3839014	2	13	
6410380	3839015	1	13	
6410381	3839016	1	13	
6410382	3839017	1	13	
6410383	3839018	1	13	
6410384	3839019	1	13	
6410385	3839020	1	13	
6410386	3839021	1	18	
6410387	3839022	1	5	
6240003	3731068	1	8	
6240004	3731068	2	3	
6240007	3736851	1	13	
6240008	3736852	1	8	
6240009	3736852	2	18	
6240010	3736853	1	13	
6240011	3736853	2	15	
6240012	3736854	1	13	
6240013	3736855	1	13	
6240014	3736856	1	13	
6240015	3736857	1	13	
6240016	3736858	1	10	
6240017	3736859	1	2	
6240018	3736859	2	1	
6240019	3736859	3	18	
6240020	3736859	4	3	
6240021	3736860	1	13	
6240022	3736861	1	13	
6240023	3736862	1	13	
6240024	3736862	2	13	
6240025	3736863	1	13	
6240026	3736863	2	13	
6240028	3736865	1	13	
6240029	3736866	1	13	
6240030	3736866	2	5	
6240031	3736867	1	13	
6240033	3736869	1	13	
6240034	3736870	1	1	
6240035	3736871	1	13	
6240036	3736872	1	13	
6240037	3736873	1	13	
6240038	3736874	1	13	
6240039	3736875	1	13	
6240040	3736876	1	13	
6240041	3736876	2	13	
6240042	3736877	1	3	
6240043	3736878	1	13	
6240044	3736879	1	13	
6240045	3736880	1	13	
6240046	3736880	2	13	
6240047	3736881	1	13	
6240048	3736881	2	13	
6240049	3736882	1	13	
6240050	3736883	1	13	
6240051	3736884	1	98	Left Turn
6240052	3736884	2	13	
6240053	3736885	1	2	
6240054	3736885	2	18	
6240055	3736886	1	13	
6240060	3736891	1	13	
6240061	3736892	1	13	
6240062	3736893	1	13	
6240063	3736894	1	1	
6240064	3736894	2	18	
6240065	3736895	1	13	
6240067	3736897	1	13	
6240068	3736898	1	13	
6240069	3736899	1	13	
6240070	3736900	1	13	
6240071	3736901	1	13	
6240072	3736901	2	1	
6240073	3736901	3	3	
6240074	3736901	4	98	Unknown
6240075	3736902	1	13	
6240076	3736903	1	13	
6240077	3736904	1	13	
6240078	3736905	1	20	
6240079	3736906	1	13	
6240080	3736907	1	13	
6240081	3736907	2	2	
6240082	3736907	3	1	
6240083	3736908	1	14	
6240084	3736909	1	13	
6240085	3736910	1	2	
6240086	3736910	2	1	
6240087	3736910	3	18	
6240090	3736912	1	13	
6240091	3736913	1	13	
6240092	3736914	1	13	
6240093	3736915	1	13	
6240094	3736916	1	13	
6240095	3736917	1	13	
6240096	3736918	1	13	
6240097	3736918	2	13	
6240098	3736919	1	13	
6240099	3736920	1	13	
6240100	3736920	2	13	
6240101	3736921	1	13	
6240102	3736922	1	13	
6240103	3736923	1	13	
6240104	3736924	1	98	Right Turn
6240105	3736924	2	13	
6240106	3736925	1	18	
6240108	3736927	1	12	
6240109	3736928	1	13	
6240110	3736929	1	4	
6240111	3736929	2	1	
6240112	3736929	3	3	
6240115	3736932	1	13	
6240116	3736933	1	13	
6240117	3736934	1	13	
6240118	3736935	1	13	
6240119	3736936	1	3	
6240120	3736937	1	2	
6240121	3736937	2	18	
6240122	3736938	1	13	
6240123	3736938	2	5	
6240124	3736939	1	13	
6240125	3736940	1	13	
6240126	3736940	2	1	
6240127	3736941	1	13	
6240128	3736941	2	1	
6240129	3736942	1	13	
6240130	3736943	1	18	
6240131	3736944	1	13	
6240132	3736945	1	13	
6240133	3736946	1	13	
6240134	3736947	1	13	
6240135	3736948	1	13	
6240136	3736949	1	13	
6240137	3736950	1	13	
6240138	3736951	1	13	
6240139	3736952	1	13	
6240140	3736953	1	13	
6240141	3736954	1	12	
6240142	3736955	1	13	
6240143	3736955	2	18	
6240144	3736956	1	13	
6240145	3736956	2	98	Left Turn
6240146	3736957	1	14	
6240147	3736958	1	13	
6240148	3736959	1	1	
6240149	3736959	2	3	
6240150	3736959	3	18	
6240151	3736960	1	13	
6240152	3736960	2	13	
6240153	3736961	1	13	
6240154	3736962	1	13	
6240155	3736963	1	13	
6240156	3736964	1	2	
6240157	3736964	2	18	
6240158	3736965	1	13	
6240159	3736966	1	13	
6240160	3736967	1	13	
6240161	3736968	1	13	
6240164	3736971	1	13	
6240170	3736975	1	13	
6240171	3736976	1	13	
6240175	3736978	1	13	
6240176	3736979	1	8	
6240177	3736979	2	3	
6240178	3736980	1	8	
6240179	3736980	2	1	
6240180	3736980	3	3	
6240181	3736980	4	5	
6240215	3737003	1	13	
6240216	3737004	1	13	
6240217	3737005	1	6	
6240218	3737006	1	13	
6240219	3737007	1	13	
6240220	3737007	2	3	
6240221	3737008	1	13	
6240222	3737009	1	18	
6240223	3737009	2	18	
6240224	3737009	3	3	
6240225	3737010	1	13	
6240226	3737011	1	13	
6240227	3737012	1	3	
6240228	3737012	2	18	
6240229	3737012	3	18	
6240231	3737014	1	13	
6240232	3737015	1	13	
6240233	3737016	1	13	
6240234	3737016	2	13	
6240235	3737017	1	13	
6240236	3737018	1	18	
6240237	3737018	2	18	
6240238	3737019	1	13	
6240239	3737020	1	13	
6240240	3737021	1	13	
6240244	3737023	1	18	
6240245	3737024	1	13	
6240246	3737025	1	6	
6240247	3737026	1	13	
6240248	3737027	1	18	
6240249	3737027	2	13	
6240250	3737028	1	13	
6240251	3737029	1	13	
6240252	3737030	1	3	
6240253	3737030	2	18	
6240254	3737031	1	13	
6423164	3846387	2	98	RAN_OFF_ROAD_LEFT
6423165	3846387	3	3	
6423166	3846388	1	98	RAN_OFF_ROAD_LEFT
6423167	3846388	2	18	
6423168	3846389	1	13	
6423169	3846390	1	14	
6423170	3846391	1	13	
6423171	3846392	1	13	
6423172	3846393	1	13	
6423173	3846394	1	13	
6423174	3846395	1	13	
6423175	3846396	1	13	
6423176	3846396	2	18	
6423177	3846397	1	1	
6423178	3846397	2	18	
6423179	3846398	1	13	
6423180	3846399	1	18	
6423181	3846400	1	13	
6423182	3846401	1	13	
6423183	3846402	1	1	
6423184	3846402	2	18	
6423185	3846402	3	3	
6423186	3846403	1	8	
6423187	3846403	2	8	
6423188	3846403	3	13	
6423189	3846403	4	10	
6423190	3846404	1	3	
6423191	3846404	2	1	
6423192	3846405	1	18	
6423193	3846405	2	5	
6423194	3846406	1	13	
6423195	3846407	1	13	
6423196	3846408	1	13	
6423197	3846409	1	13	
6423198	3846410	1	8	
6423199	3846410	2	13	
6423200	3846411	1	13	
6423201	3846412	1	13	
6423202	3846413	1	18	
6423203	3846414	1	13	
6423204	3846415	1	1	
6423205	3846415	2	18	
6423206	3846415	3	18	
6423207	3846415	4	18	
6423208	3846416	1	13	
6423209	3846417	1	13	
6423210	3846418	1	13	
6423211	3846419	1	13	
6423212	3846420	1	13	
6423213	3846421	1	13	
6423214	3846422	1	13	
6423215	3846422	2	13	
6423216	3846422	3	13	
6423217	3846422	4	13	
6423218	3846423	1	13	
6423219	3846423	2	13	
6423220	3846424	1	1	
6423221	3846424	2	18	
6423222	3846425	1	18	
6423223	3846425	2	1	
6423224	3846425	3	8	
6423225	3846425	4	18	
6423226	3846426	1	1	
6423227	3846426	2	3	
6423228	3846427	1	3	
6423229	3846427	2	8	
6423230	3846427	3	18	
6423231	3846428	1	1	
6423232	3846428	2	18	
6423233	3846429	1	14	
6423234	3846430	1	13	
6423235	3846431	1	13	
6423236	3846432	1	98	Angle
6423237	3846433	1	13	
6423238	3846434	1	13	
6423239	3846435	1	13	
6423240	3846436	1	15	
6423241	3846437	1	1	
6423242	3846437	2	3	
6423243	3846438	1	98	Loss of Control
6423244	3846438	2	3	
6423245	3846438	3	5	
6423246	3846438	4	2	
6423247	3846439	1	5	
6423248	3846439	2	13	
6423249	3846440	1	13	
6423250	3846441	1	1	
6423251	3846441	2	3	
6423252	3846442	1	3	
6423253	3846443	1	98	Loss of Control
6423254	3846443	2	1	
6423255	3846443	3	3	
6423256	3846444	1	98	Angle
6423257	3846445	1	16	
6423258	3834611	1	13	
6423259	3846446	1	13	
6423260	3846446	2	8	
6423261	3846446	3	2	
6423262	3846446	4	18	
6423263	3825379	1	13	
6423264	3834616	1	13	
6423266	3835923	1	9	
6423267	3835923	2	13	
6423268	3835923	3	1	
6423269	3835923	4	18	
6423270	3838341	1	1	
6423271	3838341	2	3	
6423272	3836874	1	13	
6423273	3846448	1	17	
6423274	3846449	1	13	
6423275	3846450	1	17	
6423276	3846451	1	17	
6423277	3846452	1	13	
6423278	3846453	1	13	
6423279	3846454	1	13	
6423280	3846455	1	1	
6423281	3846455	2	13	
6423282	3846455	3	18	
6423283	3846456	1	2	
6423284	3846456	2	1	
6423285	3846456	3	18	
6423286	3846457	1	13	
6423287	3846458	1	13	
6423288	3846521	1	12	
6423289	3846522	1	13	
6423290	3846523	1	13	
6423291	3846524	1	13	
6423292	3846525	1	13	
6423293	3846526	1	14	
6423294	3846527	1	13	
6423295	3846528	1	13	
6423296	3846529	1	13	
6423297	3846530	1	13	
6423298	3846531	1	13	
6423299	3846532	1	13	
6423300	3846533	1	16	
6423301	3846534	1	13	
6423302	3846535	1	13	
6423303	3846536	1	13	
6423304	3846537	1	13	
6423305	3846538	1	13	
6423306	3846539	1	13	
6423307	3846540	1	14	
6423308	3846541	1	13	
6423309	3846542	1	13	
6423310	3846543	1	13	
6423311	3846544	1	13	
6423312	3846545	1	13	
6423313	3846546	1	13	
6423314	3846547	1	13	
6423315	3846548	1	13	
6423316	3846549	1	13	
6423317	3846550	1	13	
6423318	3846551	1	13	
6423319	3846552	1	13	
6423320	3846553	1	13	
6423321	3846554	1	13	
6423322	3846555	1	13	
6423323	3846556	1	13	
6423324	3832076	1	13	
6423325	3846557	1	13	
6423326	3846558	1	13	
6423327	3846559	1	13	
6423328	3846560	1	13	
6423329	3846561	1	13	
6423330	3846562	1	13	
6423331	3846563	1	13	
6423332	3846564	1	1	
6423333	3846564	2	13	
6423334	3846564	3	18	
6423335	3846564	4	13	
6423336	3846565	1	13	
6423337	3846566	1	13	
6423338	3846567	1	13	
6423339	3846568	1	13	
6423340	3846569	1	13	
6423341	3846570	1	13	
6423342	3846571	1	13	
6423343	3846572	1	13	
6423344	3846573	1	13	
6423345	3846574	1	12	
6423346	3846575	1	13	
6423347	3846575	2	13	
6423348	3846576	1	13	
6423349	3846577	1	13	
6423350	3846578	1	13	
6423351	3846579	1	13	
6423352	3846580	1	10	
6423353	3846580	2	98	
6423354	3846581	1	13	
6423355	3846582	1	13	
6423356	3846583	1	14	
6423357	3846584	1	13	
6423358	3846585	1	13	
6423359	3846586	1	7	
6423360	3846586	2	5	
6423361	3846586	3	3	
6423362	3846587	1	13	
6423363	3846588	1	13	
6423364	3846589	1	18	
6423365	3846589	2	3	
6423366	3846590	1	13	
6423367	3846591	1	13	
6423368	3846592	1	13	
6423369	3846593	1	13	
6423370	3846594	1	13	
6423371	3846595	1	13	
6423372	3846595	2	18	
6423373	3846595	3	18	
6423374	3846596	1	13	
6423375	3846597	1	13	
6423376	3846598	1	13	
6413495	3834582	1	98	EQUIPMENT_FAILURE_TIRES_BRAKES
6373091	3819417	1	1	
6373092	3819417	2	18	
6373093	3819417	3	3	
6373105	3819421	1	13	
6373106	3819421	2	1	
6373107	3819421	3	18	
6373108	3819421	4	18	
6373169	3819440	1	1	
6373170	3819440	2	18	
6373171	3819440	3	18	
6373175	3819442	1	1	
6373176	3819442	2	18	
6373177	3819442	3	18	
6373178	3819442	4	3	
6373216	3819454	1	13	
6373217	3819455	1	13	
6373218	3819456	1	3	
6373219	3819457	1	13	
6373220	3819458	1	13	
6373221	3819459	1	13	
6373222	3819460	1	1	
6373223	3819460	2	3	
6373224	3819461	1	13	
6373225	3819462	1	13	
6373226	3819463	1	13	
6373227	3819464	1	13	
6373228	3819465	1	13	
6373229	3819466	1	13	
6373230	3819467	1	13	
6373231	3812953	1	98	STRUCK_BY_FALLING_SHIFTING_CARGO_OR_OBJECT
6373232	3819468	1	98	EQUIPMENT_FAILURE_TIRES_BRAKES
6373233	3819468	2	98	RAN_OFF_ROAD_RIGHT
6373234	3819468	3	18	
6373235	3819468	4	18	
6373236	3819469	1	13	
6373237	3819470	1	13	
6373238	3819471	1	13	
6373239	3819472	1	98	RAN_OFF_ROAD_RIGHT
6373240	3819472	2	98	RAN_OFF_ROAD_LEFT
6373241	3819472	3	3	
6373242	3819473	1	13	
6373243	3819474	1	13	
6373244	3819474	2	18	
6373245	3819474	3	3	
6373246	3819475	1	3	
6373247	3819475	2	18	
6373248	3819475	3	18	
6373249	3819476	1	17	
6373250	3819477	1	13	
6373254	3819479	1	13	
6373255	3819480	1	13	
6373256	3769247	1	13	
6373259	3819483	1	13	
6373260	3785483	1	13	
6373261	3819486	1	13	
6373262	3819487	1	3	
6373263	3819488	1	13	
6373264	3819488	2	1	
6373265	3819489	1	13	
6373266	3819490	1	13	
6373267	3819491	1	13	
6373268	3819492	1	1	
6373269	3819492	2	3	
6373270	3819492	3	5	
6373271	3819493	1	8	
6373272	3819493	2	13	
6373273	3819494	1	13	
6373274	3819495	1	13	
6373276	3819497	1	13	
6373277	3819498	1	1	
6373278	3819498	2	1	
6373279	3819498	3	3	
6373280	3819499	1	13	
6373281	3819500	1	13	
6373282	3819501	1	13	
6373283	3819502	1	13	
6373286	3806685	1	13	
6373287	3770600	1	13	
6373288	3813566	1	1	
6373289	3813566	2	3	
6373290	3813567	1	13	
6373291	3722534	1	8	
6373292	3722534	2	3	
6373293	3819503	1	13	
6373294	3806688	1	13	
6373295	3806690	1	1	
6373296	3806690	2	3	
6373297	3813575	1	13	
6373298	3819504	1	13	
6373301	3817010	1	1	
6373302	3817010	2	18	
6373304	3814937	1	13	
6373306	3819511	1	12	
6373307	3819512	1	13	
6373308	3819512	2	13	
6373309	3819512	3	13	
6373310	3819512	4	13	
6373311	3819513	1	13	
6373312	3819514	1	13	
6373313	3819515	1	13	
6373314	3819515	2	1	
6373315	3819515	3	3	
6373316	3819516	1	13	
6373317	3819517	1	1	
6373318	3819517	2	8	
6373319	3819517	3	1	
6373320	3819517	4	3	
6373321	3819518	1	17	
6373322	3819519	1	13	
6373323	3819520	1	3	
6373324	3819520	2	1	
6373325	3819520	3	5	
6351257	3806232	1	13	
6351258	3806233	1	13	
6351259	3806234	1	20	
6351260	3806235	1	13	
6351261	3806236	1	17	
6351262	3759820	1	13	
6351263	3768110	1	13	
6351265	3806237	1	13	
6351266	3806238	1	13	
6351267	3806239	1	13	
6351268	3803239	1	13	
6351269	3806240	1	13	
6351270	3806241	1	13	
6351271	3806242	1	18	
6351272	3806243	1	13	
6351273	3806244	1	13	
6351274	3806245	1	13	
6351275	3806246	1	13	
6351276	3806247	1	13	
6351277	3806248	1	13	
6351278	3806249	1	13	
6351279	3806250	1	13	
6351280	3806251	1	13	
6351281	3806252	1	6	
6351282	3806253	1	13	
6351283	3806254	1	13	
6351284	3806255	1	13	
6351285	3806256	1	13	
6351286	3806257	1	13	
6351287	3806258	1	13	
6351288	3806259	1	13	
6351289	3806260	1	13	
6351290	3806261	1	13	
6351291	3806262	1	14	
6351292	3806263	1	13	
6351293	3806264	1	13	
6351294	3806265	1	13	
6351295	3806266	1	13	
6351296	3806267	1	13	
6351297	3806268	1	13	
6351298	3806269	1	12	
6351299	3806270	1	12	
6351301	3806272	1	13	
6351302	3806273	1	13	
6351303	3806274	1	13	
6351304	3806275	1	13	
6351305	3806276	1	13	
6351306	3806277	1	13	
6351307	3806278	1	13	
6351308	3806279	1	13	
6351309	3806280	1	14	
6351310	3806282	1	13	
6351311	3806283	1	13	
6351312	3806284	1	13	
6351313	3806285	1	13	
6351314	3806286	1	13	
6351315	3806287	1	13	
6351317	3806289	1	13	
6351318	3806290	1	13	
6351319	3806291	1	13	
6351320	3806292	1	13	
6351321	3806293	1	13	
6351322	3806294	1	13	
6351323	3806295	1	13	
6351324	3806296	1	13	
6351325	3806297	1	13	
6351326	3806298	1	13	
6351327	3806299	1	13	
6351328	3806300	1	13	
6351329	3806301	1	13	
6351331	3806303	1	14	
6351332	3806304	1	13	
6351333	3806305	1	13	
6351334	3806306	1	13	
6351335	3806307	1	7	
6351336	3806307	2	13	
6351337	3806308	1	13	
6351338	3806309	1	13	
6351340	3806311	1	13	
6351341	3806312	1	13	
6351342	3806313	1	13	
6351343	3806314	1	13	
